,B,Length
0,ba,2
1,baa,3
2,baas,4
3,baaing,6
4,baalim,6
5,baal,4
6,baalism,7
7,baalist,7
8,baalite,7
9,baba,4
10,babbitt,7
11,babbled,7
12,babbling,8
13,babble,6
14,babblement,10
15,babbler,7
16,babblery,8
17,babe,4
18,babehood,8
19,babel,5
20,babery,6
21,babian,6
22,babion,6
23,babillard,9
24,babingtonite,12
25,babiroussa,10
26,babirussa,9
27,babish,6
28,babism,6
29,babist,6
30,bablah,6
31,baboo,5
32,babu,4
33,baboon,6
34,baboonery,9
35,baboonish,9
36,babies,6
37,baby,4
38,babied,6
39,babying,7
40,babyhood,8
41,babyhouse,9
42,babyish,7
43,babyism,7
44,babylonian,10
45,babylonic,9
46,babylonical,11
47,babylonish,10
48,babyroussa,10
49,babyrussa,9
50,babyship,8
51,bac,3
52,baccalaureate,13
53,baccara,7
54,baccarat,8
55,baccare,7
56,backare,7
57,baccate,7
58,baccated,8
59,bacchanal,9
60,bacchanalia,11
61,bacchanalian,12
62,bacchanalianism,15
63,bacchants,9
64,bacchantes,10
65,bacchant,8
66,bacchante,9
67,bacchantic,10
68,bacchic,7
69,bacchical,9
70,bacchii,7
71,bacchius,8
72,bacchus,7
73,bacciferous,11
74,bacciform,9
75,baccivorous,11
76,bace,4
77,bacharach,9
78,backarack,9
79,bachelor,8
80,bachelordom,11
81,bachelorhood,12
82,bachelorism,11
83,bachelorship,12
84,bachelry,8
85,bacillar,8
86,bacillariae,11
87,bacillary,9
88,bacilliform,11
89,bacilli,7
90,bacillus,8
91,back,4
92,backed,6
93,backing,7
94,backband,8
95,backbite,8
96,backbiter,9
97,backbiting,10
98,backboard,9
99,backbond,8
100,backbone,8
101,backboned,9
102,backcast,8
103,backdoor,8
104,backdown,8
105,backer,6
106,backfall,8
107,backfriend,10
108,backgammon,10
109,background,10
110,backhand,8
111,backhanded,10
112,backhandedness,14
113,backhander,10
114,backhouse,9
115,backjoint,9
116,backlash,8
117,backless,8
118,backlog,7
119,backpiece,9
120,backplate,9
121,backrack,8
122,backrag,7
123,backs,5
124,backsaw,7
125,backset,7
126,backsettler,11
127,backsheesh,10
128,backshish,9
129,backside,8
130,backsight,9
131,backslid,8
132,backslidden,11
133,backsliding,11
134,backslide,9
135,backslider,10
136,backstaff,9
137,backstairs,10
138,backstair,9
139,backstay,8
140,backster,8
141,backstitch,10
142,backstress,10
143,backsword,9
144,backward,8
145,backwards,9
146,backwardation,13
147,backwardly,10
148,backwardness,12
149,backwash,8
150,backwater,9
151,backwoods,9
152,backwoodsmen,12
153,backwoodsman,12
154,backworm,8
155,bacon,5
156,baconian,8
157,bacteria,8
158,bacterial,9
159,bactericidal,12
160,bactericide,11
161,bacteriological,15
162,bacteriologist,14
163,bacteriology,12
164,bacterioscopic,14
165,bacterioscopist,15
166,bacterioscopy,13
167,bacterium,9
168,bacteroid,9
169,bacteroidal,11
170,bactrian,8
171,bacule,6
172,baculine,8
173,baculite,8
174,baculometry,11
175,bad,3
176,badder,6
177,badderlocks,11
178,baddish,7
179,bade,4
180,badge,5
181,badgeless,9
182,badger,6
183,badgered,8
184,badgering,9
185,badgerer,8
186,badiaga,7
187,badian,6
188,badigeon,8
189,badinage,8
190,badly,5
191,badminton,9
192,badness,7
193,baenomere,9
194,baenopod,8
195,baenosome,9
196,baff,4
197,baffled,7
198,baffling,8
199,baffle,6
200,bafflement,10
201,baffler,7
202,baft,4
203,bafta,5
204,bag,3
205,bagged,6
206,bagging,7
207,bagasse,7
208,bagatelle,9
209,baggage,7
210,baggager,8
211,baggala,7
212,baggily,7
213,baggy,5
214,bagmen,6
215,bagman,6
216,bagnio,6
217,bagpipe,7
218,bagpiper,8
219,bagreef,7
220,bague,5
221,baguet,6
222,baguette,8
223,bagwig,6
224,bagworm,7
225,bah,3
226,bahar,5
227,baigne,6
228,bail,4
229,bailed,6
230,bailing,7
231,bailable,8
232,bailee,6
233,bailer,6
234,bailey,6
235,bailie,6
236,bailiff,7
237,bailiffwick,11
238,bailiwick,9
239,baillie,7
240,bailment,8
241,bailor,6
242,bailpiece,9
243,bain,4
244,bairam,6
245,bairn,5
246,baisemains,10
247,bait,4
248,baited,6
249,baiting,7
250,baiter,6
251,baize,5
252,bajocco,7
253,baked,5
254,baking,6
255,bake,4
256,bakehouse,9
257,bakemeat,8
258,baken,5
259,baker,5
260,bakery,6
261,bakingly,8
262,bakistre,8
263,baksheesh,9
264,bakshish,8
265,balaam,6
266,balachong,9
267,balaenoidea,11
268,balance,7
269,balanced,8
270,balancing,9
271,balanceable,11
272,balancement,11
273,balancer,8
274,balancereef,11
275,balaniferous,12
276,balanite,8
277,balanoglossus,13
278,balanoid,8
279,balaustine,10
280,balbutiate,10
281,balbucinate,11
282,balbuties,9
283,balcon,6
284,balconied,9
285,balconies,9
286,balcony,7
287,bald,4
288,baldachin,9
289,balder,6
290,balderdash,10
291,baldhead,8
292,baldheaded,10
293,baldly,6
294,baldness,8
295,baldpate,8
296,baldpated,9
297,baldrib,7
298,baldric,7
299,baldwin,7
300,bale,4
301,baled,5
302,baling,6
303,balearic,8
304,baleen,6
305,balefire,8
306,baleful,7
307,balefully,9
308,balefulness,11
309,balisaur,8
310,balister,8
311,balistoid,9
312,balistraria,11
313,balize,6
314,balk,4
315,balked,6
316,balking,7
317,balker,6
318,balkingly,9
319,balkish,7
320,balky,5
321,ball,4
322,balled,6
323,balling,7
324,ballad,6
325,ballade,7
326,ballader,8
327,balladry,8
328,ballahoo,8
329,ballahou,8
330,ballarag,8
331,ballast,7
332,ballasted,9
333,ballasting,10
334,ballastage,10
335,ballatry,8
336,ballet,6
337,ballist/,8
338,ballista,8
339,ballister,9
340,ballistic,9
341,ballistics,10
342,ballium,7
343,balloon,7
344,ballooned,9
345,ballooner,9
346,ballooning,10
347,balloonist,10
348,balloonry,9
349,ballot,6
350,balloted,8
351,balloting,9
352,ballotade,9
353,ballotation,11
354,balloter,8
355,ballotin,8
356,ballow,6
357,ballproof,9
358,ballroom,8
359,balm,4
360,balmify,7
361,balmily,7
362,balmoral,8
363,balmy,5
364,balneal,7
365,balneary,8
366,balneation,10
367,balneatory,10
368,balneography,12
369,balneology,10
370,balneotherapy,13
371,balotade,8
372,balsa,5
373,balsam,6
374,balsamation,11
375,balsamic,8
376,balsamical,10
377,balsamiferous,13
378,balsamine,9
379,balsamous,9
380,balter,6
381,baltic,6
382,baluster,8
383,balustered,10
384,balustrade,10
385,bam,3
386,bambino,7
387,bambocciade,11
388,bamboo,6
389,bamboozled,10
390,bamboozling,11
391,bamboozle,9
392,bamboozler,10
393,ban,3
394,banned,6
395,banning,7
396,banal,5
397,banalities,10
398,banality,8
399,banana,6
400,banat,5
401,banc,4
402,bancus,6
403,bank,4
404,banco,5
405,band,4
406,banded,6
407,banding,7
408,bandage,7
409,bandaged,8
410,bandaging,9
411,bandala,7
412,bandanna,8
413,bandana,7
414,bandbox,7
415,bandeaux,8
416,bandeau,7
417,bandelet,8
418,bandlet,7
419,bander,6
420,banderole,9
421,bandrol,7
422,bandicoot,9
423,bandits,7
424,banditti,8
425,bandit,6
426,bandle,6
427,bandmaster,10
428,bandog,6
429,bandoleer,9
430,bandolier,9
431,bandoline,9
432,bandon,6
433,bandore,7
434,bandy,5
435,bandies,7
436,bandied,7
437,bandying,8
438,bane,4
439,baneberry,9
440,baneful,7
441,banewort,8
442,banged,6
443,banging,7
444,bang,4
445,bangue,6
446,bangle,6
447,banian,6
448,banished,8
449,banishing,9
450,banish,6
451,banisher,8
452,banishment,10
453,banister,8
454,banked,6
455,banking,7
456,bankable,8
457,banker,6
458,bankeress,9
459,bankrupt,8
460,bankrupted,10
461,bankrupting,11
462,bankruptcies,12
463,bankruptcy,10
464,bankside,8
465,banlieue,8
466,banner,6
467,bannered,8
468,banneret,8
469,bannerol,8
470,bannition,9
471,bannock,7
472,banns,5
473,banquet,7
474,banqueted,9
475,banqueting,10
476,banquetter,10
477,banquette,9
478,banshee,7
479,banshie,7
480,banstickle,10
481,bantam,6
482,banteng,7
483,bantered,8
484,bantering,9
485,banter,6
486,banterer,8
487,bantingism,10
488,bantling,8
489,banxring,8
490,banyan,6
491,baobab,6
492,baphomet,8
493,baptism,7
494,baptismal,9
495,baptismally,11
496,baptist,7
497,baptisteries,12
498,baptistery,10
499,baptistry,9
500,baptistic,9
501,baptistical,11
502,baptizable,10
503,baptization,11
504,baptized,8
505,baptizing,9
506,baptize,7
507,baptizement,11
508,baptizer,8
509,bar,3
510,barred,6
511,barring,7
512,barb,4
513,barbed,6
514,barbing,7
515,barbacan,8
516,barbacanage,11
517,barbadian,9
518,barbados,8
519,barbadoes,9
520,barbara,7
521,barbaresque,11
522,barbarian,9
523,barbaic,7
524,barbarism,9
525,barbarities,11
526,barbarity,9
527,barbarized,10
528,barbarizing,11
529,barbarize,9
530,barbarous,9
531,barbarously,11
532,barbarousness,13
533,barbary,7
534,barbastel,9
535,barbate,7
536,barbated,8
537,barbecue,8
538,barbecued,9
539,barbecuing,10
540,barbel,6
541,barbellate,10
542,barbellulate,12
543,barber,6
544,barbered,8
545,barbering,9
546,barbermonger,12
547,barberry,8
548,barbet,6
549,barbette,8
550,barbican,8
551,barbicanage,11
552,barbicel,8
553,barbiers,8
554,barbigerous,11
555,barbiton,8
556,barble,6
557,barbotine,9
558,barbre,6
559,barbule,7
560,barcarolle,10
561,barcon,6
562,bard,4
563,barde,5
564,barded,6
565,bardic,6
566,bardish,7
567,bardism,7
568,bardling,8
569,bardship,8
570,bare,4
571,bared,5
572,baring,6
573,bareback,8
574,barebacked,10
575,barebone,8
576,barefaced,9
577,barefacedly,11
578,barefacedness,13
579,barefoot,8
580,barefooted,10
581,barege,6
582,barehanded,10
583,bareheaded,10
584,barehead,8
585,barelegged,10
586,barely,6
587,barenecked,10
588,bareness,8
589,baresark,8
590,barfish,7
591,barful,6
592,bargain,7
593,bargained,9
594,bargaining,10
595,bargainee,9
596,bargainer,9
597,bargainor,9
598,barge,5
599,bargeboard,10
600,bargecourse,11
601,bargee,6
602,bargeman,8
603,bargemastter,12
604,barger,6
605,barghest,8
606,baria,5
607,baric,5
608,barilla,7
609,barillet,8
610,barite,6
611,baritone,8
612,barium,6
613,barked,6
614,barking,7
615,bark,4
616,barque,6
617,barkantine,10
618,barkbound,9
619,barkeeper,9
620,barken,6
621,barkentine,10
622,barker,6
623,barkery,7
624,barkless,8
625,barky,5
626,barley,6
627,barleybrake,11
628,barleybreak,11
629,barleycorn,10
630,barm,4
631,barmaid,7
632,barmaster,9
633,barmcloth,9
634,barmecidal,10
635,barmecide,9
636,barmote,7
637,barn,4
638,barnabite,9
639,barnacle,8
640,barnyard,8
641,barocco,7
642,barograph,9
643,baroko,6
644,barology,8
645,baromacrometer,14
646,barometer,9
647,barometric,10
648,barometrical,12
649,barometrically,14
650,barometrograph,14
651,barometry,9
652,barometz,8
653,baron,5
654,baronage,8
655,baroness,8
656,baronet,7
657,baronetage,10
658,baronetcy,9
659,baronial,8
660,baronies,8
661,barony,6
662,baroque,7
663,baroscope,9
664,baroscopic,10
665,baroscopical,12
666,barouche,8
667,barouchet,9
668,barpost,7
669,barracan,8
670,barrack,7
671,barraclade,10
672,barracoon,9
673,barracuda,9
674,barracouata,11
675,barrage,7
676,barranca,8
677,barras,6
678,barrator,8
679,barratrous,10
680,barratry,8
681,barrel,6
682,barreled,8
683,barrelled,9
684,barreling,9
685,barrelling,10
686,barren,6
687,barrenly,8
688,barrenness,10
689,barrenwort,10
690,barret,6
691,barricade,9
692,barricaded,10
693,barricading,11
694,barricader,10
695,barricado,9
696,barrier,7
697,barrigudo,9
698,barringout,10
699,barrister,9
700,barroom,7
701,barrow,6
702,barrowist,9
703,barrulet,8
704,barruly,7
705,barry,5
706,barse,5
707,bartender,9
708,bartered,8
709,bartering,9
710,barter,6
711,barterer,8
712,bartery,7
713,barth,5
714,bartizan,8
715,bartlett,8
716,barton,6
717,bartram,7
718,barway,6
719,barwise,7
720,barwood,7
721,barycentric,11
722,baryphony,9
723,baryta,6
724,barytes,7
725,barytic,7
726,barytone,8
727,barytum,7
728,basal,5
729,basalt,6
730,basaltic,8
731,basaltiform,11
732,basaltoid,9
733,basan,5
734,basanite,8
735,basbleu,7
736,bascinet,8
737,bascule,7
738,base,4
739,based,5
740,basing,6
741,baseball,8
742,baseboard,9
743,baseborn,8
744,baselard,8
745,baseless,8
746,basely,6
747,basement,8
748,baseness,8
749,basenet,7
750,bash,4
751,bashaw,6
752,bashful,7
753,bashfully,9
754,bashfulness,11
755,bashless,8
756,bashyle,7
757,basic,5
758,basicerite,10
759,basicity,8
760,basidiospore,12
761,basidium,8
762,basifier,8
763,basifugal,9
764,basify,6
765,basigynium,10
766,basihyal,8
767,basihyoid,9
768,basil,5
769,basiled,7
770,basiling,8
771,basilar,7
772,basilary,8
773,basilic,7
774,basilical,9
775,basilicas,9
776,basilic/,8
777,basilica,8
778,basilican,9
779,basilicok,9
780,basilicon,9
781,basilisk,8
782,basin,5
783,basined,7
784,basinet,7
785,basioccipital,13
786,basion,6
787,basipodite,10
788,basipterygium,13
789,basipterygoid,13
790,bases,5
791,basis,5
792,basisolute,10
793,basisphenoid,12
794,basisphenoidal,14
795,basked,6
796,basking,7
797,bask,4
798,basket,6
799,basketfuls,10
800,basketful,9
801,basketry,8
802,basnet,6
803,basommatophora,14
804,bason,5
805,basque,6
806,basquish,8
807,bass,4
808,basses,6
809,bassa,5
810,bassaw,6
811,basset,6
812,basseted,8
813,basseting,9
814,bassetto,8
815,bassinet,8
816,basso,5
817,bassock,7
818,bassoon,7
819,bassoonist,10
820,bassorin,8
821,basswood,8
822,bast,4
823,basta,5
824,bastard,7
825,bastardism,10
826,bastardized,11
827,bastardizing,12
828,bastardize,10
829,bastardly,9
830,bastardy,8
831,basted,6
832,basting,7
833,baste,5
834,bastinade,9
835,bastinadoes,11
836,bastinado,9
837,bastinadoing,12
838,bastion,7
839,bastioned,9
840,basto,5
841,baston,6
842,basyle,6
843,basylous,8
844,bat,3
845,batted,6
846,batting,7
847,batable,7
848,batailled,9
849,batardeau,9
850,batatas,7
851,batata,6
852,batavian,8
853,batch,5
854,bate,4
855,bated,5
856,bating,6
857,bateaux,7
858,bateau,6
859,bateful,7
860,bateless,8
861,batement,8
862,batfish,7
863,batfowler,9
864,batfowling,10
865,batful,6
866,baths,5
867,bath,4
868,bathed,6
869,bathing,7
870,bathe,5
871,bather,6
872,bathetic,8
873,bathmism,8
874,bathometer,10
875,bathorse,8
876,bathos,6
877,bathybius,9
878,bathymetric,11
879,bathymetrical,13
880,bathymetry,10
881,batiste,7
882,batlet,6
883,batman,6
884,batmen,6
885,batoidei,8
886,baton,5
887,batoon,6
888,batrachia,9
889,batrachian,10
890,batrachoid,10
891,batrachomyomachy,16
892,batrachophagous,15
893,batsmen,7
894,batsman,7
895,batwing,7
896,batta,5
897,battable,8
898,battailant,10
899,battailous,10
900,battalia,8
901,battalion,9
902,battel,6
903,batteler,8
904,battler,7
905,battened,8
906,battening,9
907,batten,6
908,battered,8
909,battering,9
910,batter,6
911,batterer,8
912,batteries,9
913,battery,7
914,battle,6
915,battled,7
916,battling,8
917,battledoor,10
918,battlement,10
919,battlemented,12
920,battologist,11
921,battologize,11
922,battology,9
923,batton,6
924,battue,6
925,batture,7
926,battuta,7
927,batty,5
928,batule,6
929,batzen,6
930,batz,4
931,baubee,6
932,bauble,6
933,baubling,8
934,baudekin,8
935,baudrick,8
936,bauk,4
937,baulk,5
938,baunscheidtism,14
939,bauxite,7
940,beauxite,8
941,bavarian,8
942,bavaroy,7
943,bavian,6
944,bavin,5
945,bawbee,6
946,bawble,6
947,bawbling,8
948,bawcock,7
949,bawd,4
950,bawdily,7
951,bawdiness,9
952,bawdrick,8
953,bawdry,6
954,bawdy,5
955,bawdyhouse,10
956,bawhorse,8
957,bawled,6
958,bawling,7
959,bawl,4
960,bawler,6
961,bawn,4
962,bawrel,6
963,bawsin,6
964,bawson,6
965,baxter,6
966,bay,3
967,bayed,5
968,baying,6
969,baya,4
970,bayad,5
971,bayatte,7
972,bayadere,8
973,bayard,6
974,bayardly,8
975,bayberry,8
976,baybolt,7
977,bayonet,7
978,bayoneted,9
979,bayoneting,10
980,bayous,6
981,bayou,5
982,bays,4
983,bayze,5
984,bazaar,6
985,bazar,5
986,bdellium,8
987,bdelloidea,10
988,bdellometer,11
989,bdellomorpha,12
990,was,3
991,been,4
992,being,5
993,be,2
994,beaches,7
995,beach,5
996,beached,7
997,beaching,8
998,beachy,6
999,beacon,6
1000,beaconed,8
1001,beaconing,9
1002,beaconage,9
1003,beaconless,10
1004,bead,4
1005,beaded,6
1006,beading,7
1007,beadhouse,9
1008,bedehouse,9
1009,beadle,6
1010,beadlery,8
1011,beadleship,10
1012,beadroll,8
1013,beadsman,8
1014,bedesman,8
1015,beadsnake,9
1016,beadswoman,10
1017,bedeswoman,10
1018,beadwork,8
1019,beady,5
1020,beagle,6
1021,beak,4
1022,beaked,6
1023,beaker,6
1024,beakhead,8
1025,beakiron,8
1026,bealed,6
1027,bealing,7
1028,beal,4
1029,beam,4
1030,beamed,6
1031,beaming,7
1032,beambird,8
1033,beamful,7
1034,beamily,7
1035,beaminess,9
1036,beamingly,9
1037,beamless,8
1038,beamlet,7
1039,beamy,5
1040,bean,4
1041,bore,4
1042,born,4
1043,borne,5
1044,bearing,7
1045,bear,4
1046,bere,4
1047,bearable,8
1048,bearberry,9
1049,bearbind,8
1050,beard,5
1051,bearded,7
1052,bearding,8
1053,beardie,7
1054,beardless,9
1055,beardlessness,13
1056,bearer,6
1057,bearherd,8
1058,bearhound,9
1059,bearish,7
1060,bearishness,11
1061,bearn,5
1062,bearskin,8
1063,bearward,8
1064,beast,5
1065,beasthood,9
1066,beastings,9
1067,beastlihead,11
1068,beastlike,9
1069,beastliness,11
1070,beastly,7
1071,beat,4
1072,beaten,6
1073,beating,7
1074,beater,6
1075,beath,5
1076,beatific,8
1077,beatifical,10
1078,beatificate,11
1079,beatification,13
1080,beatified,9
1081,beatifying,10
1082,beatify,7
1083,beatitude,9
1084,beaux,5
1085,beaus,5
1086,beau,4
1087,beaucatcher,11
1088,beaufet,7
1089,beaufin,7
1090,beauish,7
1091,beaupere,8
1092,beauseant,9
1093,beauship,8
1094,beauteous,9
1095,beautied,8
1096,beautifier,10
1097,beautiful,9
1098,beautified,10
1099,beautifying,11
1100,beautify,8
1101,beautiless,10
1102,beautie,7
1103,beauty,6
1104,beaver,6
1105,beavered,8
1106,beaverteen,10
1107,bebeerine,9
1108,bebirine,8
1109,bebleed,7
1110,beblood,7
1111,bebloody,8
1112,beblot,6
1113,beblubber,9
1114,becalmed,8
1115,becalming,9
1116,becalm,6
1117,became,6
1118,becard,6
1119,because,7
1120,beccabunga,10
1121,beccaficos,10
1122,beccafico,9
1123,bechamel,8
1124,bechance,8
1125,becharm,7
1126,bechic,6
1127,beck,4
1128,becked,6
1129,becking,7
1130,becker,6
1131,becket,6
1132,beckoned,8
1133,beckoning,9
1134,beckon,6
1135,beclap,6
1136,beclipped,9
1137,beclip,6
1138,beclouded,9
1139,beclouding,10
1140,becloud,7
1141,become,6
1142,becoming,8
1143,becomed,7
1144,becomingly,10
1145,becomingness,12
1146,becripple,9
1147,becuna,6
1148,becurl,6
1149,bed,3
1150,bedded,6
1151,bedding,7
1152,bedabbled,9
1153,bedabbling,10
1154,bedabble,8
1155,bedaff,6
1156,bedagat,7
1157,bedaggle,8
1158,bedashed,8
1159,bedashing,9
1160,bedash,6
1161,bedaubed,8
1162,bedaubing,9
1163,bedaub,6
1164,bedazzled,9
1165,bedazzling,10
1166,bedazzle,8
1167,bedbug,6
1168,bedchair,8
1169,bedchamber,10
1170,bedclothes,10
1171,bedcord,7
1172,bede,4
1173,bedecked,8
1174,bedecking,9
1175,bedeck,6
1176,bedeguar,8
1177,bedegar,7
1178,bedel,5
1179,bedell,6
1180,bedelry,7
1181,beden,5
1182,bedevilled,10
1183,bedeviling,10
1184,bedevilling,11
1185,bedevil,7
1186,bedevilment,11
1187,bedewed,7
1188,bedewing,8
1189,bedew,5
1190,bedewer,7
1191,bedewy,6
1192,bedfellow,9
1193,bedgown,7
1194,bedight,7
1195,bedighted,9
1196,bedimmed,8
1197,bedimming,9
1198,bedim,5
1199,bedizen,7
1200,bedizenment,11
1201,bedkey,6
1202,bedlam,6
1203,bedlamite,9
1204,bedmaker,8
1205,bedote,6
1206,bedouin,7
1207,bedpan,6
1208,bedphere,8
1209,bedpiece,8
1210,bedplate,8
1211,bedpost,7
1212,bedquilt,8
1213,bedrabble,9
1214,bedraggled,10
1215,bedraggling,11
1216,bedraggle,9
1217,bedrenched,10
1218,bedrenching,11
1219,bedrench,8
1220,bedribble,9
1221,bedrid,6
1222,bedridden,9
1223,bedrizzle,9
1224,bedroom,7
1225,bedrop,6
1226,bedrug,6
1227,bedside,7
1228,bedsite,7
1229,bedsore,7
1230,bedspread,9
1231,bedstaves,9
1232,bedstaff,8
1233,bedstead,8
1234,bedstock,8
1235,bedstraw,8
1236,bedswerver,10
1237,bedtick,7
1238,bedtime,7
1239,beducked,8
1240,beduck,6
1241,beduin,6
1242,bedunged,8
1243,bedung,6
1244,bedust,6
1245,bedward,7
1246,bedwarfed,9
1247,bedwarf,7
1248,bedyed,6
1249,bedyeing,8
1250,bedye,5
1251,bee,3
1252,beebread,8
1253,beeches,7
1254,beech,5
1255,beechen,7
1256,beechnut,8
1257,beechy,6
1258,beef,4
1259,beefeater,9
1260,beefsteak,9
1261,beefwood,8
1262,beefy,5
1263,beehive,7
1264,beehouse,8
1265,beeld,5
1266,beelzebub,9
1267,beem,4
1268,beemaster,9
1269,beer,4
1270,beeregar,8
1271,beerhouse,9
1272,beeriness,9
1273,beery,5
1274,beestings,9
1275,beeswax,7
1276,beeswing,8
1277,beet,4
1278,beete,5
1279,bete,4
1280,beetle,6
1281,beetled,7
1282,beetling,8
1283,beetlehead,10
1284,beetlestock,11
1285,beetrave,8
1286,beeve,5
1287,beeves,6
1288,befell,6
1289,befallen,8
1290,befalling,9
1291,befall,6
1292,befitted,8
1293,befitting,9
1294,befit,5
1295,befittingly,11
1296,beflatter,9
1297,beflower,8
1298,befogged,8
1299,befogging,9
1300,befog,5
1301,befooled,8
1302,befooling,9
1303,befool,6
1304,before,6
1305,beforehand,10
1306,beforetime,10
1307,befortune,9
1308,befouled,8
1309,befouling,9
1310,befoul,6
1311,befriended,10
1312,befriending,11
1313,befriend,8
1314,befriendment,12
1315,befrill,7
1316,befringe,8
1317,befuddled,9
1318,befuddle,8
1319,beg,3
1320,begged,6
1321,begging,7
1322,bega,4
1323,begemmed,8
1324,begemming,9
1325,begem,5
1326,begot,5
1327,begat,5
1328,begotten,8
1329,begetting,9
1330,beget,5
1331,begetter,8
1332,beggable,8
1333,beggar,6
1334,beggared,8
1335,beggaring,9
1336,beggarhood,10
1337,beggarism,9
1338,beggarliness,12
1339,beggarly,8
1340,beggary,7
1341,beggestere,10
1342,beghard,7
1343,beguard,7
1344,begilded,8
1345,begilt,6
1346,begild,6
1347,began,5
1348,begun,5
1349,beginning,9
1350,begin,5
1351,beginner,8
1352,begirt,6
1353,begirded,8
1354,begirding,9
1355,begird,6
1356,begirdle,8
1357,beglerbeg,9
1358,begnawed,8
1359,begnawn,7
1360,begnaw,6
1361,begodded,8
1362,begod,5
1363,begone,6
1364,begonia,7
1365,begore,6
1366,begrave,7
1367,begrease,8
1368,begrimed,8
1369,begriming,9
1370,begrime,7
1371,begrimer,8
1372,begrudged,9
1373,begrudging,10
1374,begrudge,8
1375,beguiled,8
1376,beguiling,9
1377,beguile,7
1378,beguilement,11
1379,beguiler,8
1380,beguin,6
1381,beguinage,9
1382,beguine,7
1383,begum,5
1384,behalf,6
1385,behappen,8
1386,behaved,7
1387,behaving,8
1388,behave,6
1389,behavior,8
1390,beheaded,8
1391,beheading,9
1392,behead,6
1393,beheadal,8
1394,beheld,6
1395,behemoth,8
1396,behen,5
1397,behn,4
1398,behest,6
1399,behete,6
1400,behight,7
1401,behoten,7
1402,behind,6
1403,behindhand,10
1404,behither,8
1405,beholden,8
1406,beholding,9
1407,behold,6
1408,beholder,8
1409,beholdingness,13
1410,behoof,6
1411,behoovable,10
1412,behooved,8
1413,behooving,9
1414,behoove,7
1415,behooveful,10
1416,behove,6
1417,behovely,8
1418,behowl,6
1419,beige,5
1420,beild,5
1421,bejade,6
1422,bejape,6
1423,bejaundice,10
1424,bejeweled,9
1425,bejewelled,10
1426,bejeweling,10
1427,bejewelling,11
1428,bejewel,7
1429,bejumble,8
1430,bekah,5
1431,beknave,7
1432,beknow,6
1433,bel,3
1434,belabored,9
1435,belaboring,10
1436,belabor,7
1437,belaced,7
1438,belace,6
1439,belam,5
1440,belamour,8
1441,belamy,6
1442,belated,7
1443,belating,8
1444,belate,6
1445,belaud,6
1446,belaid,6
1447,belayed,7
1448,belaying,8
1449,belay,5
1450,belched,7
1451,belching,8
1452,belch,5
1453,belcher,7
1454,beldam,6
1455,beldame,7
1456,beleaguered,11
1457,beleaguering,12
1458,beleaguer,9
1459,beleaguerer,11
1460,beleft,6
1461,beleave,7
1462,belectured,10
1463,belecturing,11
1464,belecture,9
1465,belee,5
1466,belemnite,9
1467,belepered,9
1468,beleper,7
1469,belfry,6
1470,belgard,7
1471,belgian,7
1472,belgic,6
1473,belgravian,10
1474,belial,6
1475,belibel,7
1476,belied,6
1477,belying,7
1478,belie,5
1479,belief,6
1480,beliefful,9
1481,believable,10
1482,believed,8
1483,believing,9
1484,believe,7
1485,believer,8
1486,belight,7
1487,belike,6
1488,belimed,7
1489,belime,6
1490,belittled,9
1491,belittling,10
1492,belittle,8
1493,belive,6
1494,belk,4
1495,bell,4
1496,belled,6
1497,belling,7
1498,belladonna,10
1499,bellbird,8
1500,belle,5
1501,bellerophon,11
1502,belletristic,12
1503,belletristical,14
1504,bellflower,10
1505,bellibone,9
1506,bellic,6
1507,bellical,8
1508,bellicose,9
1509,bellicosely,11
1510,bellicous,9
1511,bellied,7
1512,belligerence,12
1513,belligerency,12
1514,belligerent,11
1515,belligerently,13
1516,bellipotent,11
1517,bellman,7
1518,bellon,6
1519,bellona,7
1520,bellowed,8
1521,bellowing,9
1522,bellow,6
1523,bellower,8
1524,bellows,7
1525,belluine,8
1526,bellwether,10
1527,bellwort,8
1528,bellies,7
1529,belly,5
1530,bellying,8
1531,bellyache,9
1532,bellyband,9
1533,bellybound,10
1534,bellycheat,10
1535,bellycheer,10
1536,bellyful,8
1537,belocked,8
1538,belock,6
1539,belomancy,9
1540,belonged,8
1541,belonging,9
1542,belong,6
1543,belonite,8
1544,belord,6
1545,beloved,7
1546,belove,6
1547,below,5
1548,belowt,6
1549,belsire,7
1550,belswagger,10
1551,belt,4
1552,belted,6
1553,belting,7
1554,beltane,7
1555,beltein,7
1556,beltin,6
1557,beluga,6
1558,beluted,7
1559,beluting,8
1560,belute,6
1561,belvedere,9
1562,belzebuth,9
1563,bema,4
1564,bemad,5
1565,bemangle,8
1566,bemask,6
1567,bemaster,8
1568,bemaul,6
1569,bemaze,6
1570,bemean,6
1571,bemet,5
1572,bemeeting,9
1573,bemeet,6
1574,bemete,6
1575,bemingle,8
1576,bemired,7
1577,bemiring,8
1578,bemire,6
1579,bemist,6
1580,bemoaned,8
1581,bemoaning,9
1582,bemoan,6
1583,bemoaner,8
1584,bemock,6
1585,bemoil,6
1586,bemol,5
1587,bemonster,9
1588,bemourn,7
1589,bemuddle,8
1590,bemuffle,8
1591,bemuse,6
1592,ben,3
1593,benamed,7
1594,benempt,7
1595,bename,6
1596,benches,7
1597,bench,5
1598,benched,7
1599,benching,8
1600,bencher,7
1601,bended,6
1602,bent,4
1603,bending,7
1604,bend,4
1605,bendable,8
1606,bender,6
1607,bendlet,7
1608,bendwise,8
1609,bendy,5
1610,bene,4
1611,beneaped,8
1612,beneath,7
1613,benedicite,10
1614,benedict,8
1615,benedick,8
1616,benedictine,11
1617,benediction,11
1618,benedictional,13
1619,benedictionary,14
1620,benedictive,11
1621,benedictory,11
1622,benedictus,10
1623,benedight,9
1624,benefaction,11
1625,benefactor,10
1626,benefactress,12
1627,benefic,7
1628,benefice,8
1629,beneficed,9
1630,beneficeless,12
1631,beneficence,11
1632,beneficent,10
1633,beneficential,13
1634,beneficently,12
1635,beneficial,10
1636,beneficially,12
1637,beneficialness,14
1638,beneficiary,11
1639,beneficiaries,13
1640,beneficiate,11
1641,beneficient,11
1642,benefit,7
1643,benefited,9
1644,benefitting,11
1645,benefiter,9
1646,beneme,6
1647,benetted,8
1648,benet,5
1649,benevolence,11
1650,benevolent,10
1651,benevolous,10
1652,bengal,6
1653,bengalee,8
1654,bengali,7
1655,bengalese,9
1656,bengola,7
1657,benighted,9
1658,benighting,10
1659,benight,7
1660,benightment,11
1661,benign,6
1662,benignancy,10
1663,benignant,9
1664,benignity,9
1665,benignly,8
1666,benim,5
1667,benison,7
1668,benitier,8
1669,benjamin,8
1670,benjamite,9
1671,benne,5
1672,bennet,6
1673,benshee,7
1674,benthal,7
1675,benthamic,9
1676,benthamism,10
1677,benthamite,10
1678,benty,5
1679,benumbed,8
1680,benumbing,9
1681,benumb,6
1682,benumbment,10
1683,benzal,6
1684,benzamide,9
1685,benzene,7
1686,benzile,7
1687,benzine,7
1688,benzoate,8
1689,benzoic,7
1690,benzoin,7
1691,benzoinated,11
1692,benzole,7
1693,benzol,6
1694,benzoline,9
1695,benzoyl,7
1696,benzyl,6
1697,bepaint,7
1698,bepelt,6
1699,bepinched,9
1700,bepinch,7
1701,beplastered,11
1702,beplastering,12
1703,beplaster,9
1704,beplumed,8
1705,bepommeled,10
1706,bepommeling,11
1707,bepommel,8
1708,bepowder,8
1709,bepraise,8
1710,beprose,7
1711,bepuffed,8
1712,bepurple,8
1713,bequeathed,10
1714,bequeathing,11
1715,bequeath,8
1716,bequeathable,12
1717,bequeathal,10
1718,bequeathment,12
1719,bequest,7
1720,bequethen,9
1721,bequote,7
1722,berained,8
1723,beraining,9
1724,berain,6
1725,berated,7
1726,berating,8
1727,berate,6
1728,berattle,8
1729,beray,5
1730,berbe,5
1731,berber,6
1732,berberine,9
1733,berberry,8
1734,berdash,7
1735,bereaved,8
1736,bereft,6
1737,bereaving.,10
1738,bereave,7
1739,bereavement,11
1740,bereaver,8
1741,beretta,7
1742,berg,4
1743,bergamot,8
1744,bergander,9
1745,bergeret,8
1746,bergh,5
1747,bergmaster,10
1748,bergmeal,8
1749,bergmote,8
1750,bergomask,9
1751,bergylt,7
1752,berhymed,8
1753,berhyming,9
1754,berhyme,7
1755,beriberi,8
1756,berime,6
1757,berkeleian,10
1758,berlin,6
1759,berm,4
1760,berme,5
1761,bernacle,8
1762,bernardine,10
1763,bernese,7
1764,bernicle,8
1765,bernouse,8
1766,berob,5
1767,beroe,5
1768,berretta,8
1769,berried,7
1770,berries,7
1771,berry,5
1772,berrying,8
1773,berserk,7
1774,berserker,9
1775,berstle,7
1776,berth,5
1777,berthed,7
1778,berthing,8
1779,bertha,6
1780,berthage,8
1781,berthierite,11
1782,bertram,7
1783,berycoid,8
1784,beryl,5
1785,berylline,9
1786,beryllium,9
1787,berylloid,9
1788,besaiel,7
1789,besaile,7
1790,besayle,7
1791,besaint,7
1792,besant,6
1793,bescatter,9
1794,bescorn,7
1795,bescratch,9
1796,bescrawl,8
1797,bescreen,8
1798,bescribble,10
1799,bescumber,9
1800,bescummer,9
1801,besee,5
1802,besought,8
1803,beseeching,10
1804,beseech,7
1805,beseecher,9
1806,beseechment,11
1807,beseek,6
1808,beseemed,8
1809,beseeming,9
1810,beseem,6
1811,beseemly,8
1812,beseen,6
1813,beset,5
1814,besetting,9
1815,besetment,9
1816,besetter,8
1817,beshone,7
1818,beshining,9
1819,beshine,7
1820,beshow,6
1821,beshrew,7
1822,beshroud,8
1823,beshut,6
1824,beside,6
1825,besides,7
1826,besieged,8
1827,besieging,9
1828,besiege,7
1829,besiegement,11
1830,besieger,8
1831,besit,5
1832,beslabber,9
1833,beslave,7
1834,beslavered,10
1835,beslavering,11
1836,beslaver,8
1837,beslime,7
1838,beslobber,9
1839,beslubber,9
1840,besmeared,9
1841,besmearing,10
1842,besmear,7
1843,besmearer,9
1844,besmirched,10
1845,besmirching,11
1846,besmirch,8
1847,besmoke,7
1848,besmutted,9
1849,besmutting,10
1850,besmut,6
1851,besnowed,8
1852,besnow,6
1853,besnuff,7
1854,besogne,7
1855,besom,5
1856,besomed,7
1857,besomer,7
1858,besort,6
1859,besotted,8
1860,besotting,9
1861,besot,5
1862,besottingly,11
1863,bespangled,10
1864,bespangling,11
1865,bespangle,9
1866,bespattered,11
1867,bespattering,12
1868,bespatter,9
1869,bespawl,7
1870,bespoke,7
1871,bespake,7
1872,bespoken,8
1873,bespeaking,10
1874,bespeak,7
1875,bespeaker,9
1876,bespeckled,10
1877,bespeckling,11
1878,bespeckle,9
1879,bespew,6
1880,bespice,7
1881,bespirt,7
1882,bespit,6
1883,bespitten,9
1884,bespitting,10
1885,bespotted,9
1886,bespotting,10
1887,bespot,6
1888,bespread,8
1889,bespreading,11
1890,besprent,8
1891,besprinkled,11
1892,besprinkling,12
1893,besprinkle,10
1894,besprinkler,11
1895,bespurt,7
1896,best,4
1897,bestad,6
1898,bestain,7
1899,bestarred,9
1900,bestar,6
1901,bestead,7
1902,bested,6
1903,besteaded,9
1904,bestial,7
1905,bestiality,10
1906,bestialized,11
1907,bestializing,12
1908,bestialize,10
1909,bestially,9
1910,bestuck,7
1911,besticking,10
1912,bestick,7
1913,bestill,7
1914,bestirred,9
1915,bestirring,10
1916,bestir,6
1917,bestorm,7
1918,bestowed,8
1919,bestowing,9
1920,bestow,6
1921,bestowal,8
1922,bestower,8
1923,bestowment,10
1924,bestraddle,10
1925,bestraught,10
1926,bestreak,8
1927,bestrewed,9
1928,bestrown,8
1929,bestrewing,10
1930,bestrew,7
1931,bestrode,8
1932,bestrid,7
1933,bestridden,10
1934,bestriding,10
1935,bestride,8
1936,bestudded,9
1937,bestudding,10
1938,bestud,6
1939,beswike,7
1940,bet,3
1941,betted,6
1942,betting,7
1943,betaine,7
1944,betook,6
1945,betaken,7
1946,betaking,8
1947,betake,6
1948,betaught,8
1949,beteela,7
1950,beteem,6
1951,betel,5
1952,betelguese,10
1953,bethel,6
1954,bethought,9
1955,bethinking,10
1956,bethink,7
1957,bethlehem,9
1958,bethlehemite,12
1959,bethlemite,10
1960,bethrall,8
1961,bethumb,7
1962,bethumped,9
1963,bethumpt,8
1964,bethumping,10
1965,bethump,7
1966,betided,7
1967,betid,5
1968,betiding,8
1969,betide,6
1970,betime,6
1971,betimes,7
1972,betitle,7
1973,betokened,9
1974,betokening,10
1975,betoken,7
1976,beton,5
1977,betongue,8
1978,betonies,8
1979,betony,6
1980,betorn,6
1981,betossed,8
1982,betoss,6
1983,betrapped,9
1984,betrap,6
1985,betrayed,8
1986,betraying,9
1987,betray,6
1988,betrayal,8
1989,betrayer,8
1990,betrayment,10
1991,betrimmed,9
1992,betrimming,10
1993,betrim,6
1994,betrothed,9
1995,betrothing,10
1996,betroth,7
1997,betrothal,9
1998,betrothment,11
1999,betrust,7
2000,betrustment,11
2001,betso,5
2002,better,6
2003,bettered,8
2004,bettering,9
2005,betterment,10
2006,bettermost,10
2007,betterness,10
2008,bettong,7
2009,bettor,6
2010,betty,5
2011,betulin,7
2012,betumbled,9
2013,betumble,8
2014,betutored,9
2015,betutor,7
2016,between,7
2017,betwixt,7
2018,beurre,6
2019,bevel,5
2020,beveled,7
2021,bevelled,8
2022,beveling,8
2023,bevelling,9
2024,bevelment,9
2025,bever,5
2026,bevered,7
2027,beverage,8
2028,bevile,6
2029,beviled,7
2030,bevilled,8
2031,bevies,6
2032,bevy,4
2033,bewailed,8
2034,bewailing,9
2035,bewail,6
2036,bewailable,10
2037,bewailer,8
2038,bewailment,10
2039,bewake,6
2040,beware,6
2041,bewash,6
2042,bewept,6
2043,beweeping,9
2044,beweep,6
2045,bewet,5
2046,bewetted,8
2047,bewhore,7
2048,bewigged,8
2049,bewig,5
2050,bewildered,10
2051,bewildering,11
2052,bewilder,8
2053,bewilderedness,14
2054,bewilderment,12
2055,bewinter,8
2056,bewit,5
2057,bewitched,9
2058,bewitching,10
2059,bewitch,7
2060,bewitchedness,13
2061,bewitcher,9
2062,bewitchery,10
2063,bewitchment,11
2064,bewondered,10
2065,bewonder,8
2066,bewrapped,9
2067,bewrap,6
2068,bewray,6
2069,bewrayed,8
2070,bewraying,9
2071,bewrayer,8
2072,bewrayment,10
2073,bewreck,7
2074,bewreke,7
2075,bewrought,9
2076,bey,3
2077,beylic,6
2078,beyond,6
2079,bezant,6
2080,bezel,5
2081,bezique,7
2082,bezoar,6
2083,bezoardic,9
2084,bezoartic,9
2085,bezoartical,11
2086,bezonian,8
2087,bezzled,7
2088,bezzling,8
2089,bezzle,6
2090,bhang,5
2091,bhunder,7
2092,biacid,6
2093,biacuminate,11
2094,biangular,9
2095,biangulate,10
2096,biangulated,11
2097,biangulous,10
2098,biantheriferous,15
2099,biarticulate,12
2100,biases,6
2101,bias,4
2102,biased,6
2103,biasing,7
2104,biauriculate,12
2105,biaxal,6
2106,biaxial,7
2107,bib,3
2108,bibbe,5
2109,bibacious,9
2110,bibacity,8
2111,bibasic,7
2112,bibb,4
2113,bibber,6
2114,bibbs,5
2115,bibcock,7
2116,bibirine,8
2117,bibitory,8
2118,bible,5
2119,bibler,6
2120,biblical,8
2121,biblicality,11
2122,biblically,10
2123,biblicism,9
2124,biblicist,9
2125,bibliograph,11
2126,bibliographer,13
2127,bibliographic,13
2128,bibliographical,15
2129,bibliographies,14
2130,bibliography,12
2131,bibliolater,11
2132,bibliolatrist,13
2133,bibliolatry,11
2134,bibliological,13
2135,bibliology,10
2136,bibliomancy,11
2137,bibliomania,11
2138,bibliomaniac,12
2139,bibliomaniacal,14
2140,bibliopegic,11
2141,bibliopegist,12
2142,bibliopegistic,14
2143,bibliopegy,10
2144,bibliophile,11
2145,bibliophilism,13
2146,bibliophilist,13
2147,bibliophobia,12
2148,bibliopole,10
2149,bibliopolic,11
2150,bibliopolar,11
2151,bibliopolism,12
2152,bibliopolist,12
2153,bibliopolistic,14
2154,bibliotaph,10
2155,bibliotaphist,13
2156,bibliothec,10
2157,bibliotheca,11
2158,bibliothecal,12
2159,bibliothecary,13
2160,bibliotheke,11
2161,biblist,7
2162,bibracteate,11
2163,bibulous,8
2164,bibulously,10
2165,bicalcarate,11
2166,bicallose,9
2167,bicallous,9
2168,bicameral,9
2169,bicapsular,10
2170,bicarbonate,11
2171,bicarbureted,12
2172,bicarinate,10
2173,bicaudal,8
2174,bicaudate,9
2175,bicched,7
2176,bice,4
2177,bise,4
2178,bicentenary,11
2179,bicentennial,12
2180,bicephalous,11
2181,biceps,6
2182,bichir,6
2183,bichloride,10
2184,bicho,5
2185,bichromate,10
2186,bichromatize,12
2187,bicipital,9
2188,bicipitous,10
2189,bicker,6
2190,bickered,8
2191,bickering,9
2192,bickerer,8
2193,bickerment,10
2194,bickern,7
2195,bicolligate,11
2196,bicolor,7
2197,bicolored,9
2198,biconcave,9
2199,biconjugate,11
2200,biconvex,8
2201,bicorn,6
2202,bicorned,8
2203,bicornous,9
2204,bicorporal,10
2205,bicorporate,11
2206,bicostate,9
2207,bicrenate,9
2208,bicrescentic,12
2209,bicrural,8
2210,bicuspid,8
2211,bicuspidate,11
2212,bicyanide,9
2213,bicycle,7
2214,bicycler,8
2215,bicyclic,8
2216,bicycling,9
2217,bicyclism,9
2218,bicyclist,9
2219,bicycular,9
2220,bid,3
2221,bidden,6
2222,bidding,7
2223,bidale,6
2224,biddable,8
2225,bidder,6
2226,biddy,5
2227,bided,5
2228,biding,6
2229,bide,4
2230,bident,6
2231,bidental,8
2232,bidentate,9
2233,bidet,5
2234,bidigitate,10
2235,bield,5
2236,biennial,8
2237,biennially,10
2238,bier,4
2239,bierbalk,8
2240,biestings,9
2241,bifacial,8
2242,bifarious,9
2243,bifariously,11
2244,biferous,8
2245,biffin,6
2246,bifid,5
2247,bifidate,8
2248,bifilar,7
2249,biflabellate,12
2250,biflagellate,12
2251,biflorate,9
2252,biflorous,9
2253,bifold,6
2254,bifoliate,9
2255,bifoliolate,11
2256,biforate,8
2257,biforine,8
2258,biforked,8
2259,biform,6
2260,biformed,8
2261,biformity,9
2262,biforn,6
2263,biforous,8
2264,bifronted,9
2265,bifurcate,9
2266,bifurcated,10
2267,bifurcation,11
2268,bifurcous,9
2269,big,3
2270,bigg,4
2271,biga,4
2272,bigam,5
2273,bigamist,8
2274,bigamous,8
2275,bigamy,6
2276,bigarreau,9
2277,bigaroon,8
2278,bigeminate,10
2279,bigential,9
2280,bigeye,6
2281,biggen,6
2282,bigger,6
2283,biggest,7
2284,biggin,6
2285,bigging,7
2286,biggon,6
2287,biggonnet,9
2288,bigha,5
2289,bighorn,7
2290,bight,5
2291,biglandular,11
2292,bigly,5
2293,bigness,7
2294,bignonia,8
2295,bignoniaceous,13
2296,bigot,5
2297,bigoted,7
2298,bigotedly,9
2299,bigotry,7
2300,bigwig,6
2301,bihydroguret,12
2302,bijoux,6
2303,bijou,5
2304,bijoutry,8
2305,bijugate,8
2306,bijugous,8
2307,bike,4
2308,bikh,4
2309,bilabiate,9
2310,bilaciniate,11
2311,bilalo,6
2312,bilamellate,11
2313,bilamellated,12
2314,bilaminar,9
2315,bilaminate,10
2316,biland,6
2317,bilander,8
2318,bilateral,9
2319,bilaterality,12
2320,bilberries,10
2321,bilberry,8
2322,bilboes,7
2323,bilbo,5
2324,bilboquet,9
2325,bilcock,7
2326,bildstein,9
2327,bile,4
2328,bilection,9
2329,bilestone,9
2330,bilge,5
2331,bilged,6
2332,bilging,7
2333,bilgy,5
2334,biliary,7
2335,biliation,9
2336,biliferous,10
2337,bilifuscin,10
2338,bilimbi,7
2339,bilimbing,9
2340,biliment,8
2341,bilin,5
2342,bilinear,8
2343,bilingual,9
2344,bilingualism,12
2345,bilinguar,9
2346,bilinguist,10
2347,bilinguous,10
2348,bilious,7
2349,biliousness,11
2350,biliprasin,10
2351,bilirubin,9
2352,biliteral,9
2353,biliteralism,12
2354,biliverdin,10
2355,bilked,6
2356,bilking,7
2357,bilk,4
2358,bill,4
2359,billed,6
2360,billing,7
2361,billage,7
2362,billard,7
2363,billbeetle,10
2364,billbug,7
2365,billboard,9
2366,billet,6
2367,billeted,8
2368,billeting,9
2369,billethead,10
2370,billfish,8
2371,billhead,8
2372,billhook,8
2373,billiard,8
2374,billiards,9
2375,billingsgate,12
2376,billion,7
2377,billmen,7
2378,billman,7
2379,billon,6
2380,billot,6
2381,billow,6
2382,billowed,8
2383,billowing,9
2384,billowy,7
2385,billposter,10
2386,billsticker,11
2387,billy,5
2388,billyboy,8
2389,bilobate,8
2390,bilobed,7
2391,bilocation,10
2392,bilocular,9
2393,bilsted,7
2394,biltong,7
2395,bimaculate,10
2396,bimana,6
2397,bimanous,8
2398,bimarginate,11
2399,bimastism,9
2400,bimedial,8
2401,bimembral,9
2402,bimensal,8
2403,bimestrial,10
2404,bimetallic,10
2405,bimetallism,11
2406,bimetallist,11
2407,bimonthly,9
2408,bimuscular,10
2409,bin,3
2410,binned,6
2411,binning,7
2412,binal,5
2413,binarseniate,12
2414,binary,6
2415,binate,6
2416,binaural,8
2417,bound,5
2418,bounden,7
2419,binding,7
2420,bind,4
2421,binder,6
2422,bindery,7
2423,bindheimite,11
2424,bindingly,9
2425,bindingness,11
2426,bindweed,8
2427,bine,4
2428,binervate,9
2429,bing,4
2430,biniodide,9
2431,bink,4
2432,binnacle,8
2433,binny,5
2434,binocle,7
2435,binocular,9
2436,binocularly,11
2437,binoculate,10
2438,binomial,8
2439,binominal,9
2440,binominous,10
2441,binotonous,10
2442,binous,6
2443,binoxalate,10
2444,binoxide,8
2445,binturong,9
2446,binuclear,9
2447,binucleate,10
2448,binucleolate,12
2449,bioblast,8
2450,biocellate,10
2451,biochemistry,12
2452,biodynamics,11
2453,biogen,6
2454,biogenesis,10
2455,biogeny,7
2456,biogenetic,10
2457,biogenist,9
2458,biognosis,9
2459,biographer,10
2460,biographic,10
2461,biographical,12
2462,biographize,11
2463,biographies,11
2464,biography,9
2465,biologic,8
2466,biological,10
2467,biologist,9
2468,biology,7
2469,biolysis,8
2470,biolytic,8
2471,biomagnetic,11
2472,biomagnetism,12
2473,biometry,8
2474,bion,4
2475,bionomy,7
2476,bioplasm,8
2477,bioplasmic,10
2478,bioplast,8
2479,bioplastic,10
2480,biorgan,7
2481,biostatics,10
2482,biostatistics,13
2483,biotaxy,7
2484,biotic,6
2485,biotite,7
2486,bipalmate,9
2487,biparietal,10
2488,biparous,8
2489,bipartible,10
2490,bipartient,10
2491,bipartile,9
2492,bipartite,9
2493,bipartition,11
2494,bipectinate,11
2495,bipectinated,12
2496,biped,5
2497,bipedal,7
2498,bipeltate,9
2499,bipennate,9
2500,bipennated,10
2501,bipennis,8
2502,bipetalous,10
2503,bipinnaria,10
2504,bipinnate,9
2505,bipinnated,10
2506,bipinnatifid,12
2507,biplicate,9
2508,biplicity,9
2509,bipolar,7
2510,bipolarity,10
2511,bipont,6
2512,bipontine,9
2513,bipunctate,10
2514,bipunctual,10
2515,bipupillate,11
2516,bipyramidal,11
2517,biquadrate,10
2518,biquadratic,11
2519,biquintile,10
2520,biradiate,9
2521,biradiated,10
2522,biramous,8
2523,birches,7
2524,birch,5
2525,birched,7
2526,birching,8
2527,birchen,7
2528,bird,4
2529,birdbolt,8
2530,birdcage,8
2531,birdcall,8
2532,birdcatcher,11
2533,birdcatching,12
2534,birder,6
2535,birdie,6
2536,birdikin,8
2537,birding,7
2538,birdlet,7
2539,birdlike,8
2540,birdlime,8
2541,birdling,8
2542,birdman,7
2543,birdseed,8
2544,birectangular,13
2545,bireme,6
2546,biretta,7
2547,birgander,9
2548,birk,4
2549,birken,6
2550,birkie,6
2551,birl,4
2552,birlaw,6
2553,birostrate,10
2554,birostrated,11
2555,birred,6
2556,birring,7
2557,birr,4
2558,birrus,6
2559,birse,5
2560,birt,4
2561,birth,5
2562,birthday,8
2563,birthdom,8
2564,birthing,8
2565,birthless,9
2566,birthmark,9
2567,birthnight,10
2568,birthplace,10
2569,birthright,10
2570,birthroot,9
2571,birthwort,9
2572,bis,3
2573,bisaccate,9
2574,biscayan,8
2575,biscotin,8
2576,biscuit,7
2577,biscutate,9
2578,bisected,8
2579,bisecting,9
2580,bisect,6
2581,bisection,9
2582,bisector,8
2583,bisectrix,9
2584,bisegment,9
2585,biseptate,9
2586,biserial,8
2587,biseriate,9
2588,biserrate,9
2589,bisetose,8
2590,bisetous,8
2591,bisexous,8
2592,bisexual,8
2593,bisexuous,9
2594,biseye,6
2595,bish,4
2596,bishop,6
2597,bishoped,8
2598,bishoping,9
2599,bishopdom,9
2600,bishoplike,10
2601,bishoply,8
2602,bishopric,9
2603,bisie,5
2604,bisilicate,10
2605,bisk,4
2606,bismare,7
2607,bismer,6
2608,bismillah,9
2609,bismite,7
2610,bismuth,7
2611,bismuthal,9
2612,bismuthic,9
2613,bismuthiferous,14
2614,bismuthine,10
2615,bismuthinite,12
2616,bismuthous,10
2617,bismuthyl,9
2618,bison,5
2619,bispinose,9
2620,bisque,6
2621,bissextile,10
2622,bisson,6
2623,bister,6
2624,bistre,6
2625,bistipuled,10
2626,bistort,7
2627,bistouries,10
2628,bistoury,8
2629,bisulcate,9
2630,bisulcous,9
2631,bisulphate,10
2632,bisulphide,10
2633,bisulphite,10
2634,bisulphuret,11
2635,bit,3
2636,bitted,6
2637,bitting,7
2638,bitake,6
2639,bitangent,9
2640,bitartrate,10
2641,bitch,5
2642,bitten,6
2643,biting,6
2644,bite,4
2645,biter,5
2646,biternate,9
2647,bitheism,8
2648,bitingly,8
2649,bitless,7
2650,bitstock,8
2651,bitt,4
2652,bittacle,8
2653,bitter,6
2654,bitterbump,10
2655,bitterful,9
2656,bittering,9
2657,bitterish,9
2658,bitterling,10
2659,bitterly,8
2660,bittern,7
2661,bitterness,10
2662,bitternut,9
2663,bitterroot,10
2664,bitters,7
2665,bittersweet,11
2666,bitterweed,10
2667,bitterwood,10
2668,bitterwort,10
2669,bittock,7
2670,bitts,5
2671,bitume,6
2672,bitumed,7
2673,bitumen,7
2674,bituminated,11
2675,bituminating,12
2676,bituminate,10
2677,bituminiferous,14
2678,bituminization,14
2679,bituminized,11
2680,bituminizing,12
2681,bituminize,10
2682,bituminous,10
2683,biuret,6
2684,bivalency,9
2685,bivalent,8
2686,bivalve,7
2687,bivalved,8
2688,bivalvous,9
2689,bivalvular,10
2690,bivaulted,9
2691,bivector,8
2692,biventral,9
2693,bivial,6
2694,bivious,7
2695,bivium,6
2696,bivouac,7
2697,bivouacked,10
2698,bivouacking,11
2699,biweekly,8
2700,biwreye,7
2701,bizantine,9
2702,bizarre,7
2703,bizet,5
2704,blabbed,7
2705,blabbing,8
2706,blab,4
2707,blabber,7
2708,black,5
2709,blacked,7
2710,blacking,8
2711,blackamoor,10
2712,blackball,9
2713,blackballed,11
2714,blackballing,12
2715,blackband,9
2716,blackberry,10
2717,blackbird,9
2718,blackboard,10
2719,blackcap,8
2720,blackcoat,9
2721,blackcock,9
2722,blackened,9
2723,blackening,10
2724,blacken,7
2725,blackener,9
2726,blackfeet,9
2727,blackfin,8
2728,blackfish,9
2729,blackfoot,9
2730,blackguard,10
2731,blackguarded,12
2732,blackguarding,13
2733,blackguardism,13
2734,blackguardly,12
2735,blackhead,9
2736,blackheart,10
2737,blackish,8
2738,blacklead,9
2739,blackleg,8
2740,blacklist,9
2741,blackly,7
2742,blackmail,9
2743,blackmailed,11
2744,blackmailing,12
2745,blackmailer,11
2746,blackmoor,9
2747,blackness,9
2748,blackpoll,9
2749,blackroot,9
2750,blacks,6
2751,blacksalter,11
2752,blacksmith,10
2753,blacksnake,10
2754,blackstrap,10
2755,blacktail,9
2756,blackthorn,10
2757,blackwash,9
2758,blackwood,9
2759,blackwork,9
2760,bladder,7
2761,bladdered,9
2762,bladdering,10
2763,bladderwort,11
2764,bladdery,8
2765,blade,5
2766,bladebone,9
2767,bladed,6
2768,bladefish,9
2769,bladesmith,10
2770,blady,5
2771,blae,4
2772,blaeberry,9
2773,blague,6
2774,blain,5
2775,blamable,8
2776,blamed,6
2777,blaming,7
2778,blame,5
2779,blameful,8
2780,blameless,9
2781,blamelessly,11
2782,blamelessness,13
2783,blamer,6
2784,blameworthy,11
2785,blancard,8
2786,blanched,8
2787,blanching,9
2788,blanch,6
2789,blancher,8
2790,blanchimeter,12
2791,blancmange,10
2792,blancmanger,11
2793,bland,5
2794,blandation,10
2795,blandiloquence,14
2796,blandiloquous,13
2797,blandiloquious,14
2798,blandise,8
2799,blandished,10
2800,blandishing,11
2801,blandish,8
2802,blandisher,10
2803,blandishment,12
2804,blandly,7
2805,blandness,9
2806,blank,5
2807,blanked,7
2808,blanking,8
2809,blanket,7
2810,blanketed,9
2811,blanketing,10
2812,blankly,7
2813,blankness,9
2814,blanquette,10
2815,blanquillo,10
2816,blared,6
2817,blaring,7
2818,blare,5
2819,blarney,7
2820,blarneyed,9
2821,blarneying,10
2822,blase,5
2823,blasphemed,10
2824,blaspheming,11
2825,blaspheme,9
2826,blasphemer,10
2827,blasphemous,11
2828,blasphemously,13
2829,blasphemy,9
2830,blast,5
2831,blasted,7
2832,blasting,8
2833,blastemata,10
2834,blastema,8
2835,blastemal,9
2836,blastematic,11
2837,blaster,7
2838,blastide,8
2839,blastment,9
2840,blastocarpous,13
2841,blastocoele,11
2842,blastocyst,10
2843,blastoderm,10
2844,blastodermatic,14
2845,blastodermic,12
2846,blastogenesis,13
2847,blastoid,8
2848,blastoidea,10
2849,blastomere,10
2850,blastophoral,12
2851,blastophoric,12
2852,blastophore,11
2853,blastopore,10
2854,blastosphere,12
2855,blastostyle,11
2856,blastula,8
2857,blastule,8
2858,blasty,6
2859,blat,4
2860,blatancy,8
2861,blatant,7
2862,blatantly,9
2863,blatherskite,12
2864,blattered,9
2865,blatter,7
2866,blatteration,12
2867,blatterer,9
2868,blattering,10
2869,blatteroon,10
2870,blaubok,7
2871,blay,4
2872,blaze,5
2873,blazed,6
2874,blazing,7
2875,blazer,6
2876,blazon,6
2877,blazoned,8
2878,blazoning,9
2879,blazoner,8
2880,blazonment,10
2881,blazonry,8
2882,blea,4
2883,bleaberry,9
2884,bleached,8
2885,bleaching,9
2886,bleach,6
2887,bleacher,8
2888,bleacheries,11
2889,bleachery,9
2890,bleak,5
2891,bleaky,6
2892,blear,5
2893,bleared,7
2894,blearing,8
2895,bleareye,8
2896,bleareyedness,13
2897,bleary,6
2898,bleated,7
2899,bleating,8
2900,bleat,5
2901,bleater,7
2902,bleb,4
2903,blebby,6
2904,bleck,5
2905,blek,4
2906,bled,4
2907,blee,4
2908,bleeding,8
2909,bleed,5
2910,bleeder,7
2911,blemished,9
2912,blemishing,10
2913,blemish,7
2914,blemishes,9
2915,blemishless,11
2916,blemishment,11
2917,blenched,8
2918,blenching,9
2919,blench,6
2920,blencher,8
2921,blended,7
2922,blent,5
2923,blending,8
2924,blend,5
2925,blende,6
2926,blender,7
2927,blendous,8
2928,blendwater,10
2929,blenk,5
2930,blennioid,9
2931,blenniid,8
2932,blennogenous,12
2933,blennorrhea,11
2934,blennies,8
2935,blenny,6
2936,blesbok,7
2937,blessed,7
2938,blest,5
2939,blessing,8
2940,bless,5
2941,blessedly,9
2942,blessedness,11
2943,blesser,7
2944,blet,4
2945,bletonism,9
2946,bletting,8
2947,blew,4
2948,bleyme,6
2949,bleynte,7
2950,blickey,7
2951,blighted,8
2952,blighting,9
2953,blight,6
2954,blightingly,11
2955,blimbi,6
2956,blimbing,8
2957,blin,4
2958,blind,5
2959,blinded,7
2960,blinding,8
2961,blinde,6
2962,blindage,8
2963,blinder,7
2964,blindfish,9
2965,blindfolded,11
2966,blindfolding,12
2967,blindfold,9
2968,blindly,7
2969,blindness,9
2970,blindstory,10
2971,blindworm,9
2972,blinked,7
2973,blinking,8
2974,blink,5
2975,blinkard,8
2976,blinker,7
2977,blirt,5
2978,blisses,7
2979,bliss,5
2980,blissful,8
2981,blissless,9
2982,blissom,7
2983,blister,7
2984,blistered,9
2985,blistering,10
2986,blistery,8
2987,blite,5
2988,blithe,6
2989,blitheful,9
2990,blithely,8
2991,blitheness,10
2992,blithesome,10
2993,blive,5
2994,blizzard,8
2995,bloated,7
2996,bloating,8
2997,bloat,5
2998,bloatedness,11
2999,bloater,7
3000,blob,4
3001,blobber,7
3002,blocage,7
3003,block,5
3004,blocked,7
3005,blocking,8
3006,blockade,8
3007,blockaded,9
3008,blockading,10
3009,blockader,9
3010,blockage,8
3011,blockhead,9
3012,blockheaded,11
3013,blockheadism,12
3014,blockhouse,10
3015,blockish,8
3016,blocklike,9
3017,bloedite,8
3018,blomary,7
3019,bloncket,8
3020,blonket,7
3021,blond,5
3022,blonde,6
3023,blondness,9
3024,blood,5
3025,blooded,7
3026,blooding,8
3027,bloodbird,9
3028,bloodflower,11
3029,bloodguilty,11
3030,bloodhound,10
3031,bloodily,8
3032,bloodiness,10
3033,bloodless,9
3034,bloodlet,8
3035,bloodletter,11
3036,bloodletting,12
3037,bloodroot,9
3038,bloodshed,9
3039,bloodshedder,12
3040,bloodshedding,13
3041,bloodshot,9
3042,bloodstick,10
3043,bloodstone,10
3044,bloodstroke,11
3045,bloodsucker,11
3046,bloodthirsty,12
3047,bloodulf,8
3048,bloodwite,9
3049,bloodwit,8
3050,bloodwood,9
3051,bloodwort,9
3052,bloody,6
3053,bloodied,8
3054,bloodying,9
3055,bloodybones,11
3056,bloom,5
3057,bloomed,7
3058,blooming,8
3059,bloomary,8
3060,bloomer,7
3061,bloomery,8
3062,bloomingly,10
3063,bloomingness,12
3064,bloomless,9
3065,bloomy,6
3066,blooth,6
3067,blore,5
3068,blosmy,6
3069,blossom,7
3070,blossomed,9
3071,blossoming,10
3072,blossomless,11
3073,blossomy,8
3074,blotted,7
3075,blotting,8
3076,blot,4
3077,blotch,6
3078,blotched,8
3079,blotchy,7
3080,bloted,6
3081,bloting,7
3082,blote,5
3083,blotless,8
3084,blotter,7
3085,blottesque,10
3086,blouse,6
3087,blown,5
3088,blowing,7
3089,blow,4
3090,blowball,8
3091,blowen,6
3092,blowess,7
3093,blower,6
3094,blowfly,7
3095,blowgun,7
3096,blowhole,8
3097,blowpipe,8
3098,blowpoint,9
3099,blowse,6
3100,blowth,6
3101,blowtube,8
3102,blowy,5
3103,blowze,6
3104,blowzed,7
3105,blowzy,6
3106,blub,4
3107,blubber,7
3108,blubbered,9
3109,blubbering,10
3110,blubbery,8
3111,blucher,7
3112,bludgeon,8
3113,blue,4
3114,blued,5
3115,bluing,6
3116,blueback,8
3117,bluebeard,9
3118,bluebell,8
3119,blueberry,9
3120,bluebill,8
3121,bluebird,8
3122,bluebottle,10
3123,bluebreast,10
3124,bluecap,7
3125,bluecoat,8
3126,bluefin,7
3127,bluefish,8
3128,bluegown,8
3129,bluely,6
3130,blueness,8
3131,bluenose,8
3132,bluepoll,8
3133,blueprint,9
3134,bluestocking,12
3135,bluestockingism,15
3136,bluestone,9
3137,bluethroat,10
3138,bluets,6
3139,bluewing,8
3140,bluey,5
3141,bluff,5
3142,bluffed,7
3143,bluffing,8
3144,bluffer,7
3145,bluffness,9
3146,bluffy,6
3147,bluish,6
3148,blundered,9
3149,blundering,10
3150,blunder,7
3151,blunderbuss,11
3152,blunderer,9
3153,blunderhead,11
3154,blunderingly,12
3155,blunge,6
3156,blunger,7
3157,blunging,8
3158,blunt,5
3159,blunted,7
3160,blunting,8
3161,bluntish,8
3162,bluntly,7
3163,bluntness,9
3164,blurred,7
3165,blurring,8
3166,blur,4
3167,blurry,6
3168,blurted,7
3169,blurting,8
3170,blurt,5
3171,blushed,7
3172,blushing,8
3173,blush,5
3174,blusher,7
3175,blushet,7
3176,blushful,8
3177,blushingly,10
3178,blushless,9
3179,blushy,6
3180,blustered,9
3181,blustering,10
3182,bluster,7
3183,blusterer,9
3184,blusteringly,12
3185,blusterous,10
3186,blustrous,9
3187,bo,2
3188,boas,4
3189,boa,3
3190,boanerges,9
3191,boar,4
3192,board,5
3193,boarded,7
3194,boarding,8
3195,boardable,9
3196,boarder,7
3197,boarfish,8
3198,boarish,7
3199,boasted,7
3200,boasting,8
3201,boast,5
3202,boastance,9
3203,boaster,7
3204,boastful,8
3205,boastingly,10
3206,boastive,8
3207,boastless,9
3208,boat,4
3209,boated,6
3210,boating,7
3211,boatable,8
3212,boatage,7
3213,boatbill,8
3214,boatfuls,8
3215,boatful,7
3216,boathouse,9
3217,boation,7
3218,boatmen,7
3219,boatman,7
3220,boatmanship,11
3221,boatsman,8
3222,boatswain,9
3223,boatwomen,9
3224,boatwoman,9
3225,bob,3
3226,bobbed,6
3227,bobbing,7
3228,bobac,5
3229,bobance,7
3230,bobber,6
3231,bobbery,7
3232,bobbin,6
3233,bobbinet,8
3234,bobbinwork,10
3235,bobbish,7
3236,bobby,5
3237,bobfly,6
3238,bobolink,8
3239,bobsled,7
3240,bobsleigh,9
3241,bobstay,7
3242,bobtail,7
3243,bobtailed,9
3244,bobwhite,8
3245,bocal,5
3246,bocardo,7
3247,bocasine,8
3248,bocca,5
3249,boce,4
3250,bockelet,8
3251,bockey,6
3252,bocking,7
3253,bockland,8
3254,boddice,7
3255,boded,5
3256,boding,6
3257,bode,4
3258,bodeful,7
3259,bodement,8
3260,bodge,5
3261,bodged,6
3262,bodian,6
3263,bodice,6
3264,bodiced,7
3265,bodied,6
3266,bodiless,8
3267,bodiliness,10
3268,bodily,6
3269,bodkin,6
3270,bodle,5
3271,bodleian,8
3272,bodock,6
3273,bodrage,7
3274,bodies,6
3275,body,4
3276,bodying,7
3277,bodyguard,9
3278,boeotian,8
3279,boer,4
3280,boes,4
3281,bog,3
3282,bogged,6
3283,bogging,7
3284,bogberry,8
3285,bogey,5
3286,boggard,7
3287,boggled,7
3288,boggling,8
3289,boggle,6
3290,boggler,7
3291,bogglish,8
3292,boggy,5
3293,bogie,5
3294,bogle,5
3295,bogsucker,9
3296,bogtrotter,10
3297,bogtrotting,11
3298,bogue,5
3299,bogus,5
3300,bogwood,7
3301,bogies,6
3302,bogy,4
3303,bohea,5
3304,bohemia,7
3305,bohemian,8
3306,bohemianism,11
3307,boiar,5
3308,boiled,6
3309,boiling,7
3310,boil,4
3311,boilary,7
3312,boiler,6
3313,boilery,7
3314,boilingly,9
3315,boist,5
3316,boisterous,10
3317,boisterously,12
3318,boisterousness,14
3319,boistous,8
3320,bokadam,7
3321,boke,4
3322,bolar,5
3323,bolas,5
3324,bold,4
3325,boldened,8
3326,bolden,6
3327,boldly,6
3328,boldness,8
3329,boldo,5
3330,boldu,5
3331,bole,4
3332,bolection,9
3333,bolero,6
3334,bolete,6
3335,boletic,7
3336,boletus,7
3337,boley,5
3338,bolye,5
3339,bolide,6
3340,bolis,5
3341,bolivian,8
3342,boll,4
3343,bolled,6
3344,bollandists,11
3345,bollard,7
3346,bollen,6
3347,bolling,7
3348,bollworm,8
3349,boln,4
3350,bologna,7
3351,bolognese,9
3352,bolognian,9
3353,bolometer,9
3354,bolster,7
3355,bolstered,9
3356,bolstering,10
3357,bolsterer,9
3358,bolt,4
3359,bolted,6
3360,bolting,7
3361,boltel,6
3362,bolter,6
3363,bolthead,8
3364,boltonite,9
3365,boltrope,8
3366,boltsprit,9
3367,bolty,5
3368,boluses,7
3369,bolus,5
3370,bom,3
3371,bomb,4
3372,bombace,7
3373,bombard,7
3374,bombarded,9
3375,bombarding,10
3376,bombardier,10
3377,bombardman,10
3378,bombardment,11
3379,bombardo,8
3380,bombardon,9
3381,bombasine,9
3382,bombast,7
3383,bombastic,9
3384,bombastical,11
3385,bombastry,9
3386,bombax,6
3387,bombazine,9
3388,bombic,6
3389,bombilate,9
3390,bombilation,11
3391,bombinate,9
3392,bombination,11
3393,bomboloes,9
3394,bombolo,7
3395,bombproof,9
3396,bombshell,9
3397,bombycid,8
3398,bombycinous,11
3399,bombylious,10
3400,bombyx,6
3401,bon,3
3402,bonair,6
3403,bonanza,7
3404,bonapartean,11
3405,bonapartism,11
3406,bonapartist,11
3407,bonasus,7
3408,bonassus,8
3409,bonbon,6
3410,bonce,5
3411,bonchretien,11
3412,boncilate,9
3413,bond,4
3414,bonded,6
3415,bonding,7
3416,bondage,7
3417,bondager,8
3418,bondar,6
3419,bonder,6
3420,bondholder,10
3421,bondmaid,8
3422,bondmen,7
3423,bondman,7
3424,bondslave,9
3425,bondsmen,8
3426,bondsman,8
3427,bondstone,9
3428,bondswoman,10
3429,bonduc,6
3430,bondwomen,9
3431,bondwoman,9
3432,bone,4
3433,boned,5
3434,boning,6
3435,boneache,8
3436,boneblack,9
3437,bonedog,7
3438,bonefish,8
3439,boneless,8
3440,boneset,7
3441,bonesetter,10
3442,boneshaw,8
3443,bonetta,7
3444,bonfire,7
3445,bongrace,8
3446,bonhomie,8
3447,bonhommie,9
3448,bonibell,8
3449,boniface,8
3450,boniform,8
3451,bonify,6
3452,boniness,8
3453,bonitary,8
3454,bonitoes,8
3455,bonito,6
3456,bonsmots,8
3457,bonmot,6
3458,bonne,5
3459,bonnet,6
3460,bonneted,8
3461,bonnetless,10
3462,bonnibel,8
3463,bonnie,6
3464,bonnilass,9
3465,bonnily,7
3466,bonniness,9
3467,bonny,5
3468,bonnyclabber,12
3469,bonspiel,8
3470,bontebok,8
3471,bonuses,7
3472,bonus,5
3473,bony,4
3474,bonze,5
3475,boobies,7
3476,booby,5
3477,boobyish,8
3478,boodh,5
3479,boodhism,8
3480,boodhist,8
3481,boodle,6
3482,boohooed,8
3483,boohooing,9
3484,boohoe,6
3485,boohoo,6
3486,book,4
3487,booked,6
3488,booking,7
3489,bookbinder,10
3490,bookbindery,11
3491,bookbinding,11
3492,bookcase,8
3493,bookcraft,9
3494,booker,6
3495,bookful,7
3496,bookholder,10
3497,bookish,7
3498,bookkeeper,10
3499,bookkeeping,11
3500,bookland,8
3501,bookless,8
3502,booklet,7
3503,bookmaker,9
3504,bookmen,7
3505,bookman,7
3506,bookmark,8
3507,bookmate,8
3508,bookmonger,10
3509,bookplate,9
3510,bookseller,10
3511,bookselling,11
3512,bookshelves,11
3513,bookshelf,9
3514,bookshop,8
3515,bookstall,9
3516,bookstand,9
3517,bookstore,9
3518,bookwork,8
3519,bookworm,8
3520,booky,5
3521,boolies,7
3522,booly,5
3523,boom,4
3524,boomed,6
3525,booming,7
3526,boomdas,7
3527,boomer,6
3528,boomerang,9
3529,boomkin,7
3530,boomorah,8
3531,boomslange,10
3532,boon,4
3533,boor,4
3534,boorish,7
3535,boort,5
3536,boose,5
3537,booser,6
3538,boosted,7
3539,boosting,8
3540,boost,5
3541,boot,4
3542,booted,6
3543,booting,7
3544,bootblack,9
3545,bootee,6
3546,bootes,6
3547,booth,5
3548,boothale,8
3549,boothose,8
3550,boothy,6
3551,bootikin,8
3552,bootjack,8
3553,bootless,8
3554,bootlick,8
3555,bootmaker,9
3556,boots,5
3557,boottopping,11
3558,boottree,8
3559,booty,5
3560,boozed,6
3561,boozing,7
3562,booze,5
3563,boozer,6
3564,boozy,5
3565,bopeep,6
3566,borable,7
3567,borachte,8
3568,boracic,7
3569,boracite,8
3570,boracous,8
3571,borage,6
3572,boragewort,10
3573,boraginaceous,13
3574,boragineous,11
3575,boramez,7
3576,borate,6
3577,borax,5
3578,borborygm,9
3579,bord,4
3580,bordage,7
3581,bordar,6
3582,bordeaux,8
3583,bordel,6
3584,bordello,8
3585,bordelais,9
3586,bordeller,9
3587,border,6
3588,bordered,8
3589,bordering,9
3590,borderer,8
3591,bordland,8
3592,bordlode,8
3593,bordman,7
3594,bordrag,7
3595,bordraging,10
3596,bordure,7
3597,bored,5
3598,boring,6
3599,boreal,6
3600,boreas,6
3601,borecole,8
3602,boredom,7
3603,boree,5
3604,borel,5
3605,borele,6
3606,borer,5
3607,boric,5
3608,boride,6
3609,borneol,7
3610,bornite,7
3611,borofluoride,12
3612,boroglyceride,13
3613,boron,5
3614,borosilicate,12
3615,borough,7
3616,boroughhead,11
3617,boroughholder,13
3618,boroughmaster,13
3619,boroughmonger,13
3620,boroughmongering,16
3621,boroughmongery,14
3622,borracho,8
3623,borrage,7
3624,borraginaceous,14
3625,borrel,6
3626,borrowed,8
3627,borrowing,9
3628,borrow,6
3629,borrower,8
3630,borsholder,10
3631,bort,4
3632,boruret,7
3633,borwe,5
3634,bos,3
3635,bosa,4
3636,boscage,7
3637,bosh,4
3638,boshes,6
3639,boshbok,7
3640,boshvark,8
3641,bosjesman,9
3642,bosk,4
3643,boskage,7
3644,bosket,6
3645,bosquet,7
3646,boskiness,9
3647,bosky,5
3648,bosom,5
3649,bosomed,7
3650,bosoming,8
3651,bosomy,6
3652,boson,5
3653,bosporian,9
3654,bosporus,8
3655,bosses,6
3656,boss,4
3657,bossed,6
3658,bossing,7
3659,bossage,7
3660,bosset,6
3661,bossism,7
3662,bossy,5
3663,boston,6
3664,boswellian,10
3665,boswellism,10
3666,bot,3
3667,botanic,7
3668,botanical,9
3669,botanist,8
3670,botanized,9
3671,botanizing,10
3672,botanize,8
3673,botanizer,9
3674,botanologer,11
3675,botanology,10
3676,botanomancy,11
3677,botanies,8
3678,botany,6
3679,botargo,7
3680,botches,7
3681,botch,5
3682,botched,7
3683,botching,8
3684,botchedly,9
3685,botcher,7
3686,botcherly,9
3687,botchery,8
3688,botchy,6
3689,bote,4
3690,boteless,8
3691,botfly,6
3692,both,4
3693,bothered,8
3694,bothering,9
3695,bother,6
3696,botheration,11
3697,botherer,8
3698,bothersome,10
3699,bothie,6
3700,bothnian,8
3701,bothnic,7
3702,bothrenchyma,12
3703,bothy,5
3704,botocudos,9
3705,botryogen,9
3706,botryoid,8
3707,botryoidal,10
3708,botryolite,10
3709,botryose,8
3710,bots,4
3711,bottine,7
3712,bottle,6
3713,bottled,7
3714,bottling,8
3715,bottlehead,10
3716,bottleholder,12
3717,bottler,7
3718,bottlescrew,11
3719,bottom,6
3720,bottomed,8
3721,bottoming,9
3722,bottomless,10
3723,bottomry,8
3724,bottony,7
3725,bottone,7
3726,botts,5
3727,botuliform,10
3728,bouche,6
3729,bouch,5
3730,bouchees,8
3731,boud,4
3732,boudoir,7
3733,bouffe,6
3734,bougainvillaea,14
3735,bouged,6
3736,bouge,5
3737,bouget,6
3738,bough,5
3739,bought,6
3740,boughten,8
3741,boughty,7
3742,bougie,6
3743,bouilli,7
3744,bouillon,8
3745,bouk,4
3746,boul,4
3747,boulangerite,12
3748,boulder,7
3749,bouldery,8
3750,boule,5
3751,boulework,9
3752,boulevard,9
3753,bouleversement,14
3754,buolt,5
3755,boultel,7
3756,boultin,7
3757,boulter,7
3758,boun,4
3759,bounced,7
3760,bouncing,8
3761,bounce,6
3762,bouncer,7
3763,bouncingly,10
3764,bounded,7
3765,bounding,8
3766,boundaries,10
3767,boundary,8
3768,bounder,7
3769,boundless,9
3770,bounteous,9
3771,bountiful,9
3772,bountihead,10
3773,bountyhood,10
3774,bounties,8
3775,bounty,6
3776,bouquet,7
3777,bouquetin,9
3778,bour,4
3779,bourbon,7
3780,bourbonism,10
3781,bourbonist,10
3782,bourd,5
3783,bourder,7
3784,bourdon,7
3785,bourgeois,9
3786,bourgeoisie,11
3787,bourgeon,8
3788,bouri,5
3789,bourn,5
3790,bourne,6
3791,bournless,9
3792,bournonite,10
3793,bournous,8
3794,bourree,7
3795,bourse,6
3796,bouse,5
3797,bouser,6
3798,boustrophedon,13
3799,boustrophedonic,15
3800,boustorphic,11
3801,bousy,5
3802,bout,4
3803,boutade,7
3804,boutefeu,8
3805,boutonniere,11
3806,bovate,6
3807,bovid,5
3808,boviform,8
3809,bovine,6
3810,bowed,5
3811,bowing,6
3812,bow,3
3813,bowable,7
3814,bowbell,7
3815,bowbent,7
3816,bowel,5
3817,boweled,7
3818,bowelled,8
3819,boweling,8
3820,bowelling,9
3821,bowelless,9
3822,bowenite,8
3823,bower,5
3824,bowery,6
3825,boweries,8
3826,bowess,6
3827,bowfin,6
3828,bowge,5
3829,bowgrace,8
3830,bowhead,7
3831,bowingly,8
3832,bowknot,7
3833,bowl,4
3834,bowled,6
3835,bowling,7
3836,bowlder,7
3837,bowldery,8
3838,bowleg,6
3839,bowler,6
3840,bowless,7
3841,bowline,7
3842,bowls,5
3843,bowmen,6
3844,bowman,6
3845,bowne,5
3846,bowse,5
3847,bowshot,7
3848,bowsprit,8
3849,bowssen,7
3850,bowstring,9
3851,bowstringed,11
3852,bowstrung,9
3853,bowstringing,12
3854,bowtel,6
3855,bowwow,6
3856,bowyer,6
3857,box,3
3858,boxes,5
3859,boxed,5
3860,boxing,6
3861,boxberry,8
3862,boxen,5
3863,boxer,5
3864,boxfish,7
3865,boxhauled,9
3866,boxhaul,7
3867,boxhauling,10
3868,boxkeeper,9
3869,boxthorn,8
3870,boxwood,7
3871,boy,3
3872,boyar,5
3873,boyard,6
3874,boyaux,6
3875,boyaus,6
3876,boyau,5
3877,boycotted,9
3878,boycotting,10
3879,boycott,7
3880,boycotter,9
3881,boycottism,10
3882,boydekin,8
3883,boyer,5
3884,boyhood,7
3885,boyish,6
3886,boyishly,8
3887,boyishness,10
3888,boyism,6
3889,boza,4
3890,brabantine,10
3891,brabble,7
3892,brabblement,11
3893,brabbler,8
3894,braccate,8
3895,brace,5
3896,braced,6
3897,bracing,7
3898,bracelet,8
3899,bracer,6
3900,brach,5
3901,brachelytra,11
3902,brachia,7
3903,brachial,8
3904,brachiata,9
3905,brachiate,9
3906,brachioganoid,13
3907,brachioganoidei,15
3908,brachiolaria,12
3909,brachiopod,10
3910,brachiopoda,11
3911,bracchia,8
3912,brachium,8
3913,brachman,8
3914,brachycatalectic,16
3915,brachycephalic,14
3916,brachycephalous,15
3917,brachycephaly,13
3918,brachycephalism,15
3919,brachyceral,11
3920,brachydiagonal,14
3921,brachydome,10
3922,brachygrapher,13
3923,brachygraphy,12
3924,brachylogy,10
3925,brachypinacoid,14
3926,brachyptera,11
3927,brachypteres,12
3928,brachypterous,13
3929,brachystochrone,15
3930,brachytypous,12
3931,brachyura,9
3932,brachyural,10
3933,brachyurous,11
3934,brachyuran,10
3935,brack,5
3936,bracken,7
3937,bracket,7
3938,bracketed,9
3939,bracketing,10
3940,brackish,8
3941,brackishness,12
3942,bracky,6
3943,bract,5
3944,bractea,7
3945,bracteal,8
3946,bracteate,9
3947,bracted,7
3948,bracteolate,11
3949,bracteole,9
3950,bractless,9
3951,bractlet,8
3952,brad,4
3953,bradoon,7
3954,brae,4
3955,bragged,7
3956,bragging,8
3957,brag,4
3958,braggadocio,11
3959,braggardism,11
3960,braggart,8
3961,bragger,7
3962,bragget,7
3963,braggingly,10
3964,bragless,8
3965,bragly,6
3966,brahma,6
3967,brahmans,8
3968,brahmins,8
3969,brahman,7
3970,brahmin,7
3971,brahmaness,10
3972,brahmani,8
3973,brahmanic,9
3974,brahminic,9
3975,ical,4
3976,brahmanism,10
3977,brahminism,10
3978,brahmanist,10
3979,brahminist,10
3980,brahmoism,9
3981,braided,7
3982,braiding,8
3983,braid,5
3984,brail,5
3985,brain,5
3986,brained,7
3987,braining,8
3988,brainish,8
3989,brainless,9
3990,brainpan,8
3991,brainsick,9
3992,brainsickly,11
3993,brainy,6
3994,braise,6
3995,braize,6
3996,braiser,7
3997,brait,5
3998,brake,5
3999,brakemen,8
4000,brakeman,8
4001,braky,5
4002,brama,5
4003,bramble,7
4004,brambled,8
4005,brambling,9
4006,brambly,7
4007,brame,5
4008,bramin,6
4009,braminic,8
4010,bran,4
4011,brancard,8
4012,branches,8
4013,branch,6
4014,branched,8
4015,branching,9
4016,brancher,8
4017,branchery,9
4018,branchiae,9
4019,branchia,8
4020,branchial,9
4021,branchiate,10
4022,branchiferous,13
4023,branchiness,11
4024,branchiogastropoda,18
4025,branchiomerism,14
4026,branchiopod,11
4027,branchiopoda,12
4028,branchiostegal,14
4029,branchiostege,13
4030,branchiostegous,15
4031,branchiostoma,13
4032,branchiura,10
4033,branchless,10
4034,branchlet,9
4035,branchy,7
4036,brand,5
4037,branded,7
4038,branding,8
4039,brander,7
4040,brandied,8
4041,brandished,10
4042,brandishing,11
4043,brandish,8
4044,brandisher,10
4045,brandle,7
4046,brandling,9
4047,brandlin,8
4048,brandies,8
4049,brandy,6
4050,brandywine,10
4051,brangle,7
4052,brangled,8
4053,brangling,9
4054,branglement,11
4055,brangler,8
4056,brank,5
4057,branks,6
4058,brankursine,11
4059,branlin,7
4060,branny,6
4061,bransle,7
4062,brant,5
4063,brantail,8
4064,branular,8
4065,brasen,6
4066,brash,5
4067,brasier,7
4068,brazier,7
4069,brasses,7
4070,brass,5
4071,brassage,8
4072,brassart,8
4073,brasse,6
4074,brassets,8
4075,brassica,8
4076,brassicaceous,13
4077,brassiness,10
4078,brassy,6
4079,brast,5
4080,brat,4
4081,bratsche,8
4082,brattice,8
4083,brattishing,11
4084,braunite,8
4085,bravade,7
4086,bravadoes,9
4087,bravado,7
4088,brave,5
4089,braved,6
4090,braving,7
4091,bravely,7
4092,braveness,9
4093,bravery,7
4094,bravingly,9
4095,bravoes,7
4096,bravo,5
4097,bravura,7
4098,brawled,7
4099,brawling,8
4100,brawl,5
4101,brawler,7
4102,brawlingly,10
4103,brawn,5
4104,brawned,7
4105,brawner,7
4106,brawniness,10
4107,brawny,6
4108,braxy,5
4109,brayed,6
4110,braying,7
4111,bray,4
4112,brayer,6
4113,brazed,6
4114,brazing,7
4115,braze,5
4116,brazen,6
4117,brazened,8
4118,brazening,9
4119,brazenface,10
4120,brazenfaced,11
4121,brazenly,8
4122,brazenness,10
4123,braziletto,10
4124,brazilian,9
4125,brazilin,8
4126,breach,6
4127,breached,8
4128,breaching,9
4129,breachy,7
4130,bread,5
4131,breadbasket,11
4132,breadcorn,9
4133,breaded,7
4134,breaden,7
4135,breadfruit,10
4136,breadless,9
4137,breadroot,9
4138,breadstuff,10
4139,breadth,7
4140,breadthless,11
4141,breadthways,11
4142,breadthwise,11
4143,breadthwinner,13
4144,broke,5
4145,broken,6
4146,breaking,8
4147,break,5
4148,breakable,9
4149,breakage,8
4150,breakdown,9
4151,breaker,7
4152,breakfast,9
4153,breakfasted,11
4154,breakfasting,12
4155,breakman,8
4156,breakneck,9
4157,breakwater,10
4158,bream,5
4159,breamed,7
4160,breaming,8
4161,breast,6
4162,breasted,8
4163,breasting,9
4164,breastband,10
4165,breastbeam,10
4166,breastbone,10
4167,breastfast,10
4168,breastheight,12
4169,breasthook,10
4170,breastknot,10
4171,breastpin,9
4172,breastplate,11
4173,breastplow,10
4174,breastplough,12
4175,breastrail,10
4176,breastrope,10
4177,breastsummer,12
4178,breastwheel,11
4179,breastwork,10
4180,breath,6
4181,breathable,10
4182,breathableness,14
4183,breathed,8
4184,breathing,9
4185,breathe,7
4186,breather,8
4187,breathful,9
4188,breathless,10
4189,breathlessly,12
4190,breathlessness,14
4191,breccia,7
4192,brecciated,10
4193,bred,4
4194,brede,5
4195,breede,6
4196,breech,6
4197,breeched,8
4198,breeching,9
4199,breechblock,11
4200,breechcloth,11
4201,breeches,8
4202,breechloader,12
4203,breeding,8
4204,breed,5
4205,breedbate,9
4206,breeder,7
4207,breeze,6
4208,breezeless,10
4209,breeziness,10
4210,breezy,6
4211,bregma,6
4212,bregmatic,9
4213,brehon,6
4214,breme,5
4215,brent,5
4216,brenning,8
4217,bren,4
4218,brenne,6
4219,brennage,8
4220,brenningly,10
4221,brere,5
4222,brest,5
4223,brusten,7
4224,borsten,7
4225,bursten,7
4226,breste,6
4227,brestsummer,11
4228,bret,4
4229,bretful,7
4230,brethren,8
4231,breton,6
4232,brett,5
4233,brettices,9
4234,brettice,8
4235,bretwalda,9
4236,bretzel,7
4237,breve,5
4238,brevet,6
4239,brevetted,9
4240,brevetting,10
4241,brevetcies,10
4242,brevetcy,8
4243,breviaries,10
4244,breviary,8
4245,breviate,8
4246,breviature,10
4247,brevier,7
4248,breviloquence,13
4249,breviped,8
4250,brevipen,8
4251,brevipennate,12
4252,brevirostral,12
4253,brevirostrate,13
4254,brevities,9
4255,brevity,7
4256,brewed,6
4257,brewing,7
4258,brew,4
4259,brewage,7
4260,brewer,6
4261,brewery,7
4262,brewhouse,9
4263,brewis,6
4264,brewsterite,11
4265,brezilin,8
4266,briar,5
4267,briarean,8
4268,bribable,8
4269,bribe,5
4270,bribed,6
4271,bribing,7
4272,bribeless,9
4273,briber,6
4274,briberies,9
4275,bribery,7
4276,brick,5
4277,bricked,7
4278,bricking,8
4279,brickbat,8
4280,brickkiln,9
4281,bricklayer,10
4282,bricklaying,11
4283,brickle,7
4284,brickleness,11
4285,brickmaker,10
4286,brickwork,9
4287,bricky,6
4288,brickyard,9
4289,bricole,7
4290,brid,4
4291,bridal,6
4292,bridalty,8
4293,bride,5
4294,bridebed,8
4295,bridecake,9
4296,bridechamber,12
4297,bridegroom,10
4298,brideknot,9
4299,bridemaid,9
4300,brideman,8
4301,bridesmaid,10
4302,bridesmen,9
4303,bridesman,9
4304,bridestake,10
4305,bridewell,9
4306,bridge,6
4307,bridged,7
4308,bridging,8
4309,bridgeboard,11
4310,bridgehead,10
4311,bridgeless,10
4312,bridgepot,9
4313,bridgetree,10
4314,bridgeing,9
4315,bridgey,7
4316,bridle,6
4317,bridled,7
4318,bridling,8
4319,bridler,7
4320,bridoon,7
4321,brief,5
4322,briefless,9
4323,briefly,7
4324,briefman,8
4325,briefness,9
4326,brier,5
4327,briered,7
4328,briery,6
4329,brig,4
4330,brigade,7
4331,brigaded,8
4332,brigading,9
4333,brigand,7
4334,brigandage,10
4335,brigandine,10
4336,brigandish,10
4337,brigandism,10
4338,brigantine,10
4339,brigge,6
4340,bright,6
4341,brightened,10
4342,brightening,11
4343,brighten,8
4344,brightly,8
4345,brightness,10
4346,brightsome,10
4347,brigose,7
4348,brigue,6
4349,brike,5
4350,brill,5
4351,brillante,9
4352,brillance,9
4353,brillancy,9
4354,brilliant,9
4355,brilliantly,11
4356,brilliantness,13
4357,brills,6
4358,brim,4
4359,brimmed,7
4360,brimming,8
4361,brimful,7
4362,brimless,8
4363,brimmer,7
4364,brimstone,9
4365,brimstony,9
4366,brin,4
4367,brinded,7
4368,brindle,7
4369,brindled,8
4370,brine,5
4371,brought,7
4372,bringing,8
4373,bring,5
4374,bringer,7
4375,brininess,9
4376,brinish,7
4377,brinishness,11
4378,brinjaree,9
4379,brink,5
4380,briny,5
4381,briony,6
4382,brisk,5
4383,brisket,7
4384,briskly,7
4385,briskness,9
4386,bristle,7
4387,bristled,8
4388,bristling,9
4389,bristletail,11
4390,bristliness,11
4391,bristly,7
4392,bristol,7
4393,brisure,7
4394,brit,4
4395,britt,5
4396,britannia,9
4397,britannic,9
4398,brite,5
4399,briticism,9
4400,british,7
4401,britisher,9
4402,briton,6
4403,brittle,7
4404,brittlely,9
4405,brittleness,11
4406,britzska,8
4407,brize,5
4408,broach,6
4409,broached,8
4410,broaching,9
4411,broacher,8
4412,broad,5
4413,broadbill,9
4414,broadbrim,9
4415,broadcast,9
4416,broadcloth,10
4417,broadened,9
4418,broadening,10
4419,broaden,7
4420,broadish,8
4421,broadleaf,9
4422,broadly,7
4423,broadmouth,10
4424,broadness,9
4425,broadpiece,10
4426,broadseal,9
4427,broadside,9
4428,broadspread,11
4429,broadspreading,14
4430,broadsword,10
4431,broadwise,9
4432,brob,4
4433,brobdingnagian,14
4434,brocade,7
4435,brocaded,8
4436,brocage,7
4437,brocard,7
4438,brocatel,8
4439,brocatello,10
4440,broccoli,8
4441,brochantite,11
4442,broche,6
4443,brochure,8
4444,brock,5
4445,brocket,7
4446,brockish,8
4447,brodekin,8
4448,brog,4
4449,brogan,6
4450,broggle,7
4451,brogue,6
4452,brogues,7
4453,broid,5
4454,broidered,9
4455,broider,7
4456,broiderer,9
4457,broidery,8
4458,broil,5
4459,broiled,7
4460,broiling,8
4461,broiler,7
4462,brokage,7
4463,brokenly,8
4464,brokenness,10
4465,broker,6
4466,brokerage,9
4467,brokerly,8
4468,brokery,7
4469,broking,7
4470,broma,5
4471,bromal,6
4472,bromate,7
4473,bromatologist,13
4474,bromatology,11
4475,brome,5
4476,bromeliaceous,13
4477,bromic,6
4478,bromide,7
4479,brominate,9
4480,bromine,7
4481,bromism,7
4482,bromize,7
4483,bromlife,8
4484,bromoform,9
4485,brompicrin,10
4486,bromuret,8
4487,bromyrite,9
4488,bronchi,7
4489,bronchia,8
4490,bronchial,9
4491,bronchic,8
4492,bronchiole,10
4493,bronchitic,10
4494,bronchitis,10
4495,broncho,7
4496,bronchocele,11
4497,bronchophony,12
4498,bronchotome,11
4499,bronchotomy,11
4500,bronchus,8
4501,bronco,6
4502,brond,5
4503,brontolite,10
4504,brontolith,10
4505,brontology,10
4506,brontosaurus,12
4507,brontotherium,13
4508,brontozoum,10
4509,bronze,6
4510,bronzed,7
4511,bronzing,8
4512,bronzewing,10
4513,bronzine,8
4514,bronzist,8
4515,bronzite,8
4516,bronzy,6
4517,brooch,6
4518,brood,5
4519,brooded,7
4520,brooding,8
4521,broody,6
4522,brook,5
4523,brooked,7
4524,brooking,8
4525,brookite,8
4526,brooklet,8
4527,brooklime,9
4528,brookside,9
4529,brookweed,9
4530,broom,5
4531,broomstaff,10
4532,broomstick,10
4533,broomy,6
4534,brose,5
4535,brotel,6
4536,brotelness,10
4537,broth,5
4538,brothel,7
4539,brotheler,9
4540,brothelry,9
4541,brothers,8
4542,brother,7
4543,brothered,9
4544,brotherhood,11
4545,brotherliness,13
4546,brotherly,9
4547,brouded,7
4548,brougham,8
4549,brow,4
4550,browbeat,8
4551,browbeaten,10
4552,browbeating,11
4553,browbound,9
4554,browdyng,8
4555,browed,6
4556,browless,8
4557,brown,5
4558,browned,7
4559,browning,8
4560,brownback,9
4561,brownian,8
4562,brownie,7
4563,brownish,8
4564,brownism,8
4565,brownist,8
4566,brownness,9
4567,brownstone,10
4568,brownwort,9
4569,browny,6
4570,browpost,8
4571,browse,6
4572,browsed,7
4573,browsing,8
4574,browser,7
4575,browsewood,10
4576,browspot,8
4577,bruang,6
4578,brucine,7
4579,brucite,7
4580,bruckeled,9
4581,bruh,4
4582,bruin,5
4583,bruised,7
4584,bruising,8
4585,bruise,6
4586,bruiser,7
4587,bruisewort,10
4588,bruit,5
4589,bruited,7
4590,bruiting,8
4591,brumaire,8
4592,brumal,6
4593,brume,5
4594,brummagem,9
4595,brumous,7
4596,brun,4
4597,brunette,8
4598,brunion,7
4599,brunonian,9
4600,brunt,5
4601,brush,5
4602,brushed,7
4603,brushing,8
4604,brusher,7
4605,brushiness,10
4606,brushite,8
4607,brushwood,9
4608,brushy,6
4609,brusk,5
4610,brusque,7
4611,brusqueness,11
4612,brussels,8
4613,brustled,8
4614,brustling,9
4615,brustle,7
4616,brut,4
4617,bruta,5
4618,brutal,6
4619,brutalism,9
4620,brutalities,11
4621,brutality,9
4622,brutalization,13
4623,brutalized,10
4624,brutalizing,11
4625,brutalize,9
4626,brutally,8
4627,brute,5
4628,brutely,7
4629,bruteness,9
4630,brutified,9
4631,brutifying,10
4632,brutify,7
4633,brutish,7
4634,brutism,7
4635,bruting,7
4636,bryological,11
4637,bryologist,10
4638,bryology,8
4639,bryonin,7
4640,bryony,6
4641,bryophyta,9
4642,bryozoa,7
4643,bryozoan,8
4644,bryozoum,8
4645,buansuah,8
4646,buat,4
4647,bub,3
4648,bubale,6
4649,bubaline,8
4650,bubble,6
4651,bubbled,7
4652,bubbling,8
4653,bubbler,7
4654,bubbly,6
4655,bubby,5
4656,buboes,6
4657,bubo,4
4658,bubonic,7
4659,bubonocele,10
4660,bubukle,7
4661,buccal,6
4662,buccaneer,9
4663,buccaneerish,12
4664,buccinal,8
4665,buccinator,10
4666,buccinoid,9
4667,buccinum,8
4668,bucentaur,9
4669,buceros,7
4670,bucholzite,10
4671,buchu,5
4672,buck,4
4673,bucked,6
4674,bucking,7
4675,buckboard,9
4676,bucker,6
4677,bucket,6
4678,buckety,7
4679,buckeye,7
4680,buckhound,9
4681,buckie,6
4682,buckish,7
4683,buckle,6
4684,buckled,7
4685,buckling,8
4686,buckler,7
4687,buckra,6
4688,buckram,7
4689,buckshot,8
4690,buckskin,8
4691,buckstall,9
4692,buckthorn,9
4693,bucktooth,9
4694,buckwheat,9
4695,bucolic,7
4696,bucolical,9
4697,bucrania,8
4698,bucranium,9
4699,bud,3
4700,budded,6
4701,budding,7
4702,buddha,6
4703,buddhism,8
4704,buddhist,8
4705,buddhistic,10
4706,buddle,6
4707,budged,6
4708,budging,7
4709,budge,5
4710,budgeness,9
4711,budger,6
4712,budgerow,8
4713,budget,6
4714,budgy,5
4715,budlet,6
4716,buff,4
4717,buffa,5
4718,buffaloes,9
4719,buffalo,7
4720,buffer,6
4721,bufferhead,10
4722,buffet,6
4723,buffeted,8
4724,buffeting,9
4725,buffeter,8
4726,buffin,6
4727,buffle,6
4728,bufflehead,10
4729,buffo,5
4730,buffoon,7
4731,buffooneries,12
4732,buffoonery,10
4733,buffoonish,10
4734,buffoonism,10
4735,buffoonly,9
4736,buffy,5
4737,bufo,4
4738,bufonite,8
4739,bug,3
4740,bugaboo,7
4741,bugbear,7
4742,bugbane,7
4743,bugfish,7
4744,bugger,6
4745,buggery,7
4746,bugginess,9
4747,buggy,5
4748,buggies,7
4749,bugle,5
4750,bugled,6
4751,bugler,6
4752,bugleweed,9
4753,buglosses,9
4754,bugloss,7
4755,bugwort,7
4756,buhl,4
4757,buhlwork,8
4758,buhlbuhl,8
4759,buhrstone,9
4760,built,5
4761,building,8
4762,builded,7
4763,build,5
4764,builder,7
4765,bukshish,8
4766,bulau,5
4767,bulb,4
4768,bulbaceous,10
4769,bulbar,6
4770,bulbed,6
4771,bulbel,6
4772,bulbiferous,11
4773,bulblet,7
4774,bulbose,7
4775,bulbous,7
4776,bulbul,6
4777,bulbule,7
4778,bulchin,7
4779,bulge,5
4780,bulged,6
4781,bulging,7
4782,bulgy,5
4783,bulimia,7
4784,bulimy,6
4785,bulimus,7
4786,bulk,4
4787,bulked,6
4788,bulking,7
4789,bulker,6
4790,bulkhead,8
4791,bulkiness,9
4792,bulky,5
4793,bull,4
4794,bullae,6
4795,bulla,5
4796,bullace,7
4797,bullantic,9
4798,bullary,7
4799,bullaries,9
4800,bullate,7
4801,bullbeggar,10
4802,bullcomber,10
4803,bulldog,7
4804,bulldozed,9
4805,bulldozing,10
4806,bulldoze,8
4807,bulldozer,9
4808,bulled,6
4809,bullet,6
4810,bulletin,8
4811,bullfaced,9
4812,bullfeast,9
4813,bullfight,9
4814,bullfighting,12
4815,bullfinch,9
4816,bullfist,8
4817,bullfice,8
4818,bullfly,7
4819,bullfrog,8
4820,bullhead,8
4821,bullheaded,10
4822,bullion,7
4823,bullionist,10
4824,bullirag,8
4825,bullish,7
4826,bullist,7
4827,bullition,9
4828,bullock,7
4829,bullon,6
4830,bullpout,8
4831,bullweed,8
4832,bullwort,8
4833,bullies,7
4834,bully,5
4835,bullied,7
4836,bullying,8
4837,bullyrag,8
4838,bullyrock,9
4839,bulrush,7
4840,bulse,5
4841,bultel,6
4842,bulti,5
4843,bultow,6
4844,bulwark,7
4845,bulwarked,9
4846,bulwarking,10
4847,bum,3
4848,bummed,6
4849,bumming,7
4850,bumbailiff,10
4851,bumbard,7
4852,bumbarge,8
4853,bumbast,7
4854,bumbeloes,9
4855,bumbelo,7
4856,bumble,6
4857,bumblebee,9
4858,bumboat,7
4859,bumkin,6
4860,bummalo,7
4861,bummer,6
4862,bummery,7
4863,bumped,6
4864,bumping,7
4865,bump,4
4866,bumper,6
4867,bumpkin,7
4868,bumptious,9
4869,bumptiousness,13
4870,bun,3
4871,bunn,4
4872,bunch,5
4873,bunched,7
4874,bunching,8
4875,bunchberry,10
4876,bunchiness,10
4877,bunchy,6
4878,buncombe,8
4879,bunkum,6
4880,bund,4
4881,bunder,6
4882,bundesrath,10
4883,bundle,6
4884,bundled,7
4885,bundling,8
4886,bung,4
4887,bunged,6
4888,bunging,7
4889,bungalow,8
4890,bungarum,8
4891,bunghole,8
4892,bungled,7
4893,bungling,8
4894,bungle,6
4895,bungler,7
4896,bunglingly,10
4897,bungo,5
4898,bunion,6
4899,bunk,4
4900,bunked,6
4901,bunking,7
4902,bunker,6
4903,bunko,5
4904,bunnian,7
4905,bunny,5
4906,bunodonta,9
4907,bunodonts,9
4908,bunt,4
4909,bunter,6
4910,bunting,7
4911,buntine,7
4912,buntline,8
4913,bunyon,6
4914,buoy,4
4915,buoyed,6
4916,buoying,7
4917,buoyage,7
4918,buoyance,8
4919,buoyancies,10
4920,buoyancy,8
4921,buoyant,7
4922,buprestidan,11
4923,bur,3
4924,burr,4
4925,burbolt,7
4926,burbot,6
4927,burdelais,9
4928,burden,6
4929,burdened,8
4930,burdening,9
4931,burdener,8
4932,burdenous,9
4933,burdensome,10
4934,burdock,7
4935,burdon,6
4936,bureaus,7
4937,bureaux,7
4938,bureau,6
4939,bureaucracy,11
4940,bureaucrat,10
4941,bureaucratic,12
4942,bureaucratical,14
4943,bureaucratist,13
4944,burel,5
4945,burette,7
4946,burg,4
4947,burgage,7
4948,burgall,7
4949,burgamot,8
4950,burganet,8
4951,burgee,6
4952,burgeois,8
4953,burgeon,7
4954,burgess,7
4955,burggrave,9
4956,burgh,5
4957,burghal,7
4958,burghbote,9
4959,burghbrech,10
4960,burgher,7
4961,burghermaster,13
4962,burghership,11
4963,burghmaster,11
4964,burghmote,9
4965,burglar,7
4966,burglarer,9
4967,burglarious,11
4968,burglariously,13
4969,burglaries,10
4970,burglary,8
4971,burgomaster,11
4972,burgonet,8
4973,burgoo,6
4974,burgrass,8
4975,burgrave,8
4976,burgundy,8
4977,burh,4
4978,burhel,6
4979,burrhel,7
4980,burial,6
4981,burier,6
4982,burin,5
4983,burinist,8
4984,burion,6
4985,burked,6
4986,burking,7
4987,burke,5
4988,burkism,7
4989,burled,6
4990,burling,7
4991,burl,4
4992,burlap,6
4993,burler,6
4994,burlesque,9
4995,burlesqued,10
4996,burlesquing,11
4997,burlesquer,10
4998,burletta,8
4999,burliness,9
5000,burly,5
5001,burmans,7
5002,burman,6
5003,burmese,7
5004,burned,6
5005,burnt,5
5006,burning,7
5007,burn,4
5008,burnable,8
5009,burner,6
5010,burnet,6
5011,burnettized,11
5012,burnettizing,12
5013,burnettize,10
5014,burnie,6
5015,burniebee,9
5016,burnished,9
5017,burnishing,10
5018,burnish,7
5019,burnisher,9
5020,burnoose,8
5021,burnous,7
5022,burnstickle,11
5023,burred,6
5024,burring,7
5025,burrel,6
5026,burro,5
5027,burrock,7
5028,burrow,6
5029,burrowed,8
5030,burrowing,9
5031,burrower,8
5032,burrstone,9
5033,burry,5
5034,bursae,6
5035,bursa,5
5036,bursal,6
5037,bursar,6
5038,bursarship,10
5039,bursary,7
5040,burschen,8
5041,bursch,6
5042,burse,5
5043,bursiculate,11
5044,bursiform,9
5045,bursitis,8
5046,burst,5
5047,bursting,8
5048,burster,7
5049,burstwort,9
5050,burt,4
5051,burthen,7
5052,burton,6
5053,bury,4
5054,buried,6
5055,burying,7
5056,bus,3
5057,busbies,7
5058,busby,5
5059,buscon,6
5060,bush,4
5061,bushed,6
5062,bushing,7
5063,bushboy,7
5064,bushel,6
5065,bushelage,9
5066,bushelman,9
5067,bushet,6
5068,bushfighter,11
5069,bushfighting,12
5070,bushhammer,10
5071,bushiness,9
5072,bushless,8
5073,bushmen,7
5074,bushman,7
5075,bushment,8
5076,bushranger,10
5077,bushwhacker,11
5078,bushwhacking,12
5079,bushy,5
5080,busily,6
5081,businesses,10
5082,business,8
5083,businesslike,12
5084,busk,4
5085,busked,6
5086,busket,6
5087,buskin,6
5088,buskined,8
5089,busky,5
5090,buss,4
5091,bussed,6
5092,bussing,7
5093,bust,4
5094,bustard,7
5095,buster,6
5096,bustled,7
5097,bustling,8
5098,bustle,6
5099,bustler,7
5100,bustoes,7
5101,busto,5
5102,busy,4
5103,busied,6
5104,busying,7
5105,busybodies,10
5106,busybody,8
5107,but,3
5108,butted,6
5109,butting,7
5110,butane,6
5111,butcher,7
5112,butchered,9
5113,butchering,10
5114,butcherliness,13
5115,butcherly,9
5116,butchery,8
5117,butler,6
5118,butlerage,9
5119,butlership,10
5120,butment,7
5121,butt,4
5122,butte,5
5123,butter,6
5124,buttered,8
5125,buttering,9
5126,butterball,10
5127,butterbird,10
5128,butterbump,10
5129,butterbur,9
5130,buttercup,9
5131,butterfish,10
5132,butterflies,11
5133,butterfly,9
5134,butterine,9
5135,butteris,8
5136,buttermen,9
5137,butterman,9
5138,buttermilk,10
5139,butternut,9
5140,butterweed,10
5141,butterweight,12
5142,butterwort,10
5143,buttery,7
5144,butteries,9
5145,buttock,7
5146,button,6
5147,buttoned,8
5148,buttoning,9
5149,buttonball,10
5150,buttonbush,10
5151,buttonhole,10
5152,buttonmold,10
5153,buttons,7
5154,buttonweed,10
5155,buttonwood,10
5156,buttony,7
5157,buttress,8
5158,buttressed,10
5159,buttressing,11
5160,buttweld,8
5161,butty,5
5162,butyl,5
5163,butylene,8
5164,butyraceous,11
5165,butyrate,8
5166,butyric,7
5167,butyrin,7
5168,butyrometer,11
5169,butyrone,8
5170,butyrous,8
5171,buxeous,7
5172,buxine,6
5173,buxom,5
5174,buying,6
5175,buy,3
5176,buyer,5
5177,buz,3
5178,buzzed,6
5179,buzzing,7
5180,buzz,4
5181,buzzard,7
5182,buzzardet,9
5183,buzzer,6
5184,buzzingly,9
5185,buzzsaw,7
5186,by,2
5187,byard,5
5188,bye,3
5189,bygone,6
5190,byland,6
5191,bylander,8
5192,byname,6
5193,bypaths,7
5194,bypath,6
5195,byplay,6
5196,byre,4
5197,byroad,6
5198,byronic,7
5199,bysmottered,11
5200,byss,4
5201,byssaceous,10
5202,byssiferous,11
5203,byssin,6
5204,byssine,7
5205,byssoid,7
5206,byssolite,9
5207,byssuses,8
5208,byssi,5
5209,byssus,6
5210,bystander,9
5211,byway,5
5212,byword,6
5213,bywork,6
5214,byzant,6
5215,byzantine,9
5216,byzantian,9
