,D
0,dab
1,dabbed
2,dabbing
3,dabb
4,dabber
5,dabbled
6,dabbling
7,dabble
8,dabbler
9,dabblingly
10,dabchick
11,daboia
12,dabster
13,dacapo
14,dace
15,dachshund
16,dacian
17,dacoit
18,dacoity
19,dacotahs
20,dactyl
21,dactylar
22,dactylet
23,dactylic
24,dactylioglyph
25,dactylioglyphi
26,dactyliography
27,dactyliology
28,dactyliomancy
29,dactylist
30,dactylitis
31,dactylology
32,dactylomancy
33,dactylonomy
34,dactylopterous
35,dactylotheca
36,dactylozooid
37,dad
38,daddled
39,daddling
40,dadle
41,daddock
42,daddy
43,dade
44,dadoes
45,dado
46,daedal
47,daedalian
48,daedalous
49,daemon
50,daemonic
51,daff
52,daffodil
53,daft
54,daftness
55,dag
56,dagger
57,dagges
58,daggled
59,daggling
60,daggle
61,daglock
62,dagos
63,dago
64,dagoba
65,dagon
66,dagswain
67,daguerrean
68,daguerreian
69,daguerreotype
70,daguerreotyped
71,daguerreotyping
72,daguerreotyper
73,daguerreotypist
74,daguerreotypy
75,dahabeah
76,dahlias
77,dahlia
78,dahlin
79,dailiness
80,daily
81,dailies
82,daimios
83,daimio
84,daint
85,daintified
86,daintifying
87,daintify
88,daintily
89,daintiness
90,daintrel
91,dainties
92,dainty
93,dairies
94,dairy
95,dairying
96,dairymaid
97,dairymen
98,dairyman
99,dairywomen
100,dairywoman
101,dais
102,daisied
103,daisies
104,daisy
105,dak
106,daker
107,dakir
108,dakoit
109,dakoity
110,dakotas
111,dal
112,dale
113,dalesmen
114,dalesman
115,dalf
116,dalliance
117,dallier
118,dallop
119,dallied
120,dallying
121,dally
122,dalmania
123,dalmanites
124,dalmatian
125,dalmatica
126,dalmatic
127,daltonian
128,daltonism
129,dam
130,dammed
131,damming
132,damage
133,damages
134,damaging
135,damageable
136,daman
137,damar
138,damascene
139,damascus
140,damask
141,damasked
142,damasking
143,damaskeen
144,damasken
145,damaskin
146,damasse
147,damassin
148,dambonite
149,dambose
150,dame
151,damewort
152,damiana
153,damianist
154,dammar
155,dammara
156,damned
157,damning
158,damn
159,damnability
160,damnable
161,damnableness
162,damnably
163,damnation
164,damnatory
165,damnific
166,damnification
167,damnify
168,damningness
169,damnum
170,damosel
171,damosella
172,damoiselle
173,damourite
174,damp
175,damped
176,damping
177,dampened
178,dampening
179,dampen
180,damper
181,dampish
182,dampne
183,dampness
184,dampy
185,damsel
186,damson
187,dan
188,danaide
189,danaite
190,danalite
191,danburite
192,danced
193,dancing
194,dance
195,dancer
196,danceress
197,dancette
198,dancy
199,dandelion
200,dander
201,dandi
202,dandie
203,dandified
204,dandifying
205,dandify
206,dandiprat
207,dandled
208,dandling
209,dandle
210,dandler
211,dandriff
212,dandruff
213,dandies
214,dandy
215,dandyish
216,dandyism
217,dandyise
218,dandyling
219,dane
220,danegeld
221,danegelt
222,danewort
223,dang
224,danger
225,dangerful
226,dangerless
227,dangerous
228,dangled
229,dangling
230,dangle
231,dangleberry
232,dangler
233,daniel
234,danish
235,danite
236,dank
237,dankish
238,dannebrog
239,danseuse
240,dansk
241,dansker
242,dantean
243,dantesque
244,danubian
245,dap
246,dapatical
247,daphne
248,daphnetin
249,daphnia
250,daphnin
251,daphnomancy
252,dapifer
253,dapper
254,dapperling
255,dapple
256,dappled
257,dappling
258,darbies
259,darby
260,darbyite
261,dardanian
262,durst
263,dared
264,daring
265,dare
266,dareful
267,darer
268,darg
269,dargue
270,daric
271,dark
272,darkened
273,darkening
274,darken
275,darkener
276,darkful
277,darkish
278,darkle
279,darkling
280,darkly
281,darkness
282,darksome
283,darky
284,darling
285,darlingtonia
286,darned
287,darning
288,darn
289,darnel
290,darner
291,darnex
292,darnic
293,daroo
294,darr
295,darraign
296,darrain
297,darrein
298,dart
299,darted
300,darting
301,dartars
302,darter
303,dartingly
304,dartle
305,dartoic
306,dartoid
307,dartos
308,dartrous
309,darwinian
310,darwinianism
311,darwinism
312,dase
313,dasewe
314,dashed
315,dashing
316,dash
317,dashboard
318,dasher
319,dashingly
320,dashism
321,dashpot
322,dashy
323,dastard
324,dastardized
325,dastardizing
326,dastardize
327,dastardliness
328,dastardly
329,dastardness
330,dastardy
331,daswe
332,dasymeter
333,dasypaedal
334,dasypaedes
335,dasypaedic
336,dasyure
337,dasyurine
338,data
339,datable
340,dataria
341,datary
342,date
343,dated
344,dating
345,dateless
346,dater
347,datiscin
348,dative
349,datively
350,datolite
351,datum
352,datura
353,daturine
354,daubed
355,daubing
356,daub
357,dauber
358,daubery
359,daubry
360,daubreelite
361,dauby
362,daughters
363,daughtren
364,daughter
365,daughterliness
366,daughterly
367,dauk
368,daun
369,daunted
370,daunting
371,daunt
372,daunter
373,dauntless
374,dauphin
375,dauphiness
376,dauphine
377,dauw
378,davenport
379,davidic
380,davit
381,davyne
382,davyum
383,daw
384,dawdled
385,dawdling
386,dawdle
387,dawdler
388,dawe
389,dawish
390,dawk
391,dawned
392,dawning
393,dawn
394,dawsonite
395,day
396,dayaks
397,daybook
398,daybreak
399,daydream
400,daydreamer
401,dayflower
402,dayfly
403,daylight
404,daymaid
405,daymare
406,daysman
407,dayspring
408,daytime
409,daywoman
410,dazed
411,dazing
412,daze
413,dazzled
414,dazzling
415,dazzle
416,dazzlement
417,dazzlingly
418,deacon
419,deaconess
420,deaconhood
421,deaconry
422,deaconship
423,dead
424,deadbeat
425,deadborn
426,deadened
427,deadening
428,deaden
429,deadener
430,deadhead
431,deadhouse
432,deadish
433,deadlatch
434,deadlight
435,deadlihood
436,deadliness
437,deadlock
438,deadly
439,deadness
440,deads
441,deadwood
442,deadworks
443,deaf
444,deafened
445,deafening
446,deafen
447,deafly
448,deafness
449,deal
450,dealt
451,dealing
452,dealbate
453,dealbation
454,dealer
455,dealfish
456,dealth
457,deambulate
458,deambulation
459,deambulatory
460,dean
461,deaneries
462,deanery
463,deanship
464,dear
465,dearborn
466,deare
467,dearie
468,dearling
469,dearly
470,dearn
471,dearness
472,dearth
473,dearticulate
474,dearworth
475,deary
476,deas
477,death
478,deathbed
479,deathbird
480,deathblow
481,deathful
482,deathfulness
483,deathless
484,deathlike
485,deathliness
486,deathly
487,deathsman
488,deathward
489,deathwatch
490,deaurate
491,deauration
492,deave
493,debacchate
494,debacchation
495,debacle
496,debarred
497,debarring
498,debar
499,debarb
500,debarked
501,debarking
502,debark
503,debarkation
504,debarment
505,debarrass
506,debased
507,debasing
508,debase
509,debasement
510,debaser
511,debasingly
512,debatable
513,debated
514,debating
515,debate
516,debateful
517,debatefully
518,debatement
519,debater
520,debatingly
521,debauched
522,debauching
523,debauch
524,debauchedly
525,debauchedness
526,debauchee
527,debaucher
528,debaucheries
529,debauchery
530,debauchment
531,debauchness
532,debeige
533,debel
534,debellate
535,debellation
536,debenture
537,debentured
538,debile
539,debilitant
540,debilitated
541,debilitating
542,debilitate
543,debilitation
544,debility
545,debit
546,debited
547,debiting
548,debitor
549,debituminization
550,debituminize
551,deblai
552,debonair
553,debonairity
554,debonairly
555,debonairness
556,debosh
557,deboshment
558,debouched
559,debouching
560,debouch
561,debouche
562,debouchure
563,debris
564,debruised
565,debt
566,debted
567,debtee
568,debtless
569,debtor
570,debulliate
571,debulition
572,deburse
573,debuscope
574,debut
575,debutant
576,debutante
577,decacerata
578,decachord
579,decachordon
580,decucuminated
581,decad
582,decadal
583,decade
584,decadence
585,decadency
586,decadent
587,decadist
588,decagon
589,decagonal
590,decagram
591,decagramme
592,decagynia
593,decagynian
594,deccagynous
595,decahedral
596,decahedrons
597,decahedra
598,decahedron
599,decalcification
600,decalcified
601,decalcifying
602,decalcify
603,decalcomania
604,decalcomanie
605,decaliter
606,decalitre
607,decalog
608,decalogist
609,decalogue
610,decameron
611,decameter
612,decametre
613,decamped
614,decamping
615,decamp
616,decampment
617,decanal
618,decandria
619,decandrian
620,decandrous
621,decane
622,decangular
623,decani
624,decanted
625,decanting
626,decant
627,decantate
628,decantation
629,decanter
630,decaphyllous
631,decapitated
632,decapitating
633,decapitate
634,decapitation
635,decapod
636,decapoda
637,deccapodal
638,deccapodous
639,decarbonate
640,decarbonization
641,decarbonized
642,decarbonizing
643,decarbonize
644,decarbonizer
645,decarburization
646,decarburize
647,decard
648,decardinalize
649,decastere
650,decastich
651,decastyle
652,decasyllabic
653,decatoic
654,decayed
655,decaying
656,decay
657,decayer
658,decease
659,deceased
660,deceasing
661,decede
662,decedent
663,deceit
664,deceitful
665,deceitfully
666,deceitfulness
667,deceitless
668,deceivable
669,deceivableness
670,deceivably
671,deceived
672,deceiving
673,deceive
674,deceiver
675,december
676,decemdentate
677,decemfid
678,decemlocular
679,decempedal
680,decemvirs
681,decemviri
682,decemvir
683,decemviral
684,decemvirate
685,decemvirship
686,decence
687,decencies
688,decency
689,decene
690,decennaries
691,decennary
692,decennial
693,decenniums
694,decennia
695,decennium
696,decennoval
697,decennovary
698,decent
699,decentralization
700,decentralize
701,deceptible
702,deception
703,deceptious
704,deceptive
705,deceptively
706,deceptiveness
707,deceptivity
708,deceptory
709,decern
710,decerniture
711,decerp
712,decerpt
713,decerptible
714,decerption
715,decertation
716,decession
717,decharm
718,dechristianized
719,dechristianizing
720,dechristianize
721,decidable
722,decided
723,deciding
724,decide
725,decidedly
726,decidement
727,decidence
728,decider
729,decidua
730,deciduata
731,deciduate
732,deciduity
733,deciduous
734,deciduousness
735,decigram
736,decigramme
737,decil
738,decile
739,deciliter
740,decilitre
741,decillion
742,decillionth
743,decimal
744,decimalism
745,decimalize
746,decimally
747,decimated
748,decimating
749,decimate
750,decimation
751,decimator
752,decime
753,decimeter
754,decimetre
755,decimosexto
756,decine
757,deciphered
758,deciphering
759,decipher
760,decipherable
761,decipherer
762,decipheress
763,decipherment
764,decipiency
765,decipium
766,decision
767,decisive
768,decisory
769,decistere
770,decitizenize
771,decivilize
772,decked
773,decking
774,deck
775,deckel
776,decker
777,deckle
778,declaimed
779,declaiming
780,declaim
781,declaimant
782,declaimer
783,declamation
784,declamator
785,declamatory
786,declarable
787,declarant
788,declaration
789,declarative
790,declaratively
791,declarator
792,declaratorily
793,declaratory
794,declared
795,declaring
796,declare
797,declaredly
798,declaredness
799,declarement
800,declarer
801,declension
802,declensional
803,declinable
804,declinal
805,declinate
806,declination
807,declinator
808,declinatory
809,declinature
810,declined
811,declining
812,decline
813,decliner
814,declinometer
815,declinous
816,declivitous
817,declivous
818,declivities
819,declivity
820,decocted
821,decocting
822,decoct
823,decoctible
824,decoction
825,decocture
826,decollated
827,decollating
828,decollate
829,decollation
830,decollete
831,decolling
832,decolor
833,decolorant
834,decolorate
835,decoloration
836,decolorize
837,decomplex
838,decomposable
839,decomposed
840,decomposing
841,decompose
842,decomposite
843,decomposition
844,decompounded
845,decompounding
846,decompound
847,decompoundable
848,deconcentrate
849,deconcentration
850,deconcoct
851,deconsecrate
852,decorament
853,decorated
854,decorating
855,decorate
856,decoration
857,decorative
858,decorator
859,decore
860,decorement
861,decorous
862,decorticated
863,decorticating
864,decorticate
865,decortication
866,decorticator
867,decorum
868,decoyed
869,decoying
870,decoy
871,decoyer
872,decreased
873,decreasing
874,decrease
875,decreaseless
876,decreation
877,decree
878,decreed
879,decreeing
880,decreeable
881,decreer
882,decreet
883,decrement
884,decrepit
885,decrepitated
886,decrepitating
887,decrepitate
888,decrepitation
889,decrepitness
890,decrepitude
891,decrescendo
892,decrescent
893,decretal
894,decrete
895,decretion
896,decretist
897,decretive
898,decretorial
899,decretorily
900,decretory
901,decrew
902,decrial
903,decrier
904,decrown
905,decrustation
906,decried
907,decrying
908,decry
909,decubation
910,decubitus
911,decuman
912,decumbence
913,decumbency
914,decumbent
915,decumbently
916,decumbiture
917,decuple
918,decupled
919,decupling
920,decurion
921,decurionate
922,decurrence
923,decurrent
924,decursion
925,decursive
926,decursively
927,decurt
928,decurtation
929,decuries
930,decury
931,decussated
932,decussating
933,decussate
934,decussately
935,decussation
936,decussative
937,decussatively
938,decyl
939,decylic
940,dedalian
941,dedalous
942,dedans
943,dede
944,dedecorate
945,dedecoration
946,dedecorous
947,dedentition
948,dedicate
949,dedicated
950,dedicating
951,dedicatee
952,dedication
953,dedicator
954,dedicatorial
955,dedicatory
956,dedimus
957,dedition
958,dedolent
959,deduced
960,deducing
961,deduce
962,deducement
963,deducibility
964,deducible
965,deducibleness
966,deducibly
967,deducive
968,deducted
969,deducting
970,deduct
971,deductible
972,deduction
973,deductive
974,deductively
975,deductor
976,deduit
977,deduplication
978,deed
979,deedful
980,deedless
981,deedy
982,deemed
983,deeming
984,deem
985,deemster
986,deep
987,deepened
988,deepening
989,deepen
990,deeply
991,deepness
992,deer
993,deerberry
994,deergrass
995,deerhound
996,deerlet
997,deerskin
998,deerstalker
999,deerstalking
1000,dees
1001,deesis
1002,deess
1003,deev
1004,defaced
1005,defacing
1006,deface
1007,defacement
1008,defacer
1009,defail
1010,defailance
1011,defailure
1012,defalcated
1013,defalcating
1014,defalcate
1015,defalcation
1016,defalcator
1017,defalk
1018,defamation
1019,defamatory
1020,defamed
1021,defaming
1022,defame
1023,defamer
1024,defamingly
1025,defamous
1026,defatigable
1027,defatigate
1028,defatigation
1029,default
1030,defaulted
1031,defaulting
1032,defaulter
1033,defeasance
1034,defeasanced
1035,defeasible
1036,defeated
1037,defeating
1038,defeat
1039,defeature
1040,defeatured
1041,defecate
1042,defecated
1043,defecating
1044,defecation
1045,defecator
1046,defect
1047,defectibility
1048,defectible
1049,defection
1050,defectionist
1051,defectious
1052,defective
1053,defectuosity
1054,defectuous
1055,defedation
1056,defence
1057,defended
1058,defending
1059,defend
1060,defendable
1061,defendant
1062,defendee
1063,defender
1064,defendress
1065,defensative
1066,defense
1067,defenseless
1068,defenser
1069,defensibility
1070,defensible
1071,defensibleness
1072,defensive
1073,defensively
1074,defensor
1075,defensory
1076,deferred
1077,deferring
1078,defer
1079,deference
1080,deferent
1081,deferential
1082,deferentially
1083,deferment
1084,deferrer
1085,defervescence
1086,defervescency
1087,defeudalize
1088,defiance
1089,defiant
1090,defiatory
1091,defibrinate
1092,defibrination
1093,defibrinize
1094,deficience
1095,deficiencies
1096,deficiency
1097,deficient
1098,deficit
1099,defier
1100,defiguration
1101,defigure
1102,defiladed
1103,defilading
1104,defilade
1105,defiled
1106,defiling
1107,defile
1108,defilement
1109,defiler
1110,defiliation
1111,definable
1112,defined
1113,defining
1114,define
1115,definement
1116,definer
1117,definite
1118,definitely
1119,definiteness
1120,definition
1121,definitional
1122,definitive
1123,definitively
1124,definitiveness
1125,definitude
1126,defix
1127,deflagrability
1128,deflagrable
1129,deflagrated
1130,deflagrating
1131,deflagrate
1132,deflagration
1133,deflagrator
1134,deflate
1135,deflected
1136,deflecting
1137,deflect
1138,deflectable
1139,deflection
1140,deflectionization
1141,deflectionize
1142,deflective
1143,deflector
1144,deflexed
1145,deflexion
1146,deflexure
1147,deflorate
1148,defloration
1149,defloured
1150,deflouring
1151,deflour
1152,deflourer
1153,deflow
1154,deflower
1155,deflowerer
1156,defluous
1157,deflux
1158,defluxion
1159,defly
1160,defoedation
1161,defoliate
1162,defoliated
1163,defoliation
1164,deforced
1165,deforcing
1166,deforce
1167,deforcement
1168,deforceor
1169,deforciant
1170,deforciation
1171,deforest
1172,deformed
1173,deforming
1174,deform
1175,deformation
1176,deformer
1177,deformities
1178,deformity
1179,deforser
1180,defoul
1181,defrauded
1182,defrauding
1183,defraud
1184,defraudation
1185,defrauder
1186,defraudment
1187,defrayed
1188,defraying
1189,defray
1190,defrayal
1191,defrayer
1192,defrayment
1193,deft
1194,deftly
1195,deftness
1196,defunct
1197,defunction
1198,defunctive
1199,defuse
1200,defied
1201,defying
1202,defy
1203,degarnished
1204,degarnishing
1205,degarnish
1206,degarnishment
1207,degender
1208,degener
1209,degeneracy
1210,degenerate
1211,degenerated
1212,degenerating
1213,degenerately
1214,degenerateness
1215,degeneration
1216,degenerationist
1217,degenerative
1218,degenerous
1219,degenerously
1220,deglazing
1221,degloried
1222,deglutinated
1223,deglutinating
1224,deglutinate
1225,deglutination
1226,deglutition
1227,deglutitious
1228,deglutitory
1229,degradation
1230,degraded
1231,degrading
1232,degrade
1233,degradement
1234,degradingly
1235,degravation
1236,degree
1237,degu
1238,degust
1239,degustation
1240,dehisce
1241,dehiscence
1242,dehiscent
1243,dehonestate
1244,dehonestation
1245,dehorned
1246,dehorning
1247,dehorn
1248,dehors
1249,dehorted
1250,dehorting
1251,dehort
1252,dehortation
1253,dehortative
1254,dehortatory
1255,dehorter
1256,dehumanize
1257,dehusk
1258,dehydrate
1259,dehydration
1260,dehydrogenate
1261,dehydrogenation
1262,deicide
1263,deictic
1264,deictically
1265,deific
1266,deifical
1267,deification
1268,deified
1269,deifier
1270,deiform
1271,deiformity
1272,deifying
1273,deify
1274,deigned
1275,deigning
1276,deign
1277,deignous
1278,deil
1279,deinoceras
1280,deinornis
1281,deinosaur
1282,deinotherium
1283,deintegrate
1284,deinteous
1285,deintevous
1286,deiparous
1287,deipnosophist
1288,deis
1289,deism
1290,deist
1291,deistic
1292,deistical
1293,deistically
1294,deisticalness
1295,deitate
1296,deities
1297,deity
1298,dejected
1299,dejecting
1300,deject
1301,dejecta
1302,dejecter
1303,dejection
1304,dejectly
1305,dejectory
1306,dejecture
1307,dejerate
1308,dejeration
1309,dejeune
1310,dejeuner
1311,dekagram
1312,dekaliter
1313,dekameter
1314,dekastere
1315,dekle
1316,del
1317,delaceration
1318,delacrymation
1319,delactation
1320,delaine
1321,delamination
1322,delapsation
1323,delapsed
1324,delapsing
1325,delapse
1326,delapsion
1327,delassation
1328,delated
1329,delating
1330,delate
1331,delation
1332,delator
1333,delaware
1334,delawares
1335,delays
1336,delay
1337,delayed
1338,delaying
1339,delayer
1340,delayingly
1341,delayment
1342,dele
1343,deled
1344,deleing
1345,deleble
1346,delectable
1347,delectate
1348,delectation
1349,delectus
1350,delegacy
1351,delegate
1352,delegated
1353,delegating
1354,delegation
1355,delegatory
1356,delenda
1357,delenifical
1358,deleted
1359,deleting
1360,delete
1361,deleterious
1362,deletery
1363,deletion
1364,deletitious
1365,deletive
1366,deletory
1367,delf
1368,delft
1369,delftware
1370,delibate
1371,delibation
1372,deliber
1373,deliberate
1374,deliberated
1375,deliberating
1376,deliberately
1377,deliberateness
1378,deliberation
1379,deliberative
1380,deliberatively
1381,deliberator
1382,delibrated
1383,delibrating
1384,delibrate
1385,delibration
1386,delicacies
1387,delicacy
1388,delicate
1389,delicately
1390,delicateness
1391,delices
1392,deliciate
1393,delicious
1394,deliciously
1395,deliciousness
1396,delict
1397,deligate
1398,deligation
1399,delight
1400,delighted
1401,delighting
1402,delightable
1403,delightedly
1404,delighter
1405,delightful
1406,delightless
1407,delightous
1408,delightsome
1409,delilah
1410,delimit
1411,delimitation
1412,deline
1413,delineable
1414,delineament
1415,delineate
1416,delineated
1417,delineating
1418,delineation
1419,delineator
1420,delineatory
1421,delineature
1422,delinition
1423,delinquencies
1424,delinquency
1425,delinquent
1426,delinquently
1427,deliquate
1428,deliquation
1429,deliquesced
1430,deliquescing
1431,deliquesce
1432,deliquescence
1433,deliquescent
1434,deliquiate
1435,deliquiation
1436,deliquium
1437,deliracy
1438,delirament
1439,delirancy
1440,delirant
1441,delirate
1442,deliration
1443,deliriant
1444,delirifacient
1445,delirious
1446,delirium
1447,delit
1448,delitable
1449,delitescence
1450,delitescency
1451,delitescent
1452,delitigate
1453,delitigation
1454,delivered
1455,delivering
1456,deliver
1457,deliverable
1458,deliverance
1459,deliverer
1460,deliveress
1461,deliverly
1462,deliverness
1463,deliveries
1464,delivery
1465,dell
1466,dellacruscan
1467,deloo
1468,deloul
1469,delph
1470,delphian
1471,delphic
1472,delphin
1473,delphine
1474,delphinic
1475,delphinine
1476,delphinoid
1477,delphinoidea
1478,delphinus
1479,deltas
1480,delta
1481,deltafication
1482,deltaic
1483,delthyris
1484,deltic
1485,deltidium
1486,deltohedron
1487,deltoid
1488,deludable
1489,deluded
1490,deluding
1491,delude
1492,deluder
1493,deluge
1494,deluged
1495,deluging
1496,delundung
1497,delusion
1498,delusional
1499,delusive
1500,delusory
1501,delved
1502,delving
1503,delve
1504,delver
1505,demagnetize
1506,demagog
1507,demagogic
1508,demagogical
1509,demagogism
1510,demagogue
1511,demagogy
1512,demain
1513,demanded
1514,demanding
1515,demand
1516,demandable
1517,demandant
1518,demander
1519,demandress
1520,demantoid
1521,demarcate
1522,demarcation
1523,demarch
1524,demarkation
1525,dematerialize
1526,deme
1527,demeaned
1528,demeaning
1529,demean
1530,demeanance
1531,demeanor
1532,demeanure
1533,demency
1534,dement
1535,dementate
1536,dementation
1537,demented
1538,dementia
1539,demephitized
1540,demephitizing
1541,demephitize
1542,demerge
1543,demerit
1544,demerse
1545,demersed
1546,demersion
1547,demesmerize
1548,demesne
1549,demesnial
1550,demi
1551,demibastion
1552,demibrigade
1553,demicadence
1554,demicannon
1555,demicircle
1556,demiculverin
1557,demideify
1558,demidevil
1559,demigod
1560,demigoddess
1561,demigorge
1562,demigrate
1563,demigration
1564,demigroat
1565,demijohn
1566,demilance
1567,demilancer
1568,demilune
1569,demiman
1570,demimonde
1571,deminatured
1572,demiquaver
1573,demirelief
1574,demirelievo
1575,demirep
1576,demisability
1577,demisable
1578,demise
1579,demised
1580,demising
1581,demisemiquaver
1582,demiss
1583,demission
1584,demissionary
1585,demissive
1586,demissly
1587,demisuit
1588,demitted
1589,demitting
1590,demit
1591,demitint
1592,demitone
1593,demiurge
1594,demiurgic
1595,demivill
1596,demivolt
1597,demiwolf
1598,demobilization
1599,demobilize
1600,democracies
1601,democracy
1602,democrat
1603,democratic
1604,democratical
1605,democratically
1606,democratism
1607,democratist
1608,democratize
1609,democraty
1610,demogorgon
1611,demography
1612,demoiselle
1613,demolished
1614,demolishing
1615,demolish
1616,demolisher
1617,demolishment
1618,demolition
1619,demolitionist
1620,demon
1621,demoness
1622,demonetization
1623,demonetize
1624,demoniac
1625,demoniacal
1626,demoniacally
1627,demoniacism
1628,demonial
1629,demonian
1630,demonianism
1631,demoniasm
1632,demonic
1633,demonism
1634,demonist
1635,demonized
1636,demonizing
1637,demonize
1638,demonocracy
1639,demonographer
1640,demonolatry
1641,demonologer
1642,demonologic
1643,demonological
1644,demonologist
1645,demonology
1646,demonomagy
1647,demonomania
1648,demonomist
1649,demonomy
1650,demonry
1651,demonship
1652,demonstrability
1653,demonstrable
1654,demonstrableness
1655,demonstrably
1656,demonstrance
1657,demonstrate
1658,demonstrater
1659,demonstration
1660,demonstrative
1661,demonstratively
1662,demonstrativeness
1663,demonstrator
1664,demonstratory
1665,demorage
1666,demoralization
1667,demoralized
1668,demoralizing
1669,demoralize
1670,demosthenic
1671,demotic
1672,demount
1673,dempne
1674,dempster
1675,demster
1676,demulce
1677,demulcent
1678,demulsion
1679,demurred
1680,demurring
1681,demur
1682,demure
1683,demurely
1684,demureness
1685,demurity
1686,demurrable
1687,demurrage
1688,demurral
1689,demurrer
1690,demies
1691,demy
1692,den
1693,denarcotize
1694,denarii
1695,denarius
1696,denary
1697,denationalization
1698,denationalized
1699,denationalizing
1700,denationalize
1701,denaturalized
1702,denaturalizing
1703,denaturalize
1704,denay
1705,dendrachate
1706,dendriform
1707,dendrite
1708,dendritic
1709,dendritical
1710,dendroc/la
1711,dendroid
1712,dendroidal
1713,dendrolite
1714,dendrologist
1715,dendrologous
1716,dendrology
1717,dendrometer
1718,denegate
1719,denegation
1720,dengue
1721,deniable
1722,denial
1723,deniance
1724,denier
1725,denigrate
1726,denigration
1727,denigrator
1728,denim
1729,denitration
1730,denitrification
1731,denitrify
1732,denization
1733,denize
1734,denizen
1735,denizenation
1736,denizenize
1737,denizenship
1738,dennet
1739,denominable
1740,denominated
1741,denominating
1742,denominate
1743,denomination
1744,denominational
1745,denominationalism
1746,denominationalist
1747,denominationally
1748,denominative
1749,denominatively
1750,denominator
1751,denotable
1752,denotate
1753,denotation
1754,denotative
1755,denoted
1756,denoting
1757,denote
1758,denotement
1759,denotive
1760,denouement
1761,denounced
1762,denouncing
1763,denounce
1764,denouncement
1765,denouncer
1766,dense
1767,densely
1768,denseless
1769,densimeter
1770,density
1771,dent
1772,dented
1773,denting
1774,dental
1775,dentalism
1776,dentalium
1777,dentary
1778,dentate
1779,dentated
1780,dentately
1781,dentation
1782,dentel
1783,dentelle
1784,dentelli
1785,dentex
1786,denticete
1787,denticle
1788,denticulate
1789,denticulated
1790,denticulation
1791,dentiferous
1792,dentiform
1793,dentifrice
1794,dentigerous
1795,dentil
1796,dentilabial
1797,dentilated
1798,dentilation
1799,dentilave
1800,dentile
1801,dentilingual
1802,dentiloquist
1803,dentiloquy
1804,dential
1805,dentine
1806,dentiphone
1807,dentirostres
1808,dentiroster
1809,dentirostral
1810,dentirostrate
1811,dentiscalp
1812,dentist
1813,dentistic
1814,dentistical
1815,dentistry
1816,dentition
1817,dentized
1818,dentizing
1819,dentize
1820,dentoid
1821,dentolingual
1822,denture
1823,denudate
1824,denudation
1825,denude
1826,denunciate
1827,denunciation
1828,denunciative
1829,denunciator
1830,denunciatory
1831,denutrition
1832,denied
1833,denying
1834,deny
1835,denyingly
1836,deobstruct
1837,deobstruent
1838,deodand
1839,deodar
1840,deodate
1841,deodorant
1842,deodorization
1843,deodorize
1844,deodorizer
1845,deonerate
1846,deontological
1847,deontologist
1848,deontology
1849,deoperculate
1850,deoppilate
1851,deoppilation
1852,deoppilative
1853,deordination
1854,deosculate
1855,deoxidate
1856,deoxidation
1857,deoxidization
1858,deoxidize
1859,deoxidizer
1860,deoxygenate
1861,deoxygenation
1862,deoxygenize
1863,depaint
1864,depainted
1865,depainting
1866,depainter
1867,depardieux
1868,departed
1869,departing
1870,depart
1871,departable
1872,departer
1873,department
1874,departmental
1875,departure
1876,depascent
1877,depasture
1878,depatriate
1879,depauperated
1880,depauperating
1881,depauperate
1882,depauperize
1883,depeach
1884,depectible
1885,depeculation
1886,depeinct
1887,depended
1888,depending
1889,depend
1890,dependable
1891,dependant
1892,dependance
1893,dependancy
1894,dependence
1895,dependencies
1896,dependency
1897,dependent
1898,dependently
1899,depender
1900,dependingly
1901,depeople
1902,deperdit
1903,deperditely
1904,deperdition
1905,depertible
1906,dephlegm
1907,dephlegmated
1908,dephlegmating
1909,dephlegmate
1910,dephlegmation
1911,dephlegmator
1912,dephlegmatory
1913,dephlegmedness
1914,dephlogisticated
1915,dephlogisticating
1916,dephlogisticcate
1917,dephosphorization
1918,depict
1919,depicted
1920,depicting
1921,depiction
1922,depictured
1923,depicturing
1924,depicture
1925,depilated
1926,depilating
1927,depilate
1928,depilation
1929,depilatory
1930,depilous
1931,deplanate
1932,deplant
1933,deplantation
1934,depleted
1935,depleting
1936,deplete
1937,depletion
1938,depletive
1939,depletory
1940,deplication
1941,deploitation
1942,deplorability
1943,deplorable
1944,deplorableness
1945,deplorably
1946,deplorate
1947,deploration
1948,deplored
1949,deploring
1950,deplore
1951,deploredly
1952,deploredness
1953,deplorement
1954,deplorre
1955,deploringly
1956,deployed
1957,deploying
1958,deploy
1959,deployment
1960,deplumate
1961,deplumation
1962,deplumed
1963,depluming
1964,deplume
1965,depolarization
1966,depolarized
1967,depolarizing
1968,depolarize
1969,depolarizer
1970,depolish
1971,depolishing
1972,deponed
1973,deponing
1974,depone
1975,deponent
1976,depopulacy
1977,depopulated
1978,depopulating
1979,depopulate
1980,depopulation
1981,depopulator
1982,deported
1983,deporting
1984,deport
1985,deportation
1986,deportment
1987,deporture
1988,deposable
1989,deposal
1990,deposed
1991,deposing
1992,depose
1993,deposer
1994,deposited
1995,depositing
1996,deposit
1997,depositaries
1998,depositary
1999,deposition
2000,depositor
2001,depositories
2002,depository
2003,depositum
2004,depositure
2005,depot
2006,depper
2007,depravation
2008,depraved
2009,depraving
2010,deprave
2011,depravedly
2012,depravedness
2013,depravement
2014,depraver
2015,depravingly
2016,depravity
2017,deprecable
2018,deprecated
2019,deprecating
2020,deprecate
2021,deprecatingly
2022,deprecation
2023,deprecative
2024,deprecator
2025,deprecatory
2026,depreciated
2027,depreciating
2028,depreciate
2029,depreciation
2030,depreciative
2031,depreciator
2032,depreciatory
2033,depredable
2034,depredated
2035,depredating
2036,depredate
2037,depredation
2038,depredator
2039,depredatory
2040,depreicate
2041,deprehended
2042,deprehending
2043,deprehend
2044,deprehensible
2045,deprehension
2046,depressed
2047,depressing
2048,depress
2049,depressant
2050,depressingly
2051,depression
2052,depressive
2053,depressomotor
2054,depressor
2055,depriment
2056,deprisure
2057,deprivable
2058,deprivation
2059,deprived
2060,depriving
2061,deprive
2062,deprivement
2063,depriver
2064,deprostrate
2065,deprovincialize
2066,depth
2067,depthen
2068,depthless
2069,depucelate
2070,depudicate
2071,depulse
2072,depulsion
2073,depulsory
2074,depurant
2075,depurate
2076,depurated
2077,depurating
2078,depuration
2079,depurative
2080,depurator
2081,depuratory
2082,depure
2083,depurgatory
2084,depurition
2085,deputable
2086,deputation
2087,deputator
2088,deputed
2089,deputing
2090,depute
2091,deputize
2092,deputies
2093,deputy
2094,dequantitate
2095,deracinated
2096,deracinating
2097,deracinate
2098,deraination
2099,deraign
2100,derain
2101,deraignment
2102,derainment
2103,derailed
2104,derailing
2105,derail
2106,derailment
2107,deranged
2108,deranging
2109,derange
2110,derangement
2111,deranger
2112,deray
2113,derbio
2114,derby
2115,derdoing
2116,dere
2117,dereine
2118,dereyne
2119,derelict
2120,dereliction
2121,dereligionize
2122,dereling
2123,derf
2124,derided
2125,deriding
2126,deride
2127,derider
2128,deridingly
2129,derision
2130,derisive
2131,derisory
2132,derivable
2133,derivably
2134,derival
2135,derivate
2136,derivation
2137,derivational
2138,derivative
2139,derived
2140,deriving
2141,derive
2142,derivement
2143,deriver
2144,derk
2145,derm
2146,derma
2147,dermal
2148,dermaptera
2149,dermapteran
2150,dermatic
2151,dermatine
2152,dermatitis
2153,dermatogen
2154,dermatography
2155,dermatoid
2156,dermatologist
2157,dermatology
2158,dermatopathic
2159,dermatophyte
2160,dermestes
2161,dermestoid
2162,dermic
2163,dermis
2164,dermobranchiata
2165,dermobranchiate
2166,dermohaemal
2167,dermoid
2168,dermoneural
2169,dermopathic
2170,dermophyte
2171,dermoptera
2172,dermopteran
2173,dermopteri
2174,dermopterygii
2175,dermoskeleton
2176,dermostosis
2177,dern
2178,derne
2179,dernful
2180,dernier
2181,dernly
2182,derogant
2183,derogated
2184,derogating
2185,derogate
2186,derogately
2187,derogation
2188,derogative
2189,derogator
2190,derogatorily
2191,derogatoriness
2192,derogatory
2193,derotremata
2194,derre
2195,derrick
2196,derring
2197,derringer
2198,derth
2199,dertrotheca
2200,dervish
2201,dervise
2202,dervis
2203,derworth
2204,descant
2205,descanted
2206,descanting
2207,descanter
2208,descended
2209,descending
2210,descend
2211,descendant
2212,descendent
2213,descender
2214,descendibility
2215,descendible
2216,descendingly
2217,descension
2218,descensional
2219,descensive
2220,descensory
2221,descent
2222,describable
2223,described
2224,describing
2225,describe
2226,describent
2227,describer
2228,descrier
2229,description
2230,descriptive
2231,descrive
2232,descried
2233,descrying
2234,descry
2235,desecate
2236,desecrated
2237,desecrating
2238,desecrate
2239,desecrater
2240,desecration
2241,desecrator
2242,desegmentation
2243,desert
2244,deserted
2245,deserting
2246,deserter
2247,desertful
2248,desertion
2249,desertless
2250,desertlessly
2251,desertness
2252,desertrix
2253,desertrice
2254,deserved
2255,deserving
2256,deserve
2257,deservedly
2258,deservedness
2259,deserver
2260,deshabille
2261,desiccant
2262,desiccated
2263,desiccating
2264,desiccate
2265,desiccation
2266,desiccative
2267,desiccator
2268,desiccatory
2269,desiderable
2270,desiderata
2271,desiderated
2272,desiderating
2273,desiderate
2274,desideration
2275,desiderative
2276,desideratum
2277,desidiose
2278,desidious
2279,desidiousness
2280,desight
2281,desightment
2282,designed
2283,designing
2284,design
2285,designable
2286,designate
2287,designated
2288,designating
2289,designation
2290,designative
2291,designator
2292,designatory
2293,designedly
2294,designer
2295,designful
2296,designless
2297,designment
2298,desilver
2299,desilverization
2300,desilverize
2301,desinence
2302,desinent
2303,desinential
2304,desipient
2305,desirability
2306,desirable
2307,desirableness
2308,desirably
2309,desired
2310,desiring
2311,desire
2312,desireful
2313,desirefulness
2314,desireless
2315,desirer
2316,desirous
2317,desirously
2318,desirousness
2319,desisted
2320,desisting
2321,desist
2322,desistance
2323,desistive
2324,desition
2325,desitive
2326,desk
2327,desked
2328,desking
2329,deskwork
2330,desman
2331,desmid
2332,desmidian
2333,desmine
2334,desmobacteria
2335,desmodont
2336,desmognathous
2337,desmoid
2338,desmology
2339,desmomyaria
2340,desolate
2341,desolated
2342,desolating
2343,desolately
2344,desolateness
2345,desolater
2346,desolation
2347,desolator
2348,desolatory
2349,desophisticate
2350,desoxalic
2351,despaired
2352,despairing
2353,despair
2354,despairer
2355,despairful
2356,desparple
2357,despatch
2358,despecificate
2359,despecfication
2360,despect
2361,despection
2362,despeed
2363,despend
2364,desperadoes
2365,desperado
2366,desperate
2367,desperately
2368,desperateness
2369,desperation
2370,despicability
2371,despicable
2372,despicableness
2373,despicably
2374,despiciency
2375,despisable
2376,despisal
2377,despised
2378,despising
2379,despise
2380,despisedness
2381,despisement
2382,despiser
2383,despisingly
2384,despite
2385,despited
2386,despiting
2387,despiteful
2388,despiteous
2389,despiteously
2390,despitous
2391,despoiled
2392,despoiling
2393,despoil
2394,despoiler
2395,despoilment
2396,despoliation
2397,desponded
2398,desponding
2399,despond
2400,despondence
2401,despondency
2402,despondent
2403,desponder
2404,despondingly
2405,desponsage
2406,desponsate
2407,desponsation
2408,desponsories
2409,desponsory
2410,desport
2411,despot
2412,despotat
2413,despotic
2414,despotical
2415,despotism
2416,despotist
2417,despotize
2418,despread
2419,despumated
2420,despumating
2421,despumate
2422,despumation
2423,despume
2424,desquamate
2425,desquamation
2426,desquamative
2427,desquamatory
2428,dess
2429,dessert
2430,destemper
2431,destin
2432,destinable
2433,destinably
2434,destinal
2435,destinate
2436,destination
2437,destined
2438,destining
2439,destine
2440,destinist
2441,destinies
2442,destiny
2443,destituent
2444,destitute
2445,destitutely
2446,destituteness
2447,destitution
2448,destrer
2449,dextrer
2450,destrie
2451,destroyed
2452,destroying
2453,destroy
2454,destroyable
2455,destroyer
2456,destruct
2457,destructibility
2458,destructible
2459,destructibleness
2460,destruction
2461,destructionist
2462,destructive
2463,destructively
2464,destructiveness
2465,destructor
2466,destruie
2467,desudation
2468,desuete
2469,desuetude
2470,desulphurated
2471,desulphurating
2472,desulphurate
2473,desulphuration
2474,desulphurize
2475,desultorily
2476,desultoriness
2477,desultorious
2478,desultory
2479,desume
2480,desynonymization
2481,desynonymize
2482,detached
2483,detaching
2484,detach
2485,detachable
2486,detachment
2487,detail
2488,detailed
2489,detailing
2490,detailer
2491,detained
2492,detaining
2493,detain
2494,detainder
2495,detainer
2496,detainment
2497,detect
2498,detected
2499,detecting
2500,detectable
2501,detectible
2502,detecter
2503,detection
2504,detective
2505,detector
2506,detenebrate
2507,detent
2508,detention
2509,deterred
2510,deterring
2511,deter
2512,deterged
2513,deterging
2514,deterge
2515,detergency
2516,detergent
2517,deteriorated
2518,deteriorating
2519,deteriorate
2520,deterioration
2521,deteriority
2522,determent
2523,determinability
2524,determinable
2525,determinableness
2526,determinacy
2527,determinant
2528,determinate
2529,determinately
2530,determinateness
2531,determination
2532,determinative
2533,determinator
2534,determined
2535,determining
2536,determine
2537,determinedly
2538,determiner
2539,determinism
2540,determinist
2541,deterration
2542,deterrence
2543,deterrent
2544,detersion
2545,detersive
2546,detersively
2547,detersiveness
2548,detested
2549,detesting
2550,detest
2551,detestability
2552,detestable
2553,detestableness
2554,detestably
2555,detesttate
2556,detestation
2557,detester
2558,dethroned
2559,dethroning
2560,dethrone
2561,dethronement
2562,dethroner
2563,dethronization
2564,dethronize
2565,detinue
2566,detonated
2567,detonating
2568,detonate
2569,detonation
2570,detonator
2571,detonization
2572,detonized
2573,detonizing
2574,detonize
2575,detorsion
2576,detorted
2577,detorting
2578,detort
2579,detortion
2580,detour
2581,detracted
2582,detracting
2583,detract
2584,detracter
2585,detractingly
2586,detraction
2587,detractious
2588,detractive
2589,detractiveness
2590,detracor
2591,detractory
2592,detractress
2593,detrain
2594,detrect
2595,detriment
2596,detrimental
2597,detrimentalness
2598,detrital
2599,detrite
2600,detrition
2601,detritus
2602,detruded
2603,detruding
2604,detrude
2605,detruncated
2606,detruncating
2607,detuncate
2608,detruncation
2609,detrusion
2610,dette
2611,detteles
2612,detumescence
2613,detur
2614,deturb
2615,deturbate
2616,deturbation
2617,deturn
2618,deturpate
2619,deturpation
2620,deuce
2621,deuced
2622,deuse
2623,deused
2624,deuterocanonical
2625,deuterogamist
2626,deuterogamy
2627,deuterogenic
2628,deuteronomist
2629,deuteronomy
2630,deuteropathia
2631,deuteropathy
2632,deuteropathic
2633,deuteroscopy
2634,deuterozooid
2635,deuthydroguret
2636,deutohydroguret
2637,deutoplasm
2638,deutoplastic
2639,deutosulphuret
2640,deutoxide
2641,deutzia
2642,dev
2643,deva
2644,devanagari
2645,devaporation
2646,devast
2647,devastated
2648,devastating
2649,devastate
2650,devastation
2651,devastator
2652,devastavit
2653,devata
2654,deve
2655,develin
2656,developed
2657,developing
2658,develop
2659,developable
2660,developer
2661,development
2662,developmental
2663,devenustate
2664,devergence
2665,devergency
2666,devested
2667,devesting
2668,devest
2669,devex
2670,devexity
2671,devi
2672,deviant
2673,deviated
2674,deviating
2675,deviate
2676,deviation
2677,deviator
2678,deviatory
2679,device
2680,deviceful
2681,devicefully
2682,devil
2683,deviled
2684,devilled
2685,deviling
2686,devilling
2687,deviless
2688,devilet
2689,devilfish
2690,devilish
2691,devilism
2692,devilize
2693,devilkin
2694,devilment
2695,devilries
2696,devilry
2697,devilship
2698,deviltries
2699,deviltry
2700,devilwood
2701,devious
2702,devirginate
2703,devirgination
2704,devisable
2705,devisal
2706,devised
2707,devising
2708,devise
2709,devisee
2710,deviser
2711,devisor
2712,devitable
2713,devitalize
2714,devitation
2715,devitrification
2716,devitrify
2717,devocalize
2718,devocation
2719,devoid
2720,devoir
2721,devolute
2722,devolution
2723,devolved
2724,devolving
2725,devolve
2726,devolvement
2727,devon
2728,devonian
2729,devoration
2730,devotary
2731,devoted
2732,devoting
2733,devote
2734,devotee
2735,devotement
2736,devoter
2737,devotion
2738,devotional
2739,devotionalist
2740,devotionist
2741,devotionality
2742,devotionally
2743,devoto
2744,devotor
2745,devoured
2746,devouring
2747,devour
2748,devourable
2749,devourer
2750,devouringly
2751,devout
2752,devoutful
2753,devoutless
2754,devoutly
2755,devoutness
2756,devove
2757,devow
2758,devulgarize
2759,dew
2760,dewed
2761,dewing
2762,dewberry
2763,dewclaw
2764,dewdrop
2765,dewfall
2766,dewiness
2767,dewlap
2768,dewlapped
2769,dewless
2770,dewret
2771,dewretting
2772,dewrot
2773,dewworm
2774,dewy
2775,dexter
2776,dexterical
2777,dexterity
2778,dexterous
2779,dexterously
2780,dexterousness
2781,dextrad
2782,dextral
2783,dextrality
2784,dextrally
2785,dextrin
2786,dextrogerous
2787,dextroglucose
2788,dextrogyrate
2789,dextronic
2790,dextrorotary
2791,dextrorotatory
2792,dextrorsal
2793,dextrorse
2794,dextrose
2795,dextrous
2796,dextrously
2797,dextrousness
2798,dey
2799,deys
2800,deye
2801,deynte
2802,deyntee
2803,dezincification
2804,dezincify
2805,dhole
2806,dhony
2807,dhoorra
2808,dhourra
2809,dhurra
2810,dhow
2811,diabase
2812,diabaterial
2813,diabetes
2814,diabetic
2815,diabetical
2816,diablerie
2817,diabley
2818,diabolic
2819,diabolical
2820,diabolify
2821,diabolism
2822,diabolize
2823,diacatholicon
2824,diacaustic
2825,diachylon
2826,diachylum
2827,diacid
2828,diacodium
2829,diaconal
2830,diaconate
2831,diacope
2832,diacoustic
2833,diacoustics
2834,diacritic
2835,diacritical
2836,diactinic
2837,diadelphia
2838,diadelphian
2839,diadelphous
2840,diadem
2841,diadrom
2842,diaereses
2843,diereses
2844,diaeresis
2845,dieresis
2846,diaeretic
2847,diageotropic
2848,diageotropism
2849,diaglyph
2850,diaglyphic
2851,diaglyphtic
2852,diagnose
2853,diagnoses
2854,diagnosis
2855,diagnostic
2856,diagnosticate
2857,diagnostics
2858,diagometer
2859,diagonal
2860,diagonally
2861,diagonial
2862,diagram
2863,diagrammatic
2864,diagraph
2865,diagraphic
2866,diagraphical
2867,diagraphics
2868,diaheliotropic
2869,diaheliotropism
2870,dial
2871,dialed
2872,dialled
2873,dialing
2874,dialling
2875,dialect
2876,dialectal
2877,dialectic
2878,dialectical
2879,dialectically
2880,dialectician
2881,dialectics
2882,dialectology
2883,dialector
2884,dialist
2885,diallage
2886,diallel
2887,diallyl
2888,dialogical
2889,dialogically
2890,dialogism
2891,dialogist
2892,dialogistic
2893,dialogistical
2894,dialogite
2895,dialogize
2896,dialogue
2897,dialypetalous
2898,dialyses
2899,dialysis
2900,dialytic
2901,dialyzate
2902,dialyzation
2903,dialyzed
2904,dialyzing
2905,dialyze
2906,dialyzer
2907,diamagnet
2908,diamagnetic
2909,diamagnetically
2910,diamagnetism
2911,diamantiferous
2912,diamantine
2913,diameter
2914,diametral
2915,diametrally
2916,diametric
2917,diametrical
2918,diametrically
2919,diamide
2920,diamine
2921,diamond
2922,diamonded
2923,diamondize
2924,diamylene
2925,dian
2926,diana
2927,diandria
2928,diandrian
2929,diandrous
2930,dianium
2931,dianoetic
2932,dianoialogy
2933,dianthus
2934,diapase
2935,diapasm
2936,diapason
2937,diapedesis
2938,diapente
2939,diaper
2940,diapering
2941,diaphane
2942,diaphaned
2943,diaphaneity
2944,diaphanic
2945,diaphanie
2946,diaphanometer
2947,diaphanoscope
2948,diaphanotype
2949,diaphanous
2950,diaphanously
2951,diaphemetric
2952,diaphonic
2953,diaphonical
2954,diaphonics
2955,diaphoresis
2956,diaphoretic
2957,diaphoretical
2958,diaphote
2959,diaphragm
2960,diaphragmatic
2961,diaphysis
2962,diapnoic
2963,diapophysical
2964,diapophysis
2965,diarchy
2966,diarial
2967,diarian
2968,diarist
2969,diarrhea
2970,diarrhoea
2971,diarrheal
2972,diarrhoeal
2973,diarrhetic
2974,diarrhoetic
2975,diarthrodial
2976,diarthrosis
2977,diaries
2978,diary
2979,diaspore
2980,diastase
2981,diastasic
2982,diastasis
2983,diastatic
2984,diastem
2985,diastema
2986,diaster
2987,diastole
2988,diastolic
2989,diastyle
2990,diatessaron
2991,diathermal
2992,diathermancy
2993,diathermaneity
2994,diathermanism
2995,diathermanous
2996,diathermic
2997,diathermometer
2998,diathermous
2999,diathesis
3000,diathetic
3001,diatom
3002,diatomic
3003,diatomous
3004,diatonic
3005,diatonically
3006,diatribe
3007,diatribist
3008,diatryma
3009,diazeuctic
3010,diazeutic
3011,diazotize
3012,dib
3013,dibasic
3014,dibasicity
3015,dibber
3016,dibble
3017,dibbled
3018,dibbling
3019,dibbler
3020,dibranchiata
3021,dibranchiate
3022,dibs
3023,dibstone
3024,dibutyl
3025,dicacious
3026,dicacity
3027,dicalcic
3028,dicarbonic
3029,dicast
3030,dicastery
3031,die
3032,dice
3033,diced
3034,dicing
3035,dicebox
3036,dicentra
3037,dicephalous
3038,dicer
3039,dich
3040,dichastic
3041,dichlamydeous
3042,dichloride
3043,dichogamous
3044,dichogamy
3045,dichotomist
3046,dichotomized
3047,dichotomizing
3048,dichotomize
3049,dichotomous
3050,dichotomy
3051,dichroic
3052,dichroiscope
3053,dichroism
3054,dichroite
3055,dichroitic
3056,dichromate
3057,dichromatic
3058,dichromatism
3059,dichromic
3060,dichroous
3061,dichroscope
3062,dichroscopic
3063,dickcissel
3064,dickens
3065,dicker
3066,dickey
3067,dicky
3068,diclinic
3069,diclinous
3070,dicoccous
3071,dicotyledon
3072,dicotyledonous
3073,dicrotal
3074,dicrotous
3075,dicrotic
3076,dicrotism
3077,dicta
3078,dictamen
3079,dictamnus
3080,dictated
3081,dictating
3082,dictate
3083,dictation
3084,dictator
3085,dictatorial
3086,dictatorian
3087,dictatorship
3088,dictatory
3089,dictatress
3090,dictatrix
3091,dictature
3092,diction
3093,dictionalrian
3094,dictionaries
3095,dictionary
3096,dictums
3097,dictum
3098,dictyogen
3099,dicyanide
3100,dicyemata
3101,dicyemid
3102,dicynodont
3103,did
3104,didactic
3105,didactical
3106,didactically
3107,didacticism
3108,didacticity
3109,didactics
3110,didactyl
3111,didactylous
3112,didal
3113,didapper
3114,didascalar
3115,didascalic
3116,diddle
3117,diddler
3118,didelphia
3119,didelphian
3120,didelphic
3121,didelphid
3122,didelphous
3123,didelphyc
3124,didine
3125,didos
3126,dido
3127,didonia
3128,didrachm
3129,didrachma
3130,didst
3131,diducement
3132,diduction
3133,didym
3134,didymium
3135,didymous
3136,didynamia
3137,didynamian
3138,didynamous
3139,died
3140,dying
3141,dies
3142,diecian
3143,diecious
3144,diedral
3145,diegesis
3146,dielectric
3147,dielytra
3148,diencephalon
3149,diesinker
3150,diesinking
3151,dieses
3152,diesis
3153,diestock
3154,diet
3155,dieted
3156,dieting
3157,dietarian
3158,dietary
3159,dietaries
3160,dieter
3161,dietetic
3162,dietetical
3163,dietetically
3164,dietetics
3165,dietetist
3166,diethylamine
3167,dietic
3168,dietical
3169,dietine
3170,dietist
3171,dietitian
3172,diffame
3173,diffarreation
3174,differed
3175,differing
3176,differ
3177,difference
3178,differenced
3179,differencing
3180,different
3181,differentiae
3182,differentia
3183,differential
3184,differentially
3185,differentiate
3186,differentiation
3187,differentiator
3188,differently
3189,differingly
3190,difficile
3191,difficilitate
3192,difficult
3193,difficultate
3194,difficultly
3195,difficultness
3196,difficulties
3197,difficulty
3198,diffide
3199,diffidence
3200,diffidency
3201,diffident
3202,diffidently
3203,diffind
3204,diffine
3205,diffinitive
3206,diffission
3207,difflation
3208,diffluence
3209,diffluency
3210,diffluent
3211,difform
3212,difformity
3213,diffracted
3214,diffracting
3215,diffract
3216,diffraction
3217,diffractive
3218,diffranchise
3219,diffranchisement
3220,diffusate
3221,diffused
3222,diffusing
3223,diffuse
3224,diffusely
3225,diffuseness
3226,diffuser
3227,diffusibility
3228,diffusible
3229,diffusibleness
3230,diffusion
3231,diffusive
3232,diffusively
3233,diffusiveness
3234,diffusivity
3235,dug
3236,digged
3237,digging
3238,dig
3239,digamist
3240,digamma
3241,digammate
3242,digammated
3243,digamous
3244,digamy
3245,digastric
3246,digenea
3247,digenesis
3248,digenous
3249,digerent
3250,digested
3251,digesting
3252,digest
3253,digestedly
3254,digester
3255,digestibility
3256,digestible
3257,digestibleness
3258,digestion
3259,digestive
3260,digestor
3261,digesture
3262,diggable
3263,digger
3264,diggers
3265,dight
3266,dighted
3267,dighting
3268,dighter
3269,digit
3270,digital
3271,digitain
3272,digitalis
3273,digitate
3274,digitated
3275,digitation
3276,digitiform
3277,digitigrade
3278,digitipartite
3279,digitize
3280,digitorium
3281,digitule
3282,digladiate
3283,digladiation
3284,diglottism
3285,diglyph
3286,dignation
3287,digne
3288,dignification
3289,dignified
3290,dignifying
3291,dignify
3292,dignitaries
3293,dignitary
3294,dignities
3295,dignity
3296,dignotion
3297,digonous
3298,digram
3299,digraph
3300,digraphic
3301,digressed
3302,digressing
3303,digress
3304,digression
3305,digressional
3306,digressive
3307,digressively
3308,digue
3309,digynia
3310,digynian
3311,digynous
3312,dihedral
3313,dihedron
3314,dihexagonal
3315,diiamb
3316,diiambus
3317,diiodide
3318,diisatogen
3319,dijudicant
3320,dijudicated
3321,dijucating
3322,dijudicate
3323,dijudication
3324,dika
3325,dike
3326,diked
3327,diking
3328,diker
3329,dilacerated
3330,dilacerating
3331,dilacerate
3332,dilaceration
3333,dilaniate
3334,dilaniation
3335,dilapidated
3336,dilapidating
3337,dilapidate
3338,dilapidation
3339,dilapidator
3340,dilatability
3341,dilatable
3342,dilatation
3343,dilatator
3344,dilated
3345,dilating
3346,dilate
3347,dilatedly
3348,dilater
3349,dilation
3350,dilative
3351,dilatometer
3352,dilator
3353,dilatorily
3354,dilatoriness
3355,dilatory
3356,dildo
3357,dilection
3358,dilemma
3359,dilettant
3360,dilettanti
3361,dilettante
3362,dilettanteish
3363,dilettanteism
3364,dilettantish
3365,dilettantism
3366,diligence
3367,diligency
3368,diligent
3369,diligently
3370,dill
3371,dilling
3372,dilluing
3373,dilly
3374,dilogical
3375,dilogies
3376,dilogy
3377,dilucid
3378,dilucidate
3379,dilucidation
3380,diluent
3381,diluted
3382,diluting
3383,dilute
3384,diluteness
3385,diluter
3386,dilution
3387,diluvial
3388,diluvialist
3389,diluvian
3390,diluviate
3391,diluviums
3392,diluvia
3393,diluvium
3394,dim
3395,dimmed
3396,dimming
3397,dimble
3398,dime
3399,dimension
3400,dimensional
3401,dimensioned
3402,dimensionless
3403,dimensity
3404,dimensive
3405,dimera
3406,dimeran
3407,dimerous
3408,dimeter
3409,dimethyl
3410,dimetric
3411,dimication
3412,dimidiate
3413,dimidiated
3414,dimidiating
3415,dimidiation
3416,diminished
3417,diminishing
3418,diminish
3419,diminishable
3420,diminisher
3421,diminishingly
3422,diminishment
3423,diminuendo
3424,diminuent
3425,diminutal
3426,diminute
3427,diminutely
3428,diminution
3429,diminutival
3430,diminutive
3431,diminutively
3432,diminutiveness
3433,dimish
3434,dimission
3435,dimissory
3436,dimit
3437,dimity
3438,dimly
3439,dimmish
3440,dimmy
3441,dimness
3442,dimorph
3443,dimorphic
3444,dimorphism
3445,dimorphous
3446,dimple
3447,dimpled
3448,dimpling
3449,dimplement
3450,dimply
3451,dimya
3452,dimyaria
3453,dimyarian
3454,dimyary
3455,din
3456,dinned
3457,dinning
3458,dinaphthyl
3459,dinar
3460,dinarchy
3461,dined
3462,dining
3463,dine
3464,diner
3465,dinetical
3466,dinged
3467,dung
3468,dinging
3469,ding
3470,dingdong
3471,dingey
3472,dingy
3473,dinghy
3474,dingily
3475,dinginess
3476,dingle
3477,dingo
3478,dingthrift
3479,dinichthys
3480,dink
3481,dinmont
3482,dinner
3483,dinnerless
3484,dinnerly
3485,dinoceras
3486,dinornis
3487,dinosaur
3488,dinosaurian
3489,dinosauria
3490,dinothere
3491,dinotherium
3492,dinoxide
3493,dinsome
3494,dint
3495,dinted
3496,dinting
3497,dinumeration
3498,diocesan
3499,dioceses
3500,diocese
3501,diocesener
3502,diodon
3503,diodont
3504,dioecia
3505,dioecian
3506,dioecious
3507,dioeciously
3508,dioeciousness
3509,dioecism
3510,diogenes
3511,dioicous
3512,diomedea
3513,dionaea
3514,dionysian
3515,diophantine
3516,diopside
3517,dioptase
3518,diopter
3519,dioptra
3520,dioptre
3521,dioptric
3522,dioptrical
3523,dioptrics
3524,dioptry
3525,diorama
3526,dioramic
3527,diorism
3528,dioristic
3529,diorite
3530,dioritic
3531,diorthotic
3532,dioscorea
3533,diota
3534,dioxide
3535,dioxindol
3536,dipped
3537,dipt
3538,dipping
3539,dip
3540,dipaschal
3541,dipchick
3542,dipetalous
3543,diphenyl
3544,diphtheria
3545,diphtherial
3546,diphtheric
3547,diphtheritic
3548,diphthong
3549,diphthongal
3550,diphthongalize
3551,diphthongation
3552,diphthongic
3553,diphthongization
3554,diphthongize
3555,diphycercal
3556,diphygenic
3557,diphyllous
3558,diphyodont
3559,diphyozooid
3560,diplanar
3561,dipleidoscope
3562,diploblastic
3563,diplocardiac
3564,diplococci
3565,diplococcus
3566,diploe
3567,diploetic
3568,diplogenic
3569,diploic
3570,diploid
3571,diplomas
3572,diploma
3573,diplomacy
3574,diplomat
3575,diplomate
3576,diplomatial
3577,diplomatic
3578,diplomatical
3579,diplomatically
3580,diplomatism
3581,diplomatist
3582,diplopia
3583,diplopy
3584,diplopod
3585,diplopoda
3586,diplostemonous
3587,diplostemony
3588,dipneumona
3589,dipnoi
3590,dipodies
3591,dipody
3592,dipolar
3593,dipper
3594,diprismatic
3595,dipropargyl
3596,dipropyl
3597,diprotodon
3598,dipsas
3599,dipsetic
3600,dipsomania
3601,dipsomaniac
3602,dipsomaniacal
3603,dipsosis
3604,diptera
3605,dipteral
3606,dipteran
3607,dipterocarpus
3608,dipterous
3609,dipterygian
3610,diptote
3611,diptych
3612,dipyre
3613,dipyrenous
3614,dipyridine
3615,dipyridil
3616,diradiation
3617,dire
3618,direct
3619,directed
3620,directing
3621,directer
3622,direction
3623,directive
3624,directly
3625,directness
3626,director
3627,directorate
3628,directorial
3629,directorship
3630,directory
3631,directories
3632,directress
3633,directrixes
3634,directrix
3635,direful
3636,direly
3637,dirempt
3638,diremption
3639,direness
3640,direption
3641,direptitious
3642,direptitiously
3643,dirge
3644,dirgeful
3645,dirige
3646,dirigent
3647,dirigible
3648,diriment
3649,dirk
3650,dirked
3651,dirking
3652,dirkness
3653,dirl
3654,dirt
3655,dirtily
3656,dirtiness
3657,dirty
3658,dirtied
3659,dirtying
3660,diruption
3661,dis
3662,disabilities
3663,disability
3664,disable
3665,disabled
3666,disabling
3667,disablement
3668,disabused
3669,disabusing
3670,disabuse
3671,disaccommodate
3672,disaccommodation
3673,disaccord
3674,disaccordant
3675,disaccustom
3676,disacidify
3677,disacknowledged
3678,disacknowledging
3679,disacknowledge
3680,disacquaint
3681,disacquaintance
3682,disacryl
3683,disadorn
3684,disadvance
3685,disadvantage
3686,disadvantageable
3687,disadvantageous
3688,disadventure
3689,disadventurous
3690,disadvise
3691,disaffected
3692,disaffecting
3693,disaffect
3694,disaffection
3695,disaffectionate
3696,disaffirm
3697,disaffirmance
3698,disaffirmation
3699,disafforested
3700,disafforesting
3701,disafforest
3702,disaggregate
3703,disaggregation
3704,disagreed
3705,disageeing
3706,disagree
3707,disagreeable
3708,disagreeableness
3709,disagreeably
3710,disagreeance
3711,disagreement
3712,disagreer
3713,disalliege
3714,disallowed
3715,disallowing
3716,disallow
3717,disallowable
3718,disallowance
3719,disally
3720,disanchor
3721,disangelical
3722,disanimated
3723,disanimating
3724,disanimate
3725,disanimation
3726,disannex
3727,disannul
3728,disannuller
3729,disannulment
3730,disanoint
3731,disapparel
3732,disappeared
3733,disappearing
3734,disappear
3735,disappearance
3736,disappendency
3737,disappendent
3738,disapointed
3739,disappointing
3740,disappoint
3741,disappointed
3742,disappointment
3743,disappreciate
3744,disapprobation
3745,disapprobatory
3746,disappropriate
3747,disappropriation
3748,disapproval
3749,disapproved
3750,disapproving
3751,disapprove
3752,disapprover
3753,disapprovingly
3754,disard
3755,disarming
3756,disarm
3757,disarmament
3758,disarmature
3759,disarmed
3760,disarmer
3761,disarranged
3762,disarranging
3763,disarrange
3764,disarrangement
3765,disarrayed
3766,disarraying
3767,disarray
3768,disarrayment
3769,disarticulate
3770,disarticulator
3771,disassent
3772,disassenter
3773,disassiduity
3774,disassimilate
3775,disassimilation
3776,disassimilative
3777,disassociated
3778,disassociating
3779,disassociate
3780,disaster
3781,disasterly
3782,disastrous
3783,disattire
3784,disaugment
3785,disauthorize
3786,disavaunce
3787,disaventure
3788,disaventurous
3789,disavouch
3790,disavowed
3791,disavowing
3792,disavow
3793,disavowal
3794,disavowance
3795,disavower
3796,disavowment
3797,disbanded
3798,disbanding
3799,disband
3800,disbandment
3801,disbarred
3802,disbarring
3803,disbar
3804,disbark
3805,disbarment
3806,disbase
3807,disbecome
3808,disbelief
3809,disbelieved
3810,disbelieving
3811,disbelieve
3812,disbeliever
3813,disbench
3814,disbend
3815,disbind
3816,disblame
3817,disbodied
3818,disboscation
3819,disbowel
3820,disbranch
3821,disbud
3822,disburden
3823,disburgeon
3824,disbursed
3825,disbursing
3826,disburse
3827,disbursement
3828,disburser
3829,disburthened
3830,disburthening
3831,disburthen
3832,disc
3833,discage
3834,discal
3835,discalceate
3836,discalceated
3837,discalced
3838,discalceation
3839,discamp
3840,discandy
3841,discant
3842,discapacitate
3843,discarded
3844,discarding
3845,discard
3846,discardure
3847,discarnate
3848,discase
3849,discede
3850,discept
3851,disceptation
3852,disceptator
3853,discerned
3854,discerning
3855,discern
3856,discernance
3857,discerner
3858,discernible
3859,discernibleness
3860,discernibly
3861,discerningly
3862,discernment
3863,discerp
3864,discerpibility
3865,discerptibility
3866,discerpible
3867,discerptible
3868,discerption
3869,discerptive
3870,discession
3871,discharged
3872,discharging
3873,discharge
3874,discharger
3875,dischevele
3876,dischurch
3877,discide
3878,disciferous
3879,discifloral
3880,disciflorous
3881,disciform
3882,discina
3883,discinct
3884,discind
3885,disciple
3886,discipled
3887,discipling
3888,discipleship
3889,discipless
3890,disciplinable
3891,disciplinableness
3892,disciplinal
3893,disciplinant
3894,disciplinarian
3895,disciplinary
3896,discipline
3897,disciplined
3898,disciplining
3899,discipliner
3900,disclaimed
3901,disclaiming
3902,disclaim
3903,disclaimer
3904,disclamation
3905,disclame
3906,disclaunder
3907,discloak
3908,disclosed
3909,disclosing
3910,disclose
3911,discloser
3912,disclosure
3913,discloud
3914,disclout
3915,disclusion
3916,discoast
3917,discoblastic
3918,discoboli
3919,discobolus
3920,discodactyl
3921,discodactylia
3922,discodactylous
3923,discoherent
3924,discoid
3925,discoidal
3926,discolith
3927,discolored
3928,discoloring
3929,discolor
3930,discolorate
3931,discoloration
3932,discomfited
3933,discomfiting
3934,discomfit
3935,discomfiture
3936,discomforted
3937,discomforting
3938,discomfort
3939,discomfortable
3940,discommend
3941,discommendable
3942,discommendation
3943,discommender
3944,discommission
3945,discommodate
3946,discommoded
3947,discommoding
3948,discommode
3949,discommodious
3950,discommodity
3951,discommon
3952,discommunity
3953,discompany
3954,discomplexion
3955,discompliance
3956,discomposed
3957,discomposing
3958,discompose
3959,discomposition
3960,discomposure
3961,discompt
3962,disconcerted
3963,disconcerting
3964,disconcert
3965,disconcertion
3966,disconducive
3967,disconformable
3968,disconformity
3969,discongruity
3970,disconnected
3971,disconnecting
3972,disconnect
3973,disconnection
3974,disconsecrate
3975,discosent
3976,disconsolacy
3977,disconsolate
3978,disconsolated
3979,disconsolation
3980,discontent
3981,discontented
3982,discontenting
3983,discontentation
3984,discontentful
3985,discontentive
3986,discontentment
3987,discontinuable
3988,discontinuance
3989,discontinuation
3990,discontinued
3991,discontinuing
3992,discontinue
3993,discontinuee
3994,discontinuer
3995,discontinuity
3996,discontinuor
3997,discontinuous
3998,disconvenience
3999,disconvenient
4000,discophora
4001,discord
4002,discordable
4003,discordance
4004,discordancy
4005,discordant
4006,discordful
4007,discordous
4008,discorporate
4009,discorrespondent
4010,discost
4011,discounsel
4012,discounted
4013,discounting
4014,discount
4015,discountable
4016,discountenanced
4017,discountenancing
4018,discountenance
4019,discountenancer
4020,discounter
4021,discouraged
4022,discouraging
4023,discourage
4024,discourageable
4025,discouragement
4026,discourager
4027,discoure
4028,discourse
4029,discoursed
4030,discoursing
4031,discourser
4032,discoursive
4033,discourteous
4034,discourtesy
4035,discourtship
4036,discous
4037,discovenant
4038,discovered
4039,discovering
4040,discover
4041,discoverability
4042,discoverable
4043,discoverer
4044,discoverment
4045,discovert
4046,discoverture
4047,discoveries
4048,discovery
4049,discradle
4050,discredit
4051,discredited
4052,discrediting
4053,discreditable
4054,discreditor
4055,discreet
4056,discrepance
4057,discrepancy
4058,discrepant
4059,discrete
4060,discretely
4061,discretion
4062,discretional
4063,discretionary
4064,discretionally
4065,discretionarily
4066,discretive
4067,discretively
4068,discriminable
4069,discriminal
4070,discriminant
4071,discriminate
4072,discriminated
4073,discriminating
4074,discriminately
4075,discriminateness
4076,discrimination
4077,discriminative
4078,discriminatively
4079,discriminator
4080,discriminatory
4081,discriminous
4082,discrive
4083,discrowned
4084,discrowning
4085,discrown
4086,discruciated
4087,discruciating
4088,discruciate
4089,discubitory
4090,disculpated
4091,disculpating
4092,disculpate
4093,disculpation
4094,disculpatory
4095,discumbency
4096,discumber
4097,discure
4098,discurrent
4099,discursion
4100,discursist
4101,discursive
4102,discursory
4103,discursus
4104,discuses
4105,disci
4106,discus
4107,discussed
4108,discussing
4109,discuss
4110,discusser
4111,discussion
4112,discussional
4113,discussive
4114,discutient
4115,disdain
4116,disdained
4117,disdaining
4118,disdainful
4119,disdainishly
4120,disdainous
4121,disdainously
4122,disdeify
4123,disdeign
4124,disdiaclast
4125,disdiapason
4126,disease
4127,diseased
4128,diseasing
4129,diseasedness
4130,diseaseful
4131,diseasefulness
4132,diseasement
4133,disedge
4134,disedify
4135,diselder
4136,diselenide
4137,disembarked
4138,disembarking
4139,disembark
4140,disembarkation
4141,disembarkment
4142,disembarrassed
4143,disembarrassing
4144,disembarrass
4145,disembarrassment
4146,disembayed
4147,disembaying
4148,disembay
4149,disembellish
4150,disembitter
4151,disembodied
4152,disembodiment
4153,disembodying
4154,disembody
4155,disembogued
4156,disemboguing
4157,disembogue
4158,disemboguement
4159,disembossom
4160,disembowel
4161,disembowelment
4162,disembowered
4163,disembrangle
4164,disembroiled
4165,disembroiling
4166,disembroil
4167,disemploy
4168,disemployment
4169,disempower
4170,disenable
4171,disenamor
4172,disenchained
4173,disenchanted
4174,disenchanting
4175,disenchant
4176,disenchanter
4177,disenchantment
4178,disencharm
4179,disenclose
4180,disencouragement
4181,disencrese
4182,disencumbered
4183,disencumbering
4184,disencumber
4185,disencumbrance
4186,disendow
4187,disendowment
4188,disenfranchise
4189,disengaged
4190,disengaging
4191,disengage
4192,disengagement
4193,disennoble
4194,disenrolled
4195,disenrolling
4196,disenroll
4197,disensanity
4198,disenshrouded
4199,disenslave
4200,disentail
4201,disentangled
4202,disentangling
4203,disentangle
4204,disentanglement
4205,disenter
4206,disenthrall
4207,disenthrallment
4208,disenthrone
4209,disentitle
4210,disentomb
4211,disentrail
4212,disentrance
4213,disentwine
4214,disepalous
4215,disert
4216,disertitude
4217,diserty
4218,disespouse
4219,disestablish
4220,disestablishment
4221,disesteem
4222,disesteemed
4223,disesteeming
4224,disesteemer
4225,disestimation
4226,disexercise
4227,disfame
4228,disfancy
4229,disfashion
4230,disfavor
4231,disfavored
4232,disfavoring
4233,disfavorable
4234,disfavorably
4235,disfavorer
4236,disfeature
4237,disfellowship
4238,disfiguration
4239,disfigured
4240,disfiguring
4241,disfigure
4242,disfigurement
4243,disfigurer
4244,disflesh
4245,disforest
4246,disforestation
4247,disformity
4248,disfranchised
4249,disfranchising
4250,disfranchise
4251,disfranchisement
4252,disfriar
4253,disfrock
4254,disfurnished
4255,disfurnishing
4256,disfurnish
4257,disfurnishment
4258,disfurniture
4259,disgage
4260,disgallant
4261,disgarland
4262,disgarnish
4263,disgarrison
4264,disgaveled
4265,disgaveling
4266,disgavel
4267,disgest
4268,disgestion
4269,disglorified
4270,disglorifying
4271,disglorify
4272,disglory
4273,disgorged
4274,disgorging
4275,disgorge
4276,disgorgement
4277,disgospel
4278,disgrace
4279,disgraced
4280,disgracing
4281,disgraceful
4282,disgracer
4283,disgracious
4284,disgracive
4285,disgradation
4286,disgrade
4287,disgraduate
4288,disgregate
4289,disgregation
4290,disgruntle
4291,disguised
4292,disguising
4293,disguise
4294,disguisedfy
4295,disguisedness
4296,disguisement
4297,disguiser
4298,disgusted
4299,disgusting
4300,disgust
4301,disgustful
4302,disgustfulness
4303,dish
4304,dished
4305,dishing
4306,dishabilitate
4307,dishabille
4308,dishabit
4309,dishabited
4310,dishabituate
4311,dishable
4312,dishallow
4313,disharmonious
4314,disharmony
4315,dishaunt
4316,dishcloth
4317,dishclout
4318,disheart
4319,disheartened
4320,disheartening
4321,dishearten
4322,disheartenment
4323,disheir
4324,dishelm
4325,disherison
4326,disherited
4327,disheriting
4328,disherit
4329,disheritance
4330,disheritor
4331,disheveled
4332,dishevelled
4333,disheveling
4334,dishevelling
4335,dishevel
4336,dishevele
4337,dishfuls
4338,dishful
4339,dishonest
4340,dishonestly
4341,dishonesty
4342,dishonor
4343,dishonored
4344,dishonoring
4345,dishonorable
4346,dishonorary
4347,dishonorer
4348,dishorn
4349,dishorse
4350,dishouse
4351,dishumor
4352,dishwasher
4353,dishwater
4354,disillusion
4355,disillusionize
4356,disillusionment
4357,disimbitter
4358,disimpark
4359,disimpassioned
4360,disimprove
4361,disimprovement
4362,disincarcerate
4363,disinclination
4364,disinclined
4365,disinclining
4366,disincline
4367,disinclose
4368,disincorporated
4369,disincorporating
4370,disincorporate
4371,disincorporation
4372,disinfected
4373,disinfecting
4374,disinfect
4375,disinfectant
4376,disinfection
4377,disinfector
4378,disinflame
4379,disingenuity
4380,disingenuous
4381,disinhabited
4382,disinherison
4383,disinherited
4384,disinheriting
4385,disinherit
4386,disinheritance
4387,disinhume
4388,disinsure
4389,disintegrable
4390,disintegrated
4391,disintegrating
4392,disintegrate
4393,disintegration
4394,disintegrator
4395,disinterred
4396,disinterring
4397,disinter
4398,disinteress
4399,disinteressment
4400,disinterest
4401,disinterested
4402,disinterestedly
4403,disinterestedness
4404,disinteresting
4405,disinterment
4406,disinthralled
4407,disinthralling
4408,disinthrall
4409,disinthrallment
4410,disintricate
4411,disinured
4412,disinuring
4413,disinure
4414,disinvestiture
4415,disinvigorate
4416,disinvolve
4417,disjection
4418,disjoined
4419,disjoining
4420,disjoin
4421,disjoint
4422,disjointed
4423,disjointing
4424,disjointly
4425,disjudication
4426,disjunct
4427,disjuncttion
4428,disjunctive
4429,disjunctively
4430,disjuncture
4431,disk
4432,diskindness
4433,diskless
4434,dislade
4435,disleal
4436,disleave
4437,disliked
4438,disliking
4439,dislike
4440,dislikeful
4441,dislikelihood
4442,disliken
4443,dislikeness
4444,disliker
4445,dislimb
4446,dislimn
4447,dislink
4448,dislive
4449,dislocated
4450,dislocating
4451,dislocate
4452,dislocation
4453,dislodged
4454,dislodging
4455,dislodge
4456,dislodgment
4457,disloign
4458,disloyal
4459,disloyally
4460,disloyalty
4461,dismail
4462,dismal
4463,dismally
4464,dismalness
4465,disman
4466,dismantled
4467,dismantling
4468,dismantle
4469,dismarch
4470,dismarry
4471,dismarshal
4472,dismask
4473,dismasted
4474,dismasting
4475,dismast
4476,dismastment
4477,dismaw
4478,dismayed
4479,dismaying
4480,dismay
4481,dismayedness
4482,dismayful
4483,disme
4484,dismembered
4485,dismembering
4486,dismember
4487,dismemberment
4488,dismettled
4489,dismissed
4490,dismissing
4491,dismiss
4492,dismissal
4493,dismission
4494,dismissive
4495,dismortaged
4496,dismortgaging
4497,dismortgage
4498,dismounted
4499,dismounting
4500,dismount
4501,disnaturalize
4502,disnatured
4503,disobedience
4504,disobediency
4505,disobedient
4506,disobediently
4507,disobeisance
4508,disobeisant
4509,disobeyed
4510,disobeying
4511,disobey
4512,disobeyer
4513,disobligation
4514,disobligatory
4515,disobliged
4516,disobliging
4517,disoblige
4518,disobligement
4519,disobliger
4520,disoccident
4521,disoccupation
4522,disopinion
4523,disoppilate
4524,disorb
4525,disord
4526,disordeined
4527,disorder
4528,disordered
4529,disordering
4530,disorderliness
4531,disorderly
4532,disordinance
4533,disordinate
4534,disordinately
4535,disordination
4536,disorganization
4537,disorganized
4538,disorganizing
4539,disorganize
4540,disorganizer
4541,disorient
4542,disorientate
4543,disowned
4544,disowning
4545,disown
4546,disownment
4547,disoxidate
4548,disoxidation
4549,disoxygenate
4550,disoxygenation
4551,dispace
4552,dispair
4553,dispand
4554,dispansion
4555,disparadised
4556,disparaged
4557,disparaging
4558,disparage
4559,disparagement
4560,disparager
4561,disparagingly
4562,disparate
4563,disparates
4564,disparition
4565,disparities
4566,disparity
4567,dispark
4568,disparkle
4569,disparted
4570,disparting
4571,dispart
4572,dispassion
4573,dispassionate
4574,dispassioned
4575,dispatched
4576,dispatching
4577,dispatch
4578,dispatcher
4579,dispatchful
4580,dispatchment
4581,dispathies
4582,dispathy
4583,dispauper
4584,dispauperize
4585,dispeed
4586,dispelled
4587,dispelling
4588,dispel
4589,dispence
4590,dispend
4591,dispender
4592,dispensable
4593,dispensableness
4594,dispensaries
4595,dispensary
4596,dispensation
4597,dispensative
4598,dispensatively
4599,dispensator
4600,dispensatorily
4601,dispensatory
4602,dispensatories
4603,dispensed
4604,dispensing
4605,dispense
4606,dispenser
4607,dispeopled
4608,dispeopling
4609,dispeople
4610,dispeopler
4611,disperge
4612,disspermous
4613,disperple
4614,dispersal
4615,dispersed
4616,dispersing
4617,disperse
4618,disperseness
4619,disperser
4620,dispersion
4621,dispersive
4622,dispirited
4623,dispiriting
4624,dispirit
4625,dispiritment
4626,dispiteous
4627,displaced
4628,displacing
4629,displace
4630,displaceable
4631,displacement
4632,displacency
4633,displacer
4634,di/planted
4635,displanting
4636,displant
4637,displantation
4638,displat
4639,displayed
4640,displaying
4641,display
4642,displayer
4643,disple
4644,displeasance
4645,displeasant
4646,displeased
4647,displeasing
4648,displease
4649,displeasedly
4650,displeasedness
4651,displeaser
4652,displeasure
4653,displenish
4654,displicence
4655,displicency
4656,disploded
4657,disploding
4658,displode
4659,displosion
4660,displosive
4661,displumed
4662,displuming
4663,displume
4664,dispoline
4665,dispond
4666,dispondee
4667,dispone
4668,disponee
4669,disponer
4670,disponge
4671,dispope
4672,disporous
4673,disport
4674,disported
4675,disporting
4676,disportment
4677,disposable
4678,disposal
4679,disposed
4680,disposing
4681,dispose
4682,disposedness
4683,disposement
4684,disposer
4685,disposingly
4686,disposited
4687,disposition
4688,dispositional
4689,dispositioned
4690,dispositive
4691,dispositively
4692,dispositor
4693,dispossessed
4694,dispossessing
4695,dispossess
4696,dispossession
4697,dispossessor
4698,dispost
4699,disposure
4700,dispraisable
4701,dispraised
4702,dispraising
4703,dispraise
4704,dispraiser
4705,dispraisingly
4706,dispread
4707,dispreader
4708,disprejudice
4709,disprepare
4710,disprince
4711,disprison
4712,disprivilege
4713,disprize
4714,disprofess
4715,disprofit
4716,disprofitable
4717,disproof
4718,disproperty
4719,disproportion
4720,disproportioned
4721,disproportioning
4722,disproportionable
4723,disproportional
4724,disproportionality
4725,disproportionally
4726,disproportionate
4727,dispropriate
4728,disprovable
4729,disproval
4730,disproved
4731,disproving
4732,disprove
4733,disprover
4734,disprovide
4735,dispunct
4736,dispunge
4737,dispunishable
4738,dispurpose
4739,dispurse
4740,dispurvey
4741,dispurveyance
4742,disputable
4743,disputableness
4744,disputacity
4745,disputant
4746,disputation
4747,disputatious
4748,disputative
4749,disputed
4750,disputing
4751,dispute
4752,disputeless
4753,disputer
4754,disputison
4755,disqualification
4756,disqualified
4757,disqualifying
4758,disqualify
4759,disquantity
4760,disquiet
4761,disquieted
4762,disquieting
4763,disquietal
4764,disquieter
4765,disquietful
4766,disquietive
4767,disquietly
4768,disquietment
4769,disquietness
4770,disquietous
4771,disquiettude
4772,disquisition
4773,disquisitional
4774,disquisitionary
4775,disquisitive
4776,disquisitorial
4777,disquisitory
4778,disrange
4779,disrank
4780,disrate
4781,disray
4782,disrealize
4783,disregarded
4784,disregarding
4785,disregard
4786,disregarder
4787,disregardful
4788,disregardfully
4789,disrelish
4790,disrelished
4791,disrelishing
4792,disremember
4793,disrepair
4794,disreputability
4795,disreputable
4796,disreputably
4797,disreputation
4798,disrepute
4799,disrespect
4800,disrespectability
4801,disrespectable
4802,disrespecter
4803,disrespectful
4804,disrespective
4805,disreverence
4806,disrobed
4807,disrobing
4808,disrobe
4809,disrober
4810,disroof
4811,disrooted
4812,disrooting
4813,disroot
4814,disrout
4815,disrudder
4816,disrulily
4817,disruly
4818,disrupt
4819,disrupted
4820,disrupting
4821,disruption
4822,disruptive
4823,disrupture
4824,dissatisfaction
4825,dissatisfactory
4826,dissatisfied
4827,dissatisfying
4828,dissatisfy
4829,disseat
4830,dissected
4831,dissecting
4832,dissect
4833,dissectible
4834,dissection
4835,dissector
4836,disseized
4837,disseizing
4838,disseize
4839,disseizee
4840,disseizin
4841,disseizor
4842,disseizoress
4843,disseizure
4844,dissemblance
4845,dissembled
4846,dissembling
4847,dissemble
4848,dissembler
4849,disseminated
4850,disseminating
4851,disseminate
4852,dissemination
4853,disseminative
4854,disseminator
4855,dissension
4856,dissensious
4857,dissented
4858,dissenting
4859,dissent
4860,dissentaneous
4861,dissentany
4862,dissentation
4863,dissenter
4864,dissenterism
4865,dissentiate
4866,dissentient
4867,dissentious
4868,dissentive
4869,dissepiment
4870,dissert
4871,dissertate
4872,dissertation
4873,dissertational
4874,dissertationist
4875,dissertator
4876,dissertly
4877,di/////
4878,disserving
4879,disserve
4880,disservice
4881,disserviceable
4882,dissettle
4883,dissettlement
4884,dissevered
4885,dissevering
4886,dissever
4887,disseverance
4888,disseveration
4889,disseverment
4890,disshadow
4891,dissheathe
4892,disship
4893,disshiver
4894,dissidence
4895,dissident
4896,dissidently
4897,dissilience
4898,dissiliency
4899,dissilient
4900,dissilition
4901,dissimilar
4902,dissimilarity
4903,dissimilarly
4904,dissimilate
4905,dissimilation
4906,dissimile
4907,dissimilitude
4908,dissimulate
4909,dissimulation
4910,dissimulator
4911,dissimule
4912,dissimuler
4913,dissimulour
4914,dissipable
4915,dissipated
4916,dissipating
4917,dissipate
4918,dissipation
4919,dissipative
4920,dissipativity
4921,dissite
4922,disslander
4923,disslanderous
4924,dissociability
4925,dissociable
4926,dissocial
4927,dissocialize
4928,dissociated
4929,dissociating
4930,dissociate
4931,dissociation
4932,dissociative
4933,dissolubility
4934,dissoluble
4935,dissolubleness
4936,dissolute
4937,dissolutely
4938,dissoluteness
4939,dissolution
4940,dissolvability
4941,dissolvable
4942,dissolvative
4943,dissolved
4944,dissolving
4945,dissolve
4946,dissolvent
4947,dissolver
4948,dissonance
4949,dissonancy
4950,dissonant
4951,disspirit
4952,dissuaded
4953,dissuading
4954,dissuade
4955,dissuader
4956,dissuasion
4957,dissuasive
4958,dissuasory
4959,dissundered
4960,dissundering
4961,dissunder
4962,dissweeten
4963,dissyllabic
4964,dissyllabification
4965,dissyllabify
4966,dissyllabize
4967,dissyllable
4968,dissymmetrical
4969,dissymmetry
4970,dissympathy
4971,distad
4972,distaffs
4973,distaves
4974,distaff
4975,distained
4976,distaining
4977,distain
4978,distal
4979,distally
4980,distance
4981,distanced
4982,distancing
4983,distancy
4984,distant
4985,distantial
4986,distantly
4987,distaste
4988,distasted
4989,distasting
4990,distasteful
4991,distasteive
4992,distasture
4993,distempered
4994,distempering
4995,distemper
4996,distemperance
4997,distemperate
4998,distemperately
4999,distemperature
5000,distemperment
5001,distended
5002,distending
5003,distend
5004,distensibility
5005,distensible
5006,distension
5007,distensive
5008,distent
5009,distention
5010,dister
5011,disterminate
5012,distermination
5013,disthene
5014,disthrone
5015,disthronize
5016,distich
5017,distichous
5018,distichously
5019,distil
5020,distilled
5021,distilling
5022,distill
5023,distillable
5024,distillate
5025,distillation
5026,distillatory
5027,distiller
5028,distilleries
5029,distillery
5030,distillment
5031,distinct
5032,distinction
5033,distinctive
5034,distinctively
5035,distinctiveness
5036,distinctly
5037,distinctness
5038,distincture
5039,distinguished
5040,distinguishing
5041,distinguish
5042,distinguishable
5043,distinguishableness
5044,distinguishably
5045,distinguishedly
5046,distinguisher
5047,distinguishingly
5048,distinguishment
5049,distitle
5050,distoma
5051,distort
5052,distorted
5053,distorting
5054,distorter
5055,distortion
5056,distortive
5057,distract
5058,distracted
5059,distraught
5060,distracting
5061,distractedly
5062,distractedness
5063,distracter
5064,distractful
5065,distractible
5066,distractile
5067,distraction
5068,distractious
5069,distractive
5070,distrained
5071,distraining
5072,distrain
5073,distrainable
5074,distrainer
5075,distrainor
5076,distraint
5077,distrait
5078,distraughted
5079,distream
5080,distress
5081,distressed
5082,distressing
5083,distressedness
5084,distressful
5085,distributable
5086,distributary
5087,distributed
5088,distributing
5089,distribute
5090,distributer
5091,distribution
5092,distributional
5093,distributionist
5094,distributive
5095,distributively
5096,distributiveness
5097,district
5098,districted
5099,districting
5100,distriction
5101,districtly
5102,distringas
5103,distrouble
5104,distrusted
5105,distrusting
5106,distrust
5107,distruster
5108,distrustful
5109,distrustless
5110,distune
5111,disturbed
5112,disturbing
5113,disturb
5114,disturbance
5115,disturbation
5116,disturber
5117,disturn
5118,distyle
5119,disulphate
5120,disulphide
5121,disulphuret
5122,disulphuric
5123,disuniform
5124,disunion
5125,disunionist
5126,disunited
5127,disuniting
5128,disunite
5129,disuniter
5130,disunity
5131,disusage
5132,disused
5133,disusing
5134,disuse
5135,disutilize
5136,disvaluation
5137,disvalue
5138,disvantageous
5139,disvelop
5140,disventure
5141,disvouch
5142,diswarn
5143,diswitted
5144,diswont
5145,disworkmanship
5146,disworship
5147,disworth
5148,disyoke
5149,dit
5150,ditation
5151,ditches
5152,ditch
5153,ditched
5154,ditching
5155,ditcher
5156,dite
5157,diterebene
5158,dithecal
5159,dithecous
5160,ditheism
5161,ditheist
5162,ditheistic
5163,ditheistical
5164,dithionic
5165,dithyramb
5166,dithyrambic
5167,dithyrambus
5168,dition
5169,ditionary
5170,ditokous
5171,ditolyl
5172,ditone
5173,ditrichotomous
5174,ditrochean
5175,ditrochee
5176,ditroite
5177,ditt
5178,dittander
5179,dittany
5180,dittied
5181,dittos
5182,ditto
5183,dittology
5184,ditties
5185,ditty
5186,diureide
5187,diuresis
5188,diuretic
5189,diuretical
5190,diureticalness
5191,diurna
5192,diurnal
5193,diurnalist
5194,diurnally
5195,diurnalness
5196,diurnation
5197,diuturnal
5198,diuturnity
5199,divagation
5200,divalent
5201,divan
5202,divaricated
5203,divaricating
5204,divaricate
5205,divaricately
5206,divarication
5207,divaricator
5208,divast
5209,dived
5210,dove
5211,diving
5212,dive
5213,divedapper
5214,divel
5215,divellent
5216,divellicate
5217,diver
5218,diverb
5219,diverberate
5220,diverberation
5221,diverged
5222,diverging
5223,diverge
5224,divergement
5225,divergence
5226,divergency
5227,divergent
5228,divergingly
5229,divers
5230,diverse
5231,diversely
5232,diverseness
5233,diversifiability
5234,diversifiable
5235,diversification
5236,diversified
5237,diversifier
5238,diversiform
5239,diversifying
5240,diversify
5241,diversiloquent
5242,diversion
5243,diversities
5244,diversity
5245,diversivolent
5246,diversory
5247,diverted
5248,diverting
5249,divert
5250,diverter
5251,divertible
5252,diverticle
5253,diverticular
5254,diverticula
5255,diverticulum
5256,divertimento
5257,divertise
5258,divertisement
5259,divertissement
5260,divertive
5261,dives
5262,divested
5263,divesting
5264,divest
5265,divestible
5266,divestiture
5267,divestment
5268,divesture
5269,divet
5270,dividable
5271,dividant
5272,divided
5273,dividing
5274,divide
5275,dividedly
5276,dividend
5277,divident
5278,divider
5279,dividingly
5280,dividual
5281,dividually
5282,dividuous
5283,divination
5284,divinator
5285,divinatory
5286,divine
5287,divined
5288,divining
5289,divinely
5290,divinement
5291,divineness
5292,diviner
5293,divineress
5294,divinify
5295,diviningly
5296,divinistre
5297,divinities
5298,divinity
5299,divinization
5300,divinize
5301,divisibility
5302,divisible
5303,division
5304,divisional
5305,divisionally
5306,divisionary
5307,divisionor
5308,divisive
5309,divisor
5310,divorce
5311,divorced
5312,divorcing
5313,divorceable
5314,divorcee
5315,divorceless
5316,divorcement
5317,divorcer
5318,divorcible
5319,divorcive
5320,divot
5321,divulgate
5322,divulgater
5323,divulgation
5324,divulged
5325,divulging
5326,divulge
5327,divulsive
5328,dixie
5329,dizened
5330,dizening
5331,dizen
5332,dizz
5333,dizzard
5334,dizzily
5335,dizziness
5336,dizzy
5337,dizzied
5338,dizzying
5339,djereed
5340,djerrid
5341,jjinn
5342,djinns
5343,djinnee
5344,do.
5345,do
5346,done
5347,doing
5348,doab
5349,doable
5350,doand
5351,doat
5352,dobber
5353,dobbin
5354,dobchick
5355,dobson
5356,dobule
5357,docent
5358,docetae
5359,docetic
5360,docetism
5361,dochmiac
5362,dochmius
5363,docibility
5364,docibleness
5365,docible
5366,docile
5367,docility
5368,docimacy
5369,docimastic
5370,docimology
5371,docity
5372,dock
5373,docked
5374,docking
5375,dockage
5376,docket
5377,docketed
5378,docketing
5379,dockyard
5380,docoglossa
5381,docquet
5382,doctor
5383,doctored
5384,doctoring
5385,doctoral
5386,doctorally
5387,doctorate
5388,doctoress
5389,doctorly
5390,doctorship
5391,doctress
5392,doctrinable
5393,doctrinaire
5394,doctrinal
5395,doctrinally
5396,doctrinarian
5397,doctrinarianism
5398,doctrine
5399,document
5400,documental
5401,documentary
5402,dodd
5403,dod
5404,doddart
5405,dodded
5406,dodder
5407,doddered
5408,dodecagon
5409,dodecagynia
5410,dodecagynian
5411,dodecagynous
5412,dodecahedral
5413,dodecahedron
5414,dodecandria
5415,dodecandrian
5416,dodecandrous
5417,dodecane
5418,dodecastyle
5419,dodecasyllabic
5420,dodecasyllable
5421,dodecatemory
5422,dodged
5423,dodging
5424,dodge
5425,dodger
5426,dodgery
5427,dodipate
5428,dodipoll
5429,dodkin
5430,dodman
5431,dodoes
5432,dodo
5433,doe
5434,doeglic
5435,doegling
5436,doer
5437,does
5438,doeskin
5439,doffed
5440,doffing
5441,doff
5442,doffer
5443,dog
5444,dogged
5445,dogging
5446,dogal
5447,dogate
5448,dogbane
5449,dogberry
5450,dogbolt
5451,dogcart
5452,dogday
5453,dogdraw
5454,doge
5455,dogeate
5456,dogeless
5457,dogfish
5458,doggedly
5459,doggedness
5460,dogger
5461,doggerel
5462,doggerman
5463,dogget
5464,doggish
5465,doggrel
5466,doghole
5467,dogmas
5468,dogmata
5469,dogma
5470,dogmatic
5471,dogmatical
5472,dogmatically
5473,dogmaticalness
5474,dogmatician
5475,dogmatics
5476,dogmatism
5477,dogmatist
5478,dogmatized
5479,dogmatizing
5480,dogmatize
5481,dogmatizer
5482,dogship
5483,dogshore
5484,dogsick
5485,dogskin
5486,dogsleep
5487,dogtie
5488,dogteeth
5489,dogtooth
5490,dogtrick
5491,dogvane
5492,dogwatch
5493,dogwood
5494,dohtren
5495,doily
5496,doings
5497,doit
5498,doitkin
5499,dokimastic
5500,doko
5501,dolabra
5502,dolabriform
5503,dolce
5504,dolcemente
5505,dolcino
5506,dulcino
5507,doldrums
5508,dole
5509,doled
5510,doling
5511,doleful
5512,dolent
5513,dolente
5514,dolerite
5515,doleritic
5516,dolesome
5517,dolf
5518,dolichocephalic
5519,dolichocephalous
5520,dolichocephaly
5521,dolichocephalism
5522,dolioform
5523,doliolum
5524,dolium
5525,doll
5526,dollar
5527,dollardee
5528,dollman
5529,dollies
5530,dolly
5531,dolman
5532,dolmen
5533,dolomite
5534,dolomitic
5535,dolomize
5536,dolor
5537,doloriferous
5538,dolorific
5539,dolorifical
5540,doloroso
5541,dolorous
5542,dolphin
5543,dolphinet
5544,dolt
5545,doltish
5546,dolus
5547,dolven
5548,dom
5549,domable
5550,domableness
5551,domage
5552,domain
5553,domal
5554,domanial
5555,dome
5556,domebook
5557,domed
5558,domesday
5559,domesmen
5560,domesman
5561,domestic
5562,domestical
5563,domestically
5564,domesticant
5565,domesticated
5566,domesticating.
5567,domesticate
5568,domestication
5569,domesticator
5570,domesticity
5571,domett
5572,domeykite
5573,domical
5574,domicile
5575,domiciled
5576,domiciling
5577,domiciliar
5578,domicillary
5579,domiciliated
5580,domiciliating
5581,domiciliate
5582,domiciliation
5583,domiculture
5584,domify
5585,domina
5586,dominance
5587,dominancy
5588,dominant
5589,dominated
5590,dominating
5591,dominate
5592,domination
5593,dominative
5594,dominator
5595,domine
5596,domineered
5597,domineering
5598,domineer
5599,dominical
5600,dominican
5601,dominicide
5602,dominie
5603,dominion
5604,dominos
5605,dominoes
5606,domino
5607,domini
5608,dominus
5609,domitable
5610,domite
5611,don
5612,donned
5613,donning
5614,doa
5615,donable
5616,donary
5617,donat
5618,donatary
5619,donated
5620,donating
5621,donate
5622,donation
5623,donatism
5624,donatist
5625,donatistic
5626,donative
5627,donator
5628,donatory
5629,donax
5630,doncella
5631,donee
5632,donet
5633,doni
5634,doniferous
5635,donjon
5636,donkeys
5637,donkey
5638,donna
5639,donnat
5640,donnism
5641,donor
5642,donship
5643,donzel
5644,doo
5645,doodle
5646,doodlesack
5647,doole
5648,doolies
5649,dooly
5650,doom
5651,doomed
5652,dooming
5653,doomage
5654,doomful
5655,doomsday
5656,doomsman
5657,doomster
5658,door
5659,doorcase
5660,doorcheek
5661,doorga
5662,dooring
5663,doorkeeper
5664,doorless
5665,doornail
5666,doorplane
5667,doorpost
5668,doorsill
5669,doorstead
5670,doorstep
5671,doorstone
5672,doorstop
5673,doorway
5674,dooryard
5675,dop
5676,doop
5677,dopper
5678,dopplerite
5679,doquet
5680,dor
5681,dorado
5682,dorbeetle
5683,doree
5684,doretree
5685,dorhawk
5686,dorian
5687,doric
5688,doricism
5689,doris
5690,dorism
5691,dormancy
5692,dormant
5693,dormer
5694,dormitive
5695,dormitories
5696,dormitory
5697,dormice
5698,dormouse
5699,dorn
5700,dornick
5701,dornock
5702,dorp
5703,dorr
5704,dorrfly
5705,dorrhawk
5706,dorsad
5707,dorsal
5708,dorsale
5709,dorsally
5710,dorse
5711,dorsel
5712,dorser
5713,dorsibranchiata
5714,dorsibranchiate
5715,dorsiferous
5716,dorsimeson
5717,dorsiparous
5718,dorsiventral
5719,dorsoventral
5720,dorsum
5721,dortour
5722,dorture
5723,dories
5724,dory
5725,doryphora
5726,doryphoros
5727,dose
5728,dosed
5729,dosing
5730,dosel
5731,dosology
5732,dossel
5733,dosser
5734,dossil
5735,dost
5736,dot
5737,dotted
5738,dotting
5739,dotage
5740,dotal
5741,dotant
5742,dotard
5743,dotardly
5744,dotary
5745,dotation
5746,dote
5747,doted
5748,doting
5749,dotehead
5750,doter
5751,dotery
5752,doth
5753,dotish
5754,dottard
5755,dotterel
5756,dottrel
5757,doty
5758,douane
5759,douanier
5760,douar
5761,double
5762,doubled
5763,doubling
5764,doublehearted
5765,doubleminded
5766,doubleness
5767,doubler
5768,doublet
5769,doublethreaded
5770,doubletree
5771,doublets
5772,doubloon
5773,doubly
5774,dou/ted
5775,doubting
5776,doubt
5777,doubtable
5778,doubtance
5779,doubter
5780,doubtful
5781,doubtfully
5782,doubtfulness
5783,doubtless
5784,doubtlessly
5785,doubtous
5786,douc
5787,douce
5788,doucepere
5789,doucet
5790,dowset
5791,douceur
5792,douche
5793,doucine
5794,doucker
5795,dough
5796,doughbird
5797,doughface
5798,doughfaceism
5799,doughiness
5800,doughnut
5801,doughtily
5802,doughtiness
5803,doughtren
5804,doughty
5805,doughy
5806,doulocracy
5807,doupe
5808,dour
5809,doura
5810,douroucouli
5811,doused
5812,dousing
5813,douse
5814,dout
5815,douter
5816,dovecot
5817,dovecote
5818,dovekie
5819,dovelet
5820,dovelike
5821,doveship
5822,dovetail
5823,dovetailed
5824,dovetailing
5825,dovish
5826,dow
5827,dowable
5828,dowager
5829,dowagerism
5830,dowcet
5831,dowdy
5832,dowdies
5833,dowdyish
5834,dowel
5835,doweled
5836,dowelled
5837,doweling
5838,dowelling
5839,dower
5840,dowered
5841,dowerless
5842,dowery
5843,dowitcher
5844,dowl
5845,dowlas
5846,dowle
5847,down
5848,downed
5849,downing
5850,downbear
5851,downcast
5852,downcome
5853,downfall
5854,downfallen
5855,downfalling
5856,downgyved
5857,downhaul
5858,downhearted
5859,downhill
5860,downiness
5861,downlooked
5862,downlying
5863,downpour
5864,downright
5865,downsitting
5866,downstairs
5867,downsteepy
5868,downstream
5869,downstroke
5870,downthrow
5871,downtrod
5872,downtrodden
5873,downward
5874,downwards
5875,downweed
5876,downweigh
5877,downy
5878,dowral
5879,dowress
5880,dowries
5881,dowry
5882,dowse
5883,dowser
5884,dowst
5885,dowve
5886,doxological
5887,doxologized
5888,doxologizing
5889,doxologize
5890,doxologies
5891,doxology
5892,doxies
5893,doxy
5894,doyly
5895,dozed
5896,dozing
5897,doze
5898,dozen
5899,dozens
5900,dozenth
5901,dozer
5902,doziness
5903,dozy
5904,dozzled
5905,drab
5906,drabbed
5907,drabbing
5908,drabber
5909,drabbet
5910,drabbish
5911,drabbled
5912,drabbling
5913,drabble
5914,drabbler
5915,dracaena
5916,dracanth
5917,drachm
5918,drachmas
5919,drachmae
5920,drachma
5921,drachme
5922,dracin
5923,draco
5924,draconian
5925,draconic
5926,draconin
5927,dracontic
5928,dracontine
5929,dracunculi
5930,dracunculus
5931,drad
5932,dradde
5933,dradge
5934,draff
5935,draffish
5936,draffy
5937,draft
5938,drafted
5939,drafting
5940,draftsman
5941,drag
5942,dragged
5943,dragging
5944,dragantine
5945,dragbar
5946,dragbolt
5947,dragees
5948,draggled
5949,draggling
5950,draggle
5951,draglink
5952,dragmen
5953,dragman
5954,dragnet
5955,dragomans
5956,dragoman
5957,dragon
5958,dragonet
5959,dragonish
5960,dragonlike
5961,dragonnade
5962,dragoon
5963,dragooned
5964,dragooning
5965,dragoonade
5966,dragooner
5967,drail
5968,drained
5969,draining
5970,drain
5971,drainable
5972,drainage
5973,draine
5974,drainer
5975,drainpipe
5976,draintile
5977,draintrap
5978,drake
5979,drakestone
5980,dram
5981,drama
5982,dramatic
5983,dramatical
5984,dramatically
5985,dramatist
5986,dramatizable
5987,dramatization
5988,dramatized
5989,dramatizing
5990,dramatize
5991,dramaturgic
5992,dramaturgist
5993,dramaturgy
5994,dramming
5995,dramseller
5996,dramshop
5997,drank
5998,draped
5999,draping
6000,drape
6001,draper
6002,draperied
6003,draperies
6004,drapery
6005,drapet
6006,drastic
6007,drasty
6008,draugh
6009,draught
6010,draughted
6011,draughting
6012,draughtboard
6013,draughthouse
6014,draughts
6015,draughtsmen
6016,draughtsman
6017,draughtsmanship
6018,draughty
6019,drave
6020,dravida
6021,dravidian
6022,drew
6023,drawn
6024,drawing
6025,draw
6026,drawable
6027,drawback
6028,drawbar
6029,drawbench
6030,drawbolt
6031,drawbore
6032,drawboy
6033,drawbridge
6034,drawcansir
6035,drawee
6036,drawer
6037,drawfiling
6038,drawgear
6039,drawgloves
6040,drawhead
6041,drawknife
6042,drawled
6043,drawling
6044,drawl
6045,drawlatch
6046,drawlink
6047,drawloom
6048,drawnet
6049,drawplate
6050,drawrod
6051,drawshave
6052,drawspring
6053,dray
6054,drayage
6055,draymen
6056,drayman
6057,drazel
6058,dreaded
6059,dreading
6060,dread
6061,dreadable
6062,dreader
6063,dreadful
6064,dreadfully
6065,dreadfulness
6066,dreadingly
6067,dreadless
6068,dreadlessness
6069,dreadly
6070,dreadnaught
6071,dream
6072,dreamed
6073,dreamt
6074,dreaming
6075,dreamer
6076,dreamful
6077,dreamily
6078,dreaminess
6079,dreamingly
6080,dreamland
6081,dreamless
6082,dreamy
6083,drear
6084,drearihead
6085,drearihood
6086,drearily
6087,dreariment
6088,dreariness
6089,drearing
6090,drearisome
6091,dreary
6092,drecche
6093,dredge
6094,dredged
6095,dredging
6096,dredger
6097,dree
6098,dreg
6099,dregginess
6100,dreggish
6101,dreggy
6102,drein
6103,dreint
6104,dreissena
6105,drenched
6106,drenching
6107,drench
6108,drenche
6109,drencher
6110,drengage
6111,drent
6112,dressed
6113,drest
6114,dressing
6115,dress
6116,dresser
6117,dressiness
6118,dressmaker
6119,dressmaking
6120,dressy
6121,dretch
6122,dreul
6123,drevil
6124,drey
6125,dreye
6126,dreynt
6127,dribbed
6128,dribbing
6129,drib
6130,dribber
6131,dribbled
6132,dribble
6133,dribbler
6134,dribblet
6135,driblet
6136,drie
6137,dried
6138,drier
6139,driest
6140,drift
6141,drifted
6142,drifting
6143,driftage
6144,driftbolt
6145,driftless
6146,driftpiece
6147,driftpin
6148,driftway
6149,driftweed
6150,driftwind
6151,driftwood
6152,drifty
6153,drilled
6154,drilling
6155,drill
6156,driller
6157,drillmaster
6158,drillstock
6159,drily
6160,drimys
6161,drunk
6162,drunken
6163,drinking
6164,drink
6165,drinkable
6166,drinkableness
6167,drinker
6168,drinkless
6169,dripped
6170,dript
6171,dripping
6172,drip
6173,dripple
6174,dripstone
6175,drove
6176,driven
6177,driving
6178,drive
6179,drivebolt
6180,driveled
6181,drivelled
6182,driveling
6183,drivelling
6184,drivel
6185,driveler
6186,drivepipe
6187,driver
6188,driveway
6189,drizzled
6190,drizzling
6191,drizzle
6192,drizzly
6193,drock
6194,drofland
6195,dryfland
6196,drogher
6197,drogman
6198,drogoman
6199,drogue
6200,droh
6201,droil
6202,droit
6203,droitural
6204,droitzschka
6205,droll
6206,drolled
6207,drolling
6208,droller
6209,drolleries
6210,drollery
6211,drollingly
6212,drollish
6213,drollist
6214,dromaeognathous
6215,dromatherium
6216,drome
6217,dromedaries
6218,dromedary
6219,dromond
6220,dromon
6221,drone
6222,droned
6223,droning
6224,dronepipe
6225,drongos
6226,drongo
6227,dronish
6228,dronkelewe
6229,dronte
6230,drony
6231,drooled
6232,drooling
6233,drool
6234,drooped
6235,drooping
6236,droop
6237,drooper
6238,droopingly
6239,drop
6240,dropped
6241,dropt
6242,dropping
6243,droplet
6244,droplight
6245,dropmeal
6246,dropmele
6247,dropper
6248,droppinly
6249,dropsical
6250,dropsicalness
6251,dropsied
6252,dropsies
6253,dropsy
6254,dropwise
6255,dropworm
6256,dropwort
6257,drosera
6258,droskies
6259,drosky
6260,drosometer
6261,dross
6262,drossel
6263,drossless
6264,drossy
6265,drotchel
6266,drough
6267,drought
6268,droughtiness
6269,droughty
6270,droumy
6271,drouth
6272,drouthy
6273,droven
6274,drover
6275,drovy
6276,drow
6277,drowned
6278,drowning
6279,drown
6280,drownage
6281,drowner
6282,drowsed
6283,drowsing
6284,drowse
6285,drowsihead
6286,drowsihed
6287,drowsily
6288,drowsiness
6289,drowsy
6290,drowth
6291,droyle
6292,drubbed
6293,drubbing
6294,drub
6295,drubber
6296,drudged
6297,drudging
6298,drudge
6299,drudger
6300,drudgery
6301,drudgingly
6302,druery
6303,drug
6304,drugged
6305,drugging
6306,drugger
6307,drugget
6308,druggist
6309,drugster
6310,druid
6311,druidess
6312,druidic
6313,druidical
6314,druidish
6315,druidism
6316,drum
6317,drummed
6318,drumming
6319,drumbeat
6320,drumble
6321,drumfish
6322,drumhead
6323,drumlin
6324,drumly
6325,drummer
6326,drumstick
6327,drunkard
6328,drunkenhead
6329,drunkenly
6330,drunkenness
6331,drunkenship
6332,drunkship
6333,drupaceous
6334,drupal
6335,drupe
6336,drupel
6337,drupelet
6338,druse
6339,drusy
6340,drused
6341,druxey
6342,druxy
6343,dry
6344,drying
6345,dryad
6346,dryandra
6347,dryades
6348,dryas
6349,dryer
6350,dryfoot
6351,dryly
6352,dryness
6353,drynurse
6354,dryobalanops
6355,drysalter
6356,drysaltery
6357,dryth
6358,drith
6359,duad
6360,dual
6361,dualin
6362,dualism
6363,dualist
6364,dualistic
6365,duality
6366,duan
6367,duarchy
6368,dubbed
6369,dubbing
6370,dub
6371,dubb
6372,dubber
6373,dubieties
6374,dubiety
6375,dubiosities
6376,dubiosity
6377,dubious
6378,dubiously
6379,dubiousness
6380,dubitable
6381,dubitancy
6382,dubitate
6383,dubitation
6384,dubitative
6385,duboisia
6386,duboisine
6387,ducal
6388,ducally
6389,ducat
6390,ducatoon
6391,duchess
6392,duchies
6393,duchy
6394,duck
6395,ducked
6396,ducking
6397,duckbill
6398,ducker
6399,duckling
6400,duckmeat
6401,duckweed
6402,duct
6403,ductible
6404,ductile
6405,ductilimeter
6406,ductility
6407,duction
6408,ductless
6409,ductor
6410,ducture
6411,dudder
6412,duddery
6413,dude
6414,dudeen
6415,dudgeon
6416,dudish
6417,duds
6418,due
6419,duebill
6420,dueful
6421,duel
6422,dueler
6423,dueling
6424,duelist
6425,duelo
6426,duea
6427,dueness
6428,duennas
6429,duenna
6430,duet
6431,duettino
6432,duetto
6433,duff
6434,duffel
6435,duffer
6436,duffle
6437,dufrenite
6438,dugong
6439,dugout
6440,dugway
6441,duke
6442,dukedom
6443,dukeling
6444,dukeship
6445,dulcamara
6446,dulcamarin
6447,dulce
6448,dulceness
6449,dulcet
6450,dulciana
6451,dulcification
6452,dulcified
6453,dulcifluous
6454,dulcifying
6455,dulcify
6456,dulciloquy
6457,dulcimer
6458,dulcinea
6459,dulciness
6460,dulcite
6461,dulcitude
6462,dulcorate
6463,dulcoration
6464,duledge
6465,dulia
6466,dull
6467,duller
6468,dulling
6469,dullard
6470,dullhead
6471,dullish
6472,dullness
6473,dullsome
6474,dully
6475,dulocracy
6476,dulse
6477,dulwilly
6478,duly
6479,dumal
6480,dumb
6481,dumbledor
6482,dumbly
6483,dumbness
6484,dumetose
6485,dumfounded
6486,dumfounding
6487,dumfound
6488,dumfounder
6489,dummador
6490,dummerer
6491,dummy
6492,dummies
6493,dumose
6494,dumous
6495,dump
6496,dumped
6497,dumping
6498,dumpage
6499,dumpiness
6500,dumpish
6501,dumple
6502,dumpling
6503,dumpy
6504,dun
6505,dunned
6506,dunning
6507,dunbird
6508,dunce
6509,duncedom
6510,duncery
6511,duncical
6512,duncify
6513,duncish
6514,dunder
6515,dunderhead
6516,dunderpate
6517,dune
6518,dunfish
6519,dunged
6520,dunging
6521,dungaree
6522,dungeon
6523,dungfork
6524,dunghill
6525,dungmeer
6526,dungy
6527,dungyard
6528,dunker
6529,dunlin
6530,dunnage
6531,dunner
6532,dunnish
6533,dunnock
6534,dunny
6535,dunt
6536,dunted
6537,dunter
6538,duo
6539,duodecahedral
6540,duodecahedron
6541,duodecennial
6542,duodecimal
6543,duodecimfid
6544,duodecimo
6545,duodecimos
6546,duodecuple
6547,duodenal
6548,duodenary
6549,duodenum
6550,duoliteral
6551,duomo
6552,dup
6553,dupable
6554,dupe
6555,duped
6556,duping
6557,duper
6558,dupery
6559,dupion
6560,duple
6561,duplex
6562,duplicate
6563,duplicated
6564,duplicating
6565,duplication
6566,duplicative
6567,duplicature
6568,duplicities
6569,duplicity
6570,dupper
6571,dur
6572,dura
6573,durability
6574,durable
6575,durableness
6576,durably
6577,dural
6578,duramen
6579,durance
6580,durancy
6581,durant
6582,durante
6583,duration
6584,durative
6585,durbar
6586,dure
6587,dureful
6588,dureless
6589,durene
6590,duress
6591,duressor
6592,durga
6593,durham
6594,durian
6595,durion
6596,during
6597,durio
6598,durity
6599,durometer
6600,durous
6601,durra
6602,durukuli
6603,durylic
6604,duse
6605,dusk
6606,dusken
6607,duskily
6608,duskiness
6609,duskish
6610,duskness
6611,dusky
6612,dust
6613,dusted
6614,dusting
6615,dustbrush
6616,duster
6617,dustiness
6618,dustless
6619,dustmen
6620,dustman
6621,dustpan
6622,dusty
6623,dutch
6624,dutchmen
6625,dutchman
6626,duteous
6627,dutiable
6628,dutied
6629,dutiful
6630,duties
6631,duty
6632,duumvirs
6633,duumviri
6634,duumvir
6635,duumviral
6636,duumvirate
6637,dux
6638,duykerbok
6639,duyoung
6640,dvergar
6641,dvergr
6642,dwale
6643,dwang
6644,dwarfs
6645,dwarf
6646,dwarfed
6647,dwarfing
6648,dwarfish
6649,dwarfling
6650,dwarfy
6651,dwaul
6652,dwaule
6653,dwelled
6654,dwelt
6655,dwelling
6656,dwell
6657,dweller
6658,dwindled
6659,dwindling
6660,dwindle
6661,dwindlement
6662,dwine
6663,dyad
6664,dyadic
6665,dyaks
6666,dyas
6667,dyed
6668,dyeing
6669,dye
6670,dyehouse
6671,dyer
6672,dyestuff
6673,dyewood
6674,dyingly
6675,dyingness
6676,dyke
6677,dynactinometer
6678,dynam
6679,dynameter
6680,dynametrical
6681,dynamic
6682,dynamical
6683,dynamically
6684,dynamics
6685,dynamism
6686,dynamist
6687,dynamitard
6688,dynamite
6689,dynamiter
6690,dynamiting
6691,dynamitism
6692,dynamization
6693,dynamo
6694,dynamograph
6695,dynamometer
6696,dynamometric
6697,dynamometrical
6698,dynamometry
6699,dynast
6700,dynasta
6701,dynastic
6702,dynastical
6703,dynastidan
6704,dynasties
6705,dynasty
6706,dyne
6707,dysaesthesia
6708,dyscrasia
6709,dyscrasite
6710,discrasies
6711,dyscrasy
6712,dysenteric
6713,dysenterical
6714,dysentery
6715,dysgenesic
6716,dysgenesis
6717,dyslogistic
6718,dysluite
6719,dyslysin
6720,dysmenorrhea
6721,dysnomy
6722,dysodile
6723,dyspepsia
6724,dyspepsy
6725,dyspeptic
6726,dyspeptical
6727,dyspeptone
6728,dysphagia
6729,dysphagy
6730,dysphonia
6731,dysphony
6732,dysphoria
6733,dyspnoea
6734,dyspnoic
6735,dysteleology
6736,dystocia
6737,dystome
6738,dysuria
6739,dysury
6740,dysuric
6741,dzeren
6742,dzeron
6743,dziggetai
