,E,Length
0,each,4
1,eachwhere,9
2,eadish,6
3,eager,5
4,eagerly,7
5,eagerness,9
6,eagle,5
7,eagless,7
8,eaglestone,10
9,eaglet,6
10,eaglewood,9
11,eagrass,7
12,eagre,5
13,ealderman,9
14,ealdorman,9
15,eale,4
16,eame,4
17,ean,3
18,eanling,7
19,ear,3
20,eared,5
21,earing,6
22,earable,7
23,earache,7
24,earal,5
25,earcap,6
26,earcockle,9
27,eardrop,7
28,eardrum,7
29,eariness,8
30,earl,4
31,earlap,6
32,earldom,7
33,earldorman,10
34,earlduck,8
35,earless,7
36,earlet,6
37,earliness,9
38,earlock,7
39,early,5
40,earmark,7
41,earmarked,9
42,earmarking,10
43,earn,4
44,earned,6
45,earning,7
46,earnest,7
47,earnestful,10
48,earnestly,9
49,earnestness,11
50,earnful,7
51,earnings,8
52,earpick,7
53,earreach,8
54,earring,7
55,earsh,5
56,earshot,7
57,earshrift,9
58,earsore,7
59,earst,5
60,earth,5
61,earthed,7
62,earthing,8
63,earthbag,8
64,earthbank,9
65,earthboard,10
66,earthborn,9
67,earthbred,9
68,earthdin,8
69,earthdrake,10
70,earthen,7
71,earthenware,11
72,earthfork,9
73,earthiness,10
74,earthliness,11
75,earthling,9
76,earthly,7
77,earthmad,8
78,earthnut,8
79,earthpea,8
80,earthquake,10
81,earthquave,10
82,earthshock,10
83,earthstar,9
84,earthward,9
85,earthwards,10
86,earthwork,9
87,earthworm,9
88,earthy,6
89,earwax,6
90,earwig,6
91,earwigged,9
92,earwigging,10
93,earwitness,10
94,ease,4
95,eased,5
96,easing,6
97,easeful,7
98,easel,5
99,easeless,8
100,easement,8
101,easily,6
102,easiness,8
103,east,4
104,easter,6
105,easterling,10
106,easterly,8
107,eastern,7
108,easternmost,11
109,easting,7
110,eastward,8
111,eastwards,9
112,easy,4
113,ate,3
114,eat,3
115,eaten,5
116,eating,6
117,eatable,7
118,eatage,6
119,eater,5
120,eath,4
121,eavedrop,8
122,eaves,5
123,eavesdrop,9
124,eavesdropper,12
125,eavesdropping,13
126,ebb,3
127,ebbed,5
128,ebbing,6
129,ebionite,8
130,ebionitism,10
131,eblanin,7
132,eblis,5
133,ebon,4
134,ebonist,7
135,ebonite,7
136,ebonized,8
137,ebonizing,9
138,ebonize,7
139,ebonies,7
140,ebony,5
141,ebracteate,10
142,ebracteolate,12
143,ebrauke,7
144,ebrieties,9
145,ebriety,7
146,ebrillade,9
147,ebriosity,9
148,ebrious,7
149,ebulliate,9
150,ebullience,10
151,ebulliency,10
152,ebullient,9
153,ebullioscope,12
154,ebullition,10
155,eburin,6
156,eburnation,10
157,eburnean,8
158,eburnification,14
159,eburnine,8
160,ecardines,9
161,ecarte,6
162,ecaudate,8
163,ecballium,9
164,ecbasis,7
165,ecbatic,7
166,ecbole,6
167,ecbolic,7
168,ecboline,8
169,eccaleobion,11
170,eccentric,9
171,eccentrical,11
172,eccentrically,13
173,eccentricities,14
174,eccentricity,12
175,ecchymose,9
176,ecchymoses,10
177,ecchymosis,10
178,ecchymotic,10
179,eccle,5
180,ecclesiae,9
181,ecclesia,8
182,ecclesial,9
183,ecclesiarch,11
184,ecclesiast,10
185,ecclesiastes,12
186,ecclesiastic,12
187,ecclesiastical,14
188,ecclesiastically,16
189,ecclesiasticism,15
190,ecclesiasticus,14
191,ecclesiological,15
192,ecclesiologist,14
193,ecclesiology,12
194,eccritic,8
195,ecderon,7
196,ecdyses,7
197,ecdysis,7
198,ecgonine,8
199,echauguette,11
200,eche,4
201,echelon,7
202,echidna,7
203,echidnine,9
204,echinate,8
205,echinated,9
206,echinid,7
207,echinidan,9
208,echinital,9
209,echinite,8
210,echinococcus,12
211,echinoderm,10
212,echinodermal,12
213,echinodermata,13
214,echinodermatous,15
215,echinoid,8
216,echinoidea,10
217,echinozoa,9
218,echinulate,10
219,echini,6
220,echinus,7
221,echiuroidea,11
222,echoes,6
223,echo,4
224,echoed,6
225,echoing,7
226,echoer,6
227,echoless,8
228,echometer,9
229,echometry,9
230,echon,5
231,echoon,6
232,echoscope,9
233,eclair,6
234,eclaircise,10
235,eclaircissement,15
236,eclampsia,9
237,eclampsy,8
238,eclat,5
239,eclectic,8
240,eclectically,12
241,eclecticism,11
242,eclegm,6
243,eclipse,7
244,eclipsed,8
245,eclipsing,9
246,ecliptic,8
247,eclogite,8
248,eclogue,7
249,economic,8
250,economical,10
251,economically,12
252,economics,9
253,economist,9
254,economization,13
255,economized,10
256,economizing,11
257,economize,9
258,economizer,10
259,economies,9
260,economy,7
261,ecorche,7
262,ecossaise,9
263,ecostate,8
264,ecoute,6
265,ecphasis,8
266,ecphonema,9
267,ecphoneme,9
268,ecphonesis,10
269,ecphractic,10
270,ecrasement,10
271,ecraseur,8
272,ecru,4
273,ecstasies,9
274,ecstasy,7
275,ecstatic,8
276,ecstatical,10
277,ecstatically,12
278,ectad,5
279,ectal,5
280,ectasia,7
281,ectasis,7
282,ectental,8
283,ecteron,7
284,ectethmoid,10
285,ecthlipsis,10
286,ecthorea,8
287,ecthoreum,9
288,ecthymata,9
289,ecthyma,7
290,ectoblast,9
291,ectobronchia,12
292,ectobronchium,13
293,ectocuneriform,14
294,ectocuniform,12
295,ectocyst,8
296,ectoderm,8
297,ectodermal,10
298,ectodermic,10
299,ectolecithal,12
300,ectomere,8
301,ectoparasite,12
302,ectopia,7
303,ectopic,7
304,ectoplasm,9
305,ectoplastic,11
306,ectoprocta,10
307,ectopy,6
308,ectorganism,11
309,ectosarc,8
310,ectosteal,9
311,ectostosis,10
312,ectozoic,8
313,ectozoa,7
314,ectozoon,8
315,ectropion,9
316,ectropium,9
317,ectrotic,8
318,ectypal,7
319,ectype,6
320,ectypography,12
321,ecumenic,8
322,ecumenical,10
323,ecurie,6
324,eczema,6
325,eczematous,10
326,edacious,8
327,edacity,7
328,eddas,5
329,edda,4
330,eddaic,6
331,eddic,5
332,edder,5
333,eddish,6
334,eddoes,6
335,eddies,6
336,eddy,4
337,eddied,6
338,eddying,7
339,edelweiss,9
340,edema,5
341,edematous,9
342,edematose,9
343,eden,4
344,edenic,6
345,edenite,7
346,edenized,8
347,edental,7
348,edentalous,10
349,edentata,8
350,edentate,8
351,edentated,9
352,edentation,10
353,edentulous,10
354,edge,4
355,edged,5
356,edging,6
357,edgebone,8
358,edgeless,8
359,edgelong,8
360,edgeshot,8
361,edgeways,8
362,edgewise,8
363,edgingly,8
364,edgy,4
365,edh,3
366,edibility,9
367,edible,6
368,edibleness,10
369,edict,5
370,edictal,7
371,edificant,9
372,edification,11
373,edificatory,11
374,edifice,7
375,edificial,9
376,edifier,7
377,edified,7
378,edifying,8
379,edify,5
380,edile,5
381,edileship,9
382,edingtonite,11
383,edited,6
384,editing,7
385,edit,4
386,edition,7
387,editioner,9
388,editor,6
389,editorial,9
390,editorially,11
391,editorship,10
392,editress,8
393,edituate,8
394,edomite,7
395,edriophthalma,13
396,edriophthalmous,15
397,educability,11
398,educable,8
399,educated,8
400,educating,9
401,educate,7
402,education,9
403,educational,11
404,educationist,12
405,educative,9
406,educator,8
407,educed,6
408,educing,7
409,educe,5
410,educible,8
411,educt,5
412,eduction,8
413,eductive,8
414,eductor,7
415,edulcorant,10
416,edulcorated,11
417,edulcorating,12
418,edulcorate,10
419,edulcoration,12
420,edulcorative,12
421,edulcorator,11
422,edulious,8
423,eek,3
424,eeke,4
425,eel,3
426,eelbuck,7
427,eelfare,7
428,eelgrass,8
429,eelpot,6
430,eelpout,7
431,eelspear,8
432,een,3
433,eerie,5
434,eery,4
435,eerily,6
436,eerisome,8
437,eet,3
438,effable,7
439,effaced,7
440,effacing,8
441,efface,6
442,effaceable,10
443,effacement,10
444,effascinate,11
445,effascination,13
446,effect,6
447,effected,8
448,effecting,9
449,effecter,8
450,effectible,10
451,effection,9
452,effective,9
453,effectively,11
454,effectiveness,13
455,effectless,10
456,effector,8
457,effectual,9
458,effectually,11
459,effectualness,13
460,effectuated,11
461,effectuating,12
462,effectuate,10
463,effectuation,12
464,effectuose,10
465,effectuous,10
466,effectuously,12
467,effeminacies,12
468,effeminacy,10
469,effeminate,10
470,effeminated,11
471,effeminating,12
472,effeminately,12
473,effeminateness,14
474,effemination,12
475,effeminize,10
476,effendi,7
477,efferent,8
478,efferous,8
479,effervesced,11
480,effervescing,12
481,effervesce,10
482,effervescence,13
483,effervescency,13
484,effervescent,12
485,effervescible,13
486,effervescive,12
487,effet,5
488,effete,6
489,efficacious,11
490,efficacity,10
491,efficacy,8
492,efficience,10
493,efficiency,10
494,efficient,9
495,efficiently,11
496,effierce,8
497,effigial,8
498,effigiate,9
499,effigiation,11
500,effigies,8
501,effigy,6
502,efflagitate,11
503,efflate,7
504,efflation,9
505,effloresced,11
506,efflorescing,12
507,effloresce,10
508,efflorescence,13
509,efflorescency,13
510,efflorescent,12
511,efflower,8
512,effluence,9
513,effluency,9
514,effluent,8
515,effluviable,11
516,effluvial,9
517,effluviate,10
518,effluvia,8
519,effluvium,9
520,efflux,6
521,effluxion,9
522,effodient,9
523,efforced,8
524,efforcing,9
525,efforce,7
526,efform,6
527,efformation,11
528,effort,6
529,effortless,10
530,effossion,9
531,effranchise,11
532,effray,6
533,effrayable,10
534,effrenation,11
535,effront,7
536,effronteries,12
537,effrontery,10
538,effrontit,9
539,effrontuously,13
540,effulged,8
541,effulging,9
542,effulge,7
543,effulgence,10
544,effulgent,9
545,effulgently,11
546,effumability,12
547,effume,6
548,effund,6
549,effuse,6
550,effused,7
551,effusing,8
552,effusion,8
553,effusive,8
554,efreet,6
555,eft,3
556,eftsoon,7
557,eftsoons,8
558,egad,4
559,egal,4
560,egality,7
561,egean,5
562,egence,6
563,eger,4
564,egre,4
565,egerminate,10
566,egest,5
567,egesta,6
568,egestion,8
569,egg,3
570,egged,5
571,egging,6
572,eggar,5
573,eggement,8
574,egger,5
575,eggery,6
576,egghot,6
577,eggler,6
578,eggnog,6
579,eggplant,8
580,eggshell,8
581,eghen,5
582,egilopical,10
583,egilops,7
584,eglandulose,11
585,eglandulous,11
586,eglantine,9
587,eglatere,8
588,egling,6
589,eglomerate,10
590,ego,3
591,egoical,7
592,egoism,6
593,egoist,6
594,egoistic,8
595,egoistical,10
596,egoistically,12
597,egoity,6
598,egomism,7
599,egophonic,9
600,egophony,8
601,egotheism,9
602,egotism,7
603,egotist,7
604,egotistic,9
605,egotistical,11
606,egotistically,13
607,egotized,8
608,egotizing,9
609,egotize,7
610,egranulose,10
611,egregious,9
612,egregiously,11
613,egregiousness,13
614,egremoin,8
615,egress,6
616,egression,9
617,egressor,8
618,egret,5
619,egrette,7
620,egrimony,8
621,egriot,6
622,egritude,8
623,egyptian,8
624,egyptized,9
625,egyptizing,10
626,egyptize,8
627,egyptologer,11
628,egyptologist,12
629,egyptological,13
630,egyptology,10
631,eh,2
632,ehlite,6
633,eider,5
634,eidograph,9
635,eidolon,7
636,eigh,4
637,eight,5
638,eighteen,8
639,eighteenmo,10
640,eighteenth,10
641,eightetethe,11
642,eightfold,9
643,eighth,6
644,eighthly,8
645,eightieth,9
646,eightling,9
647,eightscore,10
648,eighty,6
649,eigne,5
650,eiking,6
651,eikon,5
652,eikosane,8
653,eikosylene,10
654,eild,4
655,eire,4
656,eirenarch,9
657,eirenic,7
658,eirie,5
659,eisel,5
660,eisteddfod,10
661,either,6
662,ejaculated,10
663,ejaculating,11
664,ejaculate,9
665,ejaculation,11
666,ejaculator,10
667,ejaculatory,11
668,ejected,7
669,ejecting,8
670,eject,5
671,ejection,8
672,ejectment,9
673,ejector,7
674,ejoo,4
675,ejulation,9
676,ekabor,6
677,ekaboron,8
678,ekaluminium,11
679,ekasilicon,10
680,eked,4
681,eking,5
682,eke,3
683,ekebergite,10
684,ekename,7
685,elaborate,9
686,elaborated,10
687,elaborating,11
688,elaboration,11
689,elaborative,11
690,elaborator,10
691,elaboratory,11
692,elaeagnus,9
693,elaeis,6
694,elaeolite,9
695,elaeoptene,10
696,elaidate,8
697,elaidic,7
698,elaidin,7
699,elaine,6
700,elain,5
701,elaiodic,8
702,elaiometer,10
703,elamite,7
704,elamping,8
705,elan,4
706,elanced,7
707,elancing,8
708,elance,6
709,eland,5
710,elanet,6
711,elaolite,8
712,elaoptene,9
713,elaphine,8
714,elaphure,8
715,elapidation,11
716,elapine,7
717,elaps,5
718,elapsed,7
719,elapsing,8
720,elapse,6
721,elapsion,8
722,elaqueate,9
723,elasipoda,9
724,elasmobranch,12
725,elasmobranchiate,16
726,elasmobranchii,14
727,elasmosaurus,12
728,elastic,7
729,elastical,9
730,elastically,11
731,elasticity,10
732,elasticness,11
733,elastin,7
734,elate,5
735,elated,6
736,elating,7
737,elatedly,8
738,elatedness,10
739,elater,6
740,elaterite,9
741,elaterium,9
742,elaterometer,12
743,elatery,7
744,elation,7
745,elative,7
746,elatrometer,11
747,elayl,5
748,elbow,5
749,elbowed,7
750,elbowing,8
751,elbowboard,10
752,elbowchair,10
753,elbowroom,9
754,elcaja,6
755,elcesaite,9
756,eld,3
757,elder,5
758,elderish,8
759,elderly,7
760,eldern,6
761,eldership,9
762,elderwort,9
763,eldest,6
764,elding,6
765,eldritch,8
766,eleatic,7
767,eleaticism,10
768,elecampane,10
769,elect,5
770,elected,7
771,electing,8
772,electant,8
773,electary,8
774,electic,7
775,electicism,10
776,election,8
777,electionered,12
778,electioneering,14
779,electioneer,11
780,electioneerer,13
781,elective,8
782,electively,10
783,elector,7
784,electorality,12
785,electorate,10
786,electoress,10
787,electorial,10
788,electorship,11
789,electre,7
790,electer,7
791,electrepeter,12
792,electress,9
793,electric,8
794,electrical,10
795,electrically,12
796,electricalness,14
797,electrician,11
798,electricities,13
799,electricity,11
800,electrifiable,13
801,electrification,15
802,electrified,11
803,electrifying,12
804,electrify,9
805,electrine,9
806,electrition,11
807,electrization,13
808,electrized,10
809,electrizing,11
810,electrize,9
811,electrizer,10
812,electro,7
813,electrocute,11
814,electrode,9
815,electrogenesis,14
816,electrogenic,12
817,electrogeny,11
818,electrograph,12
819,electrolier,11
820,electrology,11
821,electrolysis,12
822,electrolyte,11
823,electrolytic,12
824,electrolytical,14
825,electrolyzable,14
826,electrolyzation,15
827,electrolyzed,12
828,electrolyzing,13
829,electrolyze,11
830,electrometer,12
831,elextrometry,12
832,electromotor,12
833,electron,8
834,electropathy,12
835,electrophone,12
836,electrophori,12
837,electrophorus,13
838,electroplating,14
839,electroplate,12
840,electroplater,13
841,electroscope,12
842,electroscopic,13
843,electrostatic,13
844,electrostatics,14
845,electrotonic,12
846,electrotonize,13
847,electrotonous,13
848,electrotonus,12
849,electrotype,11
850,electrotyped,12
851,electrotyping,13
852,electrotyper,12
853,electrotypic,12
854,electrotypy,11
855,electrum,8
856,electuaries,11
857,electuary,9
858,eleemosynarily,14
859,eleemosynary,12
860,eleemosynaries,14
861,elegance,8
862,elegancy,8
863,elegant,7
864,elegantly,9
865,elegiac,7
866,elegiacal,9
867,elegiast,8
868,elegiographer,13
869,elegist,7
870,elegit,6
871,elegize,7
872,elegies,7
873,elegy,5
874,eleidin,7
875,element,7
876,elemental,9
877,elementalism,12
878,elementality,12
879,elementally,11
880,elementar,9
881,elementariness,14
882,elementarity,12
883,elementary,10
884,elementation,12
885,elementoid,10
886,elemi,5
887,elemin,6
888,elenchs,7
889,elench,6
890,elenchical,10
891,elenchically,12
892,elenchize,9
893,elenchtic,9
894,elenchtical,11
895,elenchus,8
896,elenctic,8
897,elenctical,10
898,elenge,6
899,elengeness,10
900,elephansy,9
901,elephant,8
902,elephantiac,11
903,elephantiasis,13
904,elephantine,11
905,elephantoid,11
906,elephantoidal,13
907,eleusinian,10
908,eleutheromania,14
909,eleutheromaniac,15
910,elevate,7
911,elevated,8
912,elevating,9
913,elevatedness,12
914,elevation,9
915,elevator,8
916,elevatory,9
917,eleve,5
918,eleven,6
919,eleventh,8
920,elves,5
921,elf,3
922,elfin,5
923,elfish,6
924,elfishly,8
925,elfishness,10
926,elfkin,6
927,elfland,7
928,elflock,7
929,elicit,6
930,elicited,8
931,eliciting,9
932,elicitate,9
933,elicitation,11
934,elided,6
935,eliding,7
936,elide,5
937,eligibility,11
938,eligible,8
939,eligibleness,12
940,eligibly,8
941,elimate,7
942,eliminant,9
943,eliminated,10
944,eliminating,11
945,eliminate,9
946,elimination,11
947,eliminative,11
948,elinguate,9
949,elinguation,11
950,elinguid,8
951,eliquament,10
952,eliquation,10
953,elison,6
954,elisor,6
955,elite,5
956,elix,4
957,elixate,7
958,elixation,9
959,elixir,6
960,elizabethan,11
961,elk,3
962,elke,4
963,elknut,6
964,elkwood,7
965,ell,3
966,ellachick,9
967,ellagic,7
968,ellebore,8
969,elleborin,9
970,elleck,6
971,ellenge,7
972,ellinge,7
973,ellengeness,11
974,ellingeness,11
975,elles,5
976,ellipse,7
977,ellipses,8
978,ellipsis,8
979,ellipsograph,12
980,ellipsoid,9
981,ellipsoidal,11
982,elliptic,8
983,elliptical,10
984,elliptically,12
985,ellipticity,11
986,elliptograph,12
987,ellwand,7
988,elm,3
989,elmen,5
990,elmy,4
991,elocation,9
992,elocular,8
993,elocution,9
994,elocutionary,12
995,elocutionist,12
996,elocutive,9
997,elodian,7
998,eloge,5
999,elogist,7
1000,elogium,7
1001,elogy,5
1002,elohim,6
1003,elohist,7
1004,elohistic,9
1005,eloigned,8
1006,eloigning,9
1007,eloign,6
1008,eloignate,9
1009,eloignment,10
1010,eloin,5
1011,eloinate,8
1012,eloinment,9
1013,elong,5
1014,elongated,9
1015,elongating,10
1016,elongate,8
1017,elongation,10
1018,eloped,6
1019,eloping,7
1020,elope,5
1021,elopement,9
1022,eloper,6
1023,elops,5
1024,eloquence,9
1025,eloquent,8
1026,eloquently,10
1027,elrich,6
1028,elritch,7
1029,else,4
1030,elsewhere,9
1031,elsewhither,11
1032,elsewise,8
1033,elsin,5
1034,elucidated,10
1035,elucidating,11
1036,elucidate,9
1037,elucidation,11
1038,elucidative,11
1039,elucidator,10
1040,elucidatory,11
1041,eluctate,8
1042,eluctation,10
1043,elucubrate,10
1044,elucubration,12
1045,eluded,6
1046,eluding,7
1047,elude,5
1048,eludible,8
1049,elul,4
1050,elumbated,9
1051,elusion,7
1052,elusive,7
1053,elusory,7
1054,elute,5
1055,elutriated,10
1056,elutriating,11
1057,elutriate,9
1058,elutriation,11
1059,eluxate,7
1060,eluxation,9
1061,elvan,5
1062,elvanite,8
1063,elve,4
1064,elver,5
1065,elvish,6
1066,elvishly,8
1067,elwand,6
1068,elysian,7
1069,elysiums,8
1070,elysia,6
1071,elysium,7
1072,elytriform,10
1073,elytrin,7
1074,elytroid,8
1075,elytra,6
1076,elytron,7
1077,elytrum,7
1078,elzevir,7
1079,em,2
1080,emacerate,9
1081,emaceration,11
1082,emaciated,9
1083,emaciating,10
1084,emaciate,8
1085,emaciation,10
1086,emaculate,9
1087,emaculation,11
1088,emanant,7
1089,emanated,8
1090,emanating,9
1091,emanate,7
1092,emanation,9
1093,emanative,9
1094,emanatively,11
1095,emanatory,9
1096,emancipated,11
1097,emancipating,12
1098,emancipate,10
1099,emancipation,12
1100,emancipationist,15
1101,emancipator,11
1102,emancipatory,12
1103,emancipist,10
1104,emarginate,10
1105,emarginated,11
1106,emarginately,12
1107,emargination,12
1108,emasculated,11
1109,emasculating,12
1110,emasculate,10
1111,emasculation,12
1112,emasculator,11
1113,emasculatory,12
1114,embace,6
1115,embale,6
1116,emball,6
1117,embalmed,8
1118,embalming,9
1119,embalm,6
1120,embalmer,8
1121,embalmment,10
1122,embanked,8
1123,embanking,9
1124,embank,6
1125,embankment,10
1126,embarred,8
1127,embar,5
1128,embarcation,11
1129,embarge,7
1130,embargoes,9
1131,embargo,7
1132,embargoed,9
1133,embargoing,10
1134,embarked,8
1135,embarking,9
1136,embark,6
1137,embarkation,11
1138,embarkment,10
1139,embarrassed,11
1140,embarrassing,12
1141,embarrass,9
1142,embarrassment,13
1143,embase,6
1144,embasement,10
1145,embassade,9
1146,embassador,10
1147,embassadorial,13
1148,embassadress,12
1149,embassadry,10
1150,embassage,9
1151,embassies,9
1152,embassy,7
1153,embastardize,12
1154,embathe,7
1155,embattail,9
1156,embattled,9
1157,embattling,10
1158,embattle,8
1159,embattlement,12
1160,embay,5
1161,embayed,7
1162,embaying,8
1163,embayment,9
1164,embeam,6
1165,embedded,8
1166,embedding,9
1167,embed,5
1168,embedment,9
1169,embellished,11
1170,embellishing,12
1171,embellish,9
1172,embellisher,11
1173,embellishment,13
1174,ember,5
1175,emberings,9
1176,embetter,8
1177,embezzled,9
1178,embezzling,10
1179,embezzle,8
1180,embezzlement,12
1181,embezzler,9
1182,embillow,8
1183,embiotocoid,11
1184,embitter,8
1185,embitterment,12
1186,emblanch,8
1187,emblazed,8
1188,emblazing,9
1189,emblaze,7
1190,emblazoned,10
1191,emblazoning,11
1192,emblazon,8
1193,emblazoner,10
1194,emblazonment,12
1195,emblazonries,12
1196,emblazonry,10
1197,emblem,6
1198,emblemed,8
1199,embleming,9
1200,emblematic,10
1201,emblematical,12
1202,emblematiccize,14
1203,emblematist,11
1204,emblematized,12
1205,emblematizing,13
1206,emblematize,11
1207,emblement,9
1208,emblemized,10
1209,emblemizing,11
1210,emblemize,9
1211,embloom,7
1212,emblossom,9
1213,embodier,8
1214,embodiment,10
1215,embodied,8
1216,embodying,9
1217,embody,6
1218,embogue,7
1219,emboguing,9
1220,emboil,6
1221,emboitement,11
1222,emboldened,10
1223,emboldening,11
1224,embolden,8
1225,emboldener,10
1226,embolic,7
1227,embolism,8
1228,embolismal,10
1229,embolismatic,12
1230,embolismatical,14
1231,embolismic,10
1232,embolismical,12
1233,embolite,8
1234,emboli,6
1235,embolus,7
1236,emboly,6
1237,embonpoint,10
1238,emborder,8
1239,embosom,7
1240,embossed,8
1241,embossing,9
1242,emboss,6
1243,embosser,8
1244,embossment,10
1245,embottle,8
1246,embouchure,10
1247,embow,5
1248,emboweled,9
1249,embowelled,10
1250,emboweling,10
1251,embowelling,11
1252,embowel,7
1253,emboweler,9
1254,embowelment,11
1255,embower,7
1256,embowl,6
1257,embox,5
1258,emboyssement,12
1259,embrace,7
1260,embraced,8
1261,embracing,9
1262,embracement,11
1263,embraceor,9
1264,embracer,8
1265,embracery,9
1266,embracive,9
1267,embraid,7
1268,embranchment,12
1269,embrangle,9
1270,embrasure,9
1271,embrave,7
1272,embrawn,7
1273,embread,7
1274,embreathement,13
1275,embrew,6
1276,embright,8
1277,embrocated,10
1278,embrocating,11
1279,embrocate,9
1280,embrocation,11
1281,embroglio,9
1282,embroidered,11
1283,embroidering,12
1284,embroider,9
1285,embroiderer,11
1286,embroideries,12
1287,embroidery,10
1288,embroiled,9
1289,embroiling,10
1290,embroil,7
1291,embroiler,9
1292,embroilment,11
1293,embronze,8
1294,embrothel,9
1295,embroude,8
1296,embrowde,8
1297,embroyde,8
1298,embrown,7
1299,embrue,6
1300,embrute,7
1301,embryos,7
1302,embryo,6
1303,embryogenic,11
1304,embryogeny,10
1305,embryogony,10
1306,embryography,12
1307,embryologic,11
1308,embryological,13
1309,embryologist,12
1310,embryology,10
1311,embryon,7
1312,embryonal,9
1313,embryonary,10
1314,embryonate,10
1315,embryonated,11
1316,embryonic,9
1317,embryoniferous,14
1318,embryoniform,12
1319,embryoplastic,13
1320,embryotic,9
1321,embryotomy,10
1322,embryotroph,11
1323,embryous,8
1324,embulk,6
1325,emburse,7
1326,embush,6
1327,embushment,10
1328,embusy,6
1329,eme,3
1330,emeer,5
1331,emenagogue,10
1332,emended,7
1333,emending,8
1334,emend,5
1335,emendable,9
1336,emendately,10
1337,emendation,10
1338,emendator,9
1339,emendatory,10
1340,emender,7
1341,emendicate,10
1342,emerald,7
1343,emeraldine,10
1344,emeraud,7
1345,emerged,7
1346,emerging,8
1347,emerge,6
1348,emergences,10
1349,emergence,9
1350,emergencies,11
1351,emergency,9
1352,emergent,8
1353,emeril,6
1354,emerited,8
1355,emeritus,8
1356,emeriti,7
1357,emerods,7
1358,emeroids,8
1359,emersed,7
1360,emersion,8
1361,emery,5
1362,emesis,6
1363,emetic,6
1364,emetical,8
1365,emetine,7
1366,emeu,4
1367,emew,4
1368,emeute,6
1369,emforth,7
1370,emgalla,7
1371,emicant,7
1372,emication,9
1373,emiction,8
1374,emictory,8
1375,emigrant,8
1376,emigrated,9
1377,emigrating,10
1378,emigrate,8
1379,emigration,10
1380,emigrational,12
1381,emigrationist,13
1382,emigrator,9
1383,emigre,6
1384,eminence,8
1385,eminences,9
1386,eminency,8
1387,eminent,7
1388,eminently,9
1389,emir,4
1390,emirship,8
1391,emeership,9
1392,emissaries,10
1393,emissary,8
1394,emissaryship,12
1395,emission,8
1396,emissitious,11
1397,emissive,8
1398,emissivity,10
1399,emissory,8
1400,emitted,7
1401,emitting,8
1402,emit,4
1403,emittent,8
1404,emmantle,8
1405,emmanuel,8
1406,emmarble,8
1407,emmenagogue,11
1408,emmet,5
1409,emmetropia,10
1410,emmetropic,10
1411,emmetropy,9
1412,emmew,5
1413,emmove,6
1414,emodin,6
1415,emollescence,12
1416,emolliated,10
1417,emolliating,11
1418,emolliate,9
1419,emollient,9
1420,emollition,10
1421,emolument,9
1422,emolumental,11
1423,emong,5
1424,emongst,7
1425,emotion,7
1426,emotioned,9
1427,emotional,9
1428,emotionalism,12
1429,emotionalize,12
1430,emotive,7
1431,emotiveness,11
1432,emotivity,9
1433,emove,5
1434,empair,6
1435,empaistic,9
1436,empale,6
1437,empaled,7
1438,empaling,8
1439,empalement,10
1440,empanel,7
1441,empanoplied,11
1442,emparadise,10
1443,empark,6
1444,emparlance,10
1445,empasm,6
1446,empassion,9
1447,empassionate,12
1448,empawn,6
1449,empeach,7
1450,empearl,7
1451,empeople,8
1452,emperess,8
1453,emperice,8
1454,emperil,7
1455,emperished,10
1456,emperor,7
1457,emperorship,11
1458,empery,6
1459,emphases,8
1460,emphasis,8
1461,emphasized,10
1462,emphasizing,11
1463,emphasize,9
1464,emphatic,8
1465,emphatical,10
1466,emphatically,12
1467,emphaticalness,14
1468,emphractic,10
1469,emphrensy,9
1470,emphysema,9
1471,emphysematous,13
1472,emphyteusis,11
1473,emphyteutic,11
1474,emphyteuticary,14
1475,empierce,8
1476,empight,7
1477,empire,6
1478,empiric,7
1479,empirical,9
1480,empirically,11
1481,empiricism,10
1482,empiricist,10
1483,empiristic,10
1484,emplaster,9
1485,emplastic,9
1486,emplastration,13
1487,emplead,7
1488,emplection,10
1489,emplecton,9
1490,emplore,7
1491,employed,8
1492,employing,9
1493,employ,6
1494,employable,10
1495,employe,7
1496,employee,8
1497,employer,8
1498,employment,10
1499,emplumed,8
1500,emplunge,8
1501,empoison,8
1502,empoisoner,10
1503,empoisonment,12
1504,emporetic,9
1505,emporetical,11
1506,emporiums,9
1507,emporia,7
1508,emporium,8
1509,empoverish,10
1510,empowered,9
1511,empowering,10
1512,empower,7
1513,empress,7
1514,emprint,7
1515,emprise,7
1516,emprising,9
1517,emprison,8
1518,emprosthotonos,14
1519,empte,5
1520,emptier,7
1521,emptiness,9
1522,emption,7
1523,emptional,9
1524,empty,5
1525,empties,7
1526,emptied,7
1527,emptying,8
1528,empugn,6
1529,empurpled,9
1530,empurpling,10
1531,empurple,8
1532,empuse,6
1533,empuzzle,8
1534,empyema,7
1535,empyesis,8
1536,empyreal,8
1537,empyrean,8
1538,empyreuma,9
1539,empyreumatic,12
1540,empyreumatical,14
1541,empyreumatize,13
1542,empyrical,9
1543,empyrosis,9
1544,emrods,6
1545,emu,3
1546,emulable,8
1547,emulate,7
1548,emulated,8
1549,emulating,9
1550,emulation,9
1551,emulative,9
1552,emulatively,11
1553,emulator,8
1554,emulatory,9
1555,emulatress,10
1556,emule,5
1557,emulge,6
1558,emulgent,8
1559,emulous,7
1560,emulously,9
1561,emulousness,11
1562,emulsic,7
1563,emulsify,8
1564,emulsin,7
1565,emulsion,8
1566,emulsive,8
1567,emunctories,11
1568,emunctory,9
1569,emuscation,10
1570,emyds,5
1571,emyd//,6
1572,emyd,4
1573,emydea,6
1574,en,2
1575,enabled,7
1576,enabling,8
1577,enable,6
1578,enablement,10
1579,enacted,7
1580,enacting,8
1581,enact,5
1582,enactive,8
1583,enactment,9
1584,enactor,7
1585,enacture,8
1586,enaliosaur,10
1587,enaliosauria,12
1588,enaliosaurian,13
1589,enallage,8
1590,enambush,8
1591,enamel,6
1592,enameled,8
1593,enamelled,9
1594,enameling,9
1595,enamelling,10
1596,enamelar,8
1597,enameler,8
1598,enamelist,9
1599,enamored,8
1600,enamoring,9
1601,enamor,6
1602,enamorment,10
1603,enantiomorphous,15
1604,enantiopathic,13
1605,enantiopathy,12
1606,enantiosis,10
1607,enarch,6
1608,enarched,8
1609,enargite,8
1610,enarmed,7
1611,enarration,10
1612,enarthrodia,11
1613,enarthrosis,11
1614,enascent,8
1615,enatation,9
1616,enate,5
1617,enation,7
1618,enaunter,8
1619,enavigate,9
1620,enbattled,9
1621,enbibe,6
1622,enbroude,8
1623,encaged,7
1624,engaging,8
1625,encage,6
1626,encalendar,10
1627,encamped,8
1628,encamping,9
1629,encamp,6
1630,encampment,10
1631,encanker,8
1632,encapsulation,13
1633,encarnalize,11
1634,encarpus,8
1635,encase,6
1636,encasement,10
1637,encash,6
1638,encashment,10
1639,encauma,7
1640,encaustic,9
1641,encave,6
1642,enceinte,8
1643,encenia,7
1644,encense,7
1645,encephalic,10
1646,encephalitis,12
1647,encephalocele,13
1648,encephaloid,11
1649,encephalology,13
1650,encephalon,10
1651,encephalopathy,14
1652,encephalos,10
1653,encephalotomy,13
1654,encephalous,11
1655,enchafe,7
1656,enchafing,9
1657,enchain,7
1658,enchainment,11
1659,enchair,7
1660,enchannel,9
1661,enchanted,9
1662,enchanting,10
1663,enchant,7
1664,enchanter,9
1665,enchantment,11
1666,enchantress,11
1667,encharged,9
1668,encharging,10
1669,encharge,8
1670,enchased,8
1671,enchasing,9
1672,enchase,7
1673,enchaser,8
1674,enchasten,9
1675,encheson,8
1676,encheason,9
1677,enchest,7
1678,enchiridion,11
1679,enchisel,8
1680,enchodus,8
1681,enchondroma,11
1682,enchorial,9
1683,enchoric,8
1684,enchylemma,10
1685,enchyma,7
1686,encincture,10
1687,encindered,10
1688,encircled,9
1689,encircling,10
1690,encircle,8
1691,encirclet,9
1692,enclasp,7
1693,enclave,7
1694,enclavement,11
1695,enclitic,8
1696,enclitical,10
1697,enclitically,12
1698,enclitics,9
1699,encloister,10
1700,enclose,7
1701,enclosure,9
1702,enclothe,8
1703,encloud,7
1704,encoach,7
1705,encoffin,8
1706,encolden,8
1707,encollar,8
1708,encolor,7
1709,encolure,8
1710,encomber,8
1711,encomberment,12
1712,encomiast,9
1713,encomiastic,11
1714,encomiastical,13
1715,encomion,8
1716,encomiums,9
1717,encomium,8
1718,encompassed,11
1719,encompassing,12
1720,encompass,9
1721,encompassment,13
1722,encore,6
1723,encored,7
1724,encoring,8
1725,encorporing,11
1726,encoubert,9
1727,encountered,11
1728,encountering,12
1729,encounter,9
1730,encounterer,11
1731,encouraged,10
1732,encouraging,11
1733,encourage,9
1734,encouragement,13
1735,encourager,10
1736,encowl,6
1737,encradle,8
1738,encratite,9
1739,encrease,8
1740,encrimson,9
1741,encrinic,8
1742,encrinal,8
1743,encrinital,10
1744,encrinite,9
1745,encrinitic,10
1746,encrinitical,12
1747,encrinoidea,11
1748,encrini,7
1749,encrinus,8
1750,encrisped,9
1751,encroached,10
1752,encroaching,11
1753,encroach,8
1754,encroacher,10
1755,encroachingly,13
1756,encroachment,12
1757,encrust,7
1758,encrustment,11
1759,encumbered,10
1760,encumbering,11
1761,encumber,8
1762,encumberment,12
1763,encumbrance,11
1764,encumbrancer,12
1765,encurtain,9
1766,encyclic,8
1767,encyclical,10
1768,encyclopedia,12
1769,encyclopaedia,13
1770,encyclopediacal,15
1771,encyclopedian,13
1772,encyclopedic,12
1773,encyclopedical,14
1774,encyclopedism,13
1775,encyclopedist,13
1776,encyst,6
1777,encystation,11
1778,encysted,8
1779,encystment,10
1780,end,3
1781,ended,5
1782,ending,6
1783,endable,7
1784,endamaged,9
1785,endamaging,10
1786,endamage,8
1787,endamageable,12
1788,endamagement,12
1789,endamnify,9
1790,endangered,10
1791,endangering,11
1792,endanger,8
1793,endangerment,12
1794,endark,6
1795,endaspidean,11
1796,endazzle,8
1797,endeared,8
1798,endearing,9
1799,endear,6
1800,endearedly,10
1801,endearedness,12
1802,endearment,10
1803,endeavored,10
1804,endeavoring,11
1805,endeavor,8
1806,endeavorer,10
1807,endeavorment,12
1808,endecagon,9
1809,endecagynous,12
1810,endecane,8
1811,endecaphyllous,14
1812,endeictic,9
1813,endeixis,8
1814,endemial,8
1815,endemic,7
1816,endemical,9
1817,endemically,11
1818,endemiology,11
1819,endenization,12
1820,endenize,8
1821,endenizen,9
1822,ender,5
1823,endermatic,10
1824,endermic,8
1825,endermically,12
1826,enderon,7
1827,endiademed,10
1828,endiaper,8
1829,endict,6
1830,endictment,10
1831,endite,6
1832,endive,6
1833,endless,7
1834,endlessly,9
1835,endlessness,11
1836,endlong,7
1837,endmost,7
1838,endoblast,9
1839,endoblastic,11
1840,endocardiac,11
1841,endocardial,11
1842,endocarditis,12
1843,endocardium,11
1844,endocarp,8
1845,endochondral,12
1846,endochrome,10
1847,endoctrine,10
1848,endocyst,8
1849,endoderm,8
1850,endodermal,10
1851,endodermic,10
1852,endodermis,10
1853,endogamous,10
1854,endogamy,8
1855,endogen,7
1856,endogenesis,11
1857,endogenetic,11
1858,endogenous,10
1859,endogenously,12
1860,endogeny,8
1861,endognath,9
1862,endognathal,11
1863,endolymph,9
1864,endolymphangial,15
1865,endolymphatic,13
1866,endome,6
1867,endometritis,12
1868,endometrium,11
1869,endomorph,9
1870,endomysium,10
1871,endoneurium,11
1872,endoparasite,12
1873,endophloeum,11
1874,endophragma,11
1875,endophragmal,12
1876,endophyllous,12
1877,endoplasm,9
1878,endoplasma,10
1879,endoplast,9
1880,endoplastica,12
1881,endoplastule,12
1882,endopleura,10
1883,endopleurite,12
1884,endopodite,10
1885,endorhizae,10
1886,endorhiza,9
1887,endorhizal,10
1888,endorhizous,11
1889,endorsed,8
1890,endorsing,9
1891,endorse,7
1892,endorsee,8
1893,endorsement,11
1894,endorser,8
1895,endosarc,8
1896,endoscope,9
1897,endoscopy,9
1898,endoskeletal,12
1899,endoskeleton,12
1900,endosmometer,12
1901,endosmometric,13
1902,endosmose,9
1903,endosmosis,10
1904,endosmosmic,11
1905,endosmotic,10
1906,endosperm,9
1907,endospermic,11
1908,endospore,9
1909,endosporous,11
1910,endoss,6
1911,endosteal,9
1912,endosternite,12
1913,endosteum,9
1914,endostoma,9
1915,endostome,9
1916,endostosis,10
1917,endostyle,9
1918,endotheca,9
1919,endothecium,11
1920,endothelial,11
1921,endothelia,10
1922,endothelium,11
1923,endotheloid,11
1924,endothorax,10
1925,endowed,7
1926,endowing,8
1927,endow,5
1928,endower,7
1929,endowment,9
1930,endozoa,7
1931,endrudge,8
1932,endued,6
1933,enduing,7
1934,endue,5
1935,enduement,9
1936,endurable,9
1937,endurably,9
1938,endurance,9
1939,endurant,8
1940,endured,7
1941,enduring,8
1942,endure,6
1943,endurement,10
1944,endurer,7
1945,endways,7
1946,endwise,7
1947,endyma,6
1948,endyses,7
1949,endysis,7
1950,enecate,7
1951,eneid,5
1952,enemata,7
1953,enema,5
1954,enemies,7
1955,enemy,5
1956,enepidermic,11
1957,energetic,9
1958,energetical,11
1959,energetics,10
1960,energic,7
1961,energical,9
1962,energized,9
1963,energizing,10
1964,energize,8
1965,energizer,9
1966,energumen,9
1967,energies,8
1968,energy,6
1969,enervated,9
1970,enervating,10
1971,enervate,8
1972,enervation,10
1973,enervative,10
1974,enerve,6
1975,enervous,8
1976,enfamish,8
1977,enfect,6
1978,enfeebled,9
1979,enfeebling,10
1980,enfeeble,8
1981,enfeeblement,12
1982,enfeebler,9
1983,enfeeblish,10
1984,enfeloned,9
1985,enfeoffed,9
1986,enfeoffing,10
1987,enfeoff,7
1988,enfeoffment,11
1989,enfester,8
1990,enfetter,8
1991,enfever,7
1992,enfierced,9
1993,enfiercing,10
1994,enfierce,8
1995,enfilade,8
1996,enfiladed,9
1997,enfilading,10
1998,enfiled,7
1999,enfire,6
2000,enflesh,7
2001,enflowered,10
2002,enflowering,11
2003,enflower,8
2004,enfold,6
2005,enfoldment,10
2006,enforced,8
2007,enforcing,9
2008,enforce,7
2009,enforceable,11
2010,enforcement,11
2011,enforcer,8
2012,enforcible,10
2013,enforcive,9
2014,enforest,8
2015,enform,6
2016,enfouldred,10
2017,enframe,7
2018,enfranchised,12
2019,enfranchising,13
2020,enfranchise,11
2021,enfranchisement,15
2022,enfranchiser,12
2023,enfree,6
2024,enfreedom,9
2025,enfreeze,8
2026,enfroward,9
2027,engaged,7
2028,engage,6
2029,engagedly,9
2030,engagedness,11
2031,engagement,10
2032,engager,7
2033,engallant,9
2034,engaol,6
2035,engarboil,9
2036,engarland,9
2037,engarrison,10
2038,engastrimuth,12
2039,engendered,10
2040,engendering,11
2041,engender,8
2042,engendrure,10
2043,engild,6
2044,engine,6
2045,engineer,8
2046,engineered,10
2047,engineering,11
2048,enginemen,9
2049,engineman,9
2050,enginer,7
2051,enginery,8
2052,enginous,8
2053,engirded,8
2054,engirt,6
2055,engirding,9
2056,engird,6
2057,engirdle,8
2058,engiscope,9
2059,englaimed,9
2060,engle,5
2061,english,7
2062,englished,9
2063,englishing,10
2064,englishable,11
2065,englishism,10
2066,englishmen,10
2067,englishman,10
2068,englishry,9
2069,englishwomen,12
2070,englishwoman,12
2071,engloom,7
2072,englue,6
2073,englutted,9
2074,englutting,10
2075,englut,6
2076,engore,6
2077,engorged,8
2078,engorging,9
2079,engorge,7
2080,engorgement,11
2081,engouled,8
2082,engoulee,8
2083,engraff,7
2084,engraffment,11
2085,engraft,7
2086,engraftation,12
2087,engraftment,11
2088,engrailed,9
2089,engrailing,10
2090,engrail,7
2091,engrailment,11
2092,engrained,9
2093,engraining,10
2094,engrain,7
2095,engrapple,9
2096,engrasped,9
2097,engrasping,10
2098,engrasp,7
2099,engrave,7
2100,engraved,8
2101,engraven,8
2102,engraving,9
2103,engravement,11
2104,engraver,8
2105,engravery,9
2106,engregge,8
2107,engrieve,8
2108,engrossed,9
2109,engrossing,10
2110,engross,7
2111,engrosser,9
2112,engrossment,11
2113,enguard,7
2114,engulfed,8
2115,engulfing,9
2116,engulf,6
2117,engulfment,10
2118,engyn,5
2119,enhalo,6
2120,enhanced,8
2121,enhancing,9
2122,enhance,7
2123,enhancement,11
2124,enhancer,8
2125,enharbor,8
2126,enharden,8
2127,enharmonic,10
2128,enharmonical,12
2129,enharmonically,14
2130,enhearten,9
2131,enhedge,7
2132,enhort,6
2133,enhunger,8
2134,enhydros,8
2135,enhydrous,9
2136,enigmas,7
2137,enigma,6
2138,enigmatic,9
2139,enigmatical,11
2140,enigmatically,13
2141,enigmatist,10
2142,enigmatized,11
2143,enigmatizing,12
2144,enigmatize,10
2145,enigmatography,14
2146,enigmatology,12
2147,enisled,7
2148,enjailed,8
2149,enjailing,9
2150,enjall,6
2151,enjoined,8
2152,enjoining,9
2153,enjoin,6
2154,enjoiner,8
2155,enjoinment,10
2156,enjoyed,7
2157,enjoying,8
2158,enjoy,5
2159,enjoyable,9
2160,enjoyer,7
2161,enjoyment,9
2162,enkennel,8
2163,enkerchiefed,12
2164,enkindled,9
2165,enkindling,10
2166,enkindle,8
2167,enlace,6
2168,enlacement,10
2169,enlard,6
2170,enlarged,8
2171,enlarging,9
2172,enlarge,7
2173,enlargement,11
2174,enlarger,8
2175,enlay,5
2176,enlengthen,10
2177,enleven,7
2178,enlight,7
2179,enlighten,9
2180,enlightener,11
2181,enlightenment,13
2182,enlimn,6
2183,enlink,6
2184,enlisted,8
2185,enlisting,9
2186,enlist,6
2187,enlistment,10
2188,enlive,6
2189,enlivened,9
2190,enlivening,10
2191,enliven,7
2192,enlivener,9
2193,enlock,6
2194,enlumine,8
2195,enlute,6
2196,enmanche,8
2197,enmarble,8
2198,enmesh,6
2199,enmew,5
2200,enmist,6
2201,enmities,8
2202,enmity,6
2203,enmossed,8
2204,enmove,6
2205,enmuffle,8
2206,enmure,6
2207,ennation,8
2208,ennead,6
2209,enneagon,8
2210,enneagonal,10
2211,enneagynous,11
2212,enheahedral,11
2213,enheahedria,11
2214,enheahedron,11
2215,enneandria,10
2216,enneandrian,11
2217,enneandrous,11
2218,enneapetalous,13
2219,enneaspermous,13
2220,enneatic,8
2221,enneatical,10
2222,ennew,5
2223,enniche,7
2224,ennobled,8
2225,ennobling,9
2226,ennoble,7
2227,ennoblement,11
2228,ennobler,8
2229,ennui,5
2230,ennuye,6
2231,ennuyee,7
2232,enodal,6
2233,enodation,9
2234,enode,5
2235,enoint,6
2236,enomotarch,10
2237,enomoty,7
2238,enopla,6
2239,enoptomancy,11
2240,enorm,5
2241,enormities,10
2242,enormity,8
2243,enormous,8
2244,enormously,10
2245,enormousness,12
2246,enorthotrope,12
2247,enough,6
2248,enounced,8
2249,enouncing,9
2250,enounce,7
2251,enouncement,11
2252,enow,4
2253,enpatron,8
2254,enpierce,8
2255,enquere,7
2256,enquicken,9
2257,enquire,7
2258,enquirer,8
2259,enquiry,7
2260,enrace,6
2261,enraged,7
2262,enraging,8
2263,enrage,6
2264,enragement,10
2265,enrange,7
2266,enrank,6
2267,enrapt,6
2268,enraptured,10
2269,enrapturing,11
2270,enrapture,9
2271,enravish,8
2272,enravishingly,13
2273,enravishment,12
2274,enregister,10
2275,enrheum,7
2276,enriched,8
2277,enriching,9
2278,enrich,6
2279,enricher,8
2280,enrichment,10
2281,enridge,7
2282,enring,6
2283,enripen,7
2284,enrive,6
2285,enrobe,6
2286,enrockment,10
2287,enrolled,8
2288,enrolling,9
2289,enroll,6
2290,enroller,8
2291,enrollment,10
2292,enroot,6
2293,enround,7
2294,ens,3
2295,ensafe,6
2296,ensample,8
2297,ensanguine,10
2298,ensate,6
2299,enscale,7
2300,enshedule,9
2301,ensconced,9
2302,ensconcing,10
2303,ensconce,8
2304,enseal,6
2305,enseam,6
2306,ensear,6
2307,ensearch,8
2308,enseel,6
2309,enseint,7
2310,ensemble,8
2311,enshelter,9
2312,enshield,8
2313,enshrined,9
2314,enshrining,10
2315,enshrine,8
2316,enshroud,8
2317,ensiferous,10
2318,ensiform,8
2319,ensign,6
2320,ensigncies,10
2321,ensigncy,8
2322,ensignship,10
2323,ensilage,8
2324,ensilaged,9
2325,ensilaging,10
2326,ensky,5
2327,enslaved,8
2328,enslaving,9
2329,enslave,7
2330,enslavedness,12
2331,enslavement,11
2332,enslaver,8
2333,ensnare,7
2334,ensnarl,7
2335,ensober,7
2336,ensoul,6
2337,ensphere,8
2338,enstamp,7
2339,enstate,7
2340,enstatite,9
2341,enstatitic,10
2342,enstore,7
2343,enstyle,7
2344,ensuable,8
2345,ensued,6
2346,ensuing,7
2347,ensue,5
2348,ensure,6
2349,ensurer,7
2350,enswathe,8
2351,enswathement,12
2352,ensweep,7
2353,entablature,11
2354,entablement,11
2355,entackle,8
2356,entad,5
2357,entail,6
2358,entailed,8
2359,entailing,9
2360,entailment,10
2361,ental,5
2362,entame,6
2363,entangled,9
2364,entangling,10
2365,entangle,8
2366,entanglement,12
2367,entangler,9
2368,entasia,7
2369,entasis,7
2370,entassment,10
2371,entastic,8
2372,entelechy,9
2373,entellus,8
2374,entend,6
2375,entender,8
2376,ententive,9
2377,entered,7
2378,entering,8
2379,enter,5
2380,enteradenography,16
2381,enteradenology,14
2382,enteralgia,10
2383,enterdeal,9
2384,enterer,7
2385,enteric,7
2386,enteritis,9
2387,enterlace,9
2388,entermete,9
2389,entermewer,10
2390,entermise,9
2391,enterocele,10
2392,enterocoele,11
2393,enterography,12
2394,enterolith,10
2395,enterology,10
2396,enteron,7
2397,enteropathy,11
2398,enteropneusta,13
2399,enterorrhaphy,13
2400,enterotome,10
2401,enterotomy,10
2402,enterparlance,13
2403,enterplead,10
2404,enterprise,10
2405,enterpriser,11
2406,enterprising,12
2407,entertained,11
2408,entertaining,12
2409,entertain,9
2410,entertainer,11
2411,entertainment,13
2412,entertake,9
2413,entertissued,12
2414,entheal,7
2415,enthean,7
2416,entheasm,8
2417,entheastic,10
2418,entheat,7
2419,enthelmintha,12
2420,enthelminthes,13
2421,entheic,7
2422,enthrall,8
2423,enthrallment,12
2424,enthrill,8
2425,enthrone,8
2426,enthronement,12
2427,enthronization,14
2428,enthronized,11
2429,enthronizing,12
2430,enthronize,10
2431,enthuse,7
2432,enthusiasm,10
2433,enthusiast,10
2434,enthusiastic,12
2435,enthusiastical,14
2436,enthymematic,12
2437,enthymematical,14
2438,enthymeme,9
2439,enticed,7
2440,enticing,8
2441,entice,6
2442,enticeable,10
2443,enticement,10
2444,enticer,7
2445,enticingly,10
2446,entierty,8
2447,entire,6
2448,entirely,8
2449,entireness,10
2450,entirety,8
2451,entitative,10
2452,entitled,8
2453,entitling,9
2454,entitle,7
2455,entitule,8
2456,entities,8
2457,entity,6
2458,entoblast,9
2459,entobronchia,12
2460,entobronchium,13
2461,entocuneiform,13
2462,entocuniform,12
2463,entoderm,8
2464,entodermal,10
2465,entodermic,10
2466,entogastric,11
2467,entogenous,10
2468,entoglossal,11
2469,entoiled,8
2470,entoiling,9
2471,entoil,6
2472,entombed,8
2473,entombing,9
2474,entomb,6
2475,entombment,10
2476,entomere,8
2477,entomic,7
2478,entomical,9
2479,entomoid,8
2480,entomolin,9
2481,entomolite,10
2482,entomologic,11
2483,entomological,13
2484,entomologist,12
2485,entomologize,12
2486,entomologies,12
2487,entomology,10
2488,entomophaga,11
2489,entomophagan,12
2490,entomophagous,13
2491,entomophilous,13
2492,entomostraca,12
2493,entomostracan,13
2494,entomostracous,14
2495,entomotomist,12
2496,entomotomy,10
2497,entonic,7
2498,entoperipheral,14
2499,entophyte,9
2500,entophytic,10
2501,entoplasm,9
2502,entoplastic,11
2503,entoplastra,11
2504,entoplastron,12
2505,entoprocta,10
2506,entoptic,8
2507,entorganism,11
2508,entortilation,13
2509,entosterna,10
2510,entosternum,11
2511,entosthoblast,13
2512,entothorax,10
2513,entotic,7
2514,entozoa,7
2515,entozoal,8
2516,entozoic,8
2517,entozoologist,13
2518,entozoon,8
2519,entrail,7
2520,entrails,8
2521,entrain,7
2522,entrammel,9
2523,entrance,8
2524,entranced,9
2525,entrancing,10
2526,entrancement,12
2527,entrant,7
2528,entrapped,9
2529,entrapping,10
2530,entrap,6
2531,entreated,9
2532,entreating,10
2533,entreat,7
2534,entreatable,11
2535,entreatance,11
2536,entreater,9
2537,entreatful,10
2538,entreatingly,12
2539,entreative,10
2540,entreatment,11
2541,entreaties,10
2542,entreaty,8
2543,entree,6
2544,entremets,9
2545,entrench,8
2546,entrepot,8
2547,entrepreneur,12
2548,entresol,8
2549,entrick,7
2550,entrochal,9
2551,entrochite,10
2552,entropion,9
2553,entropium,9
2554,entropy,7
2555,entrust,7
2556,entries,7
2557,entry,5
2558,entryng,7
2559,entune,6
2560,entwine,7
2561,entwinement,11
2562,entwist,7
2563,enubilate,9
2564,enubilous,9
2565,enucleated,10
2566,enucleating,11
2567,enucleate,9
2568,enucleation,11
2569,enumerated,10
2570,enumerating,11
2571,enumerate,9
2572,enumeration,11
2573,enumerative,11
2574,enumerator,10
2575,enunciable,10
2576,enunciated,10
2577,enunciating,11
2578,enunciate,9
2579,enunciation,11
2580,enunciative,11
2581,enunciator,10
2582,enunciatory,11
2583,enure,5
2584,enuresis,8
2585,envassal,8
2586,envault,7
2587,enveigle,8
2588,enveloped,9
2589,enveloping,10
2590,envelop,7
2591,envelope,8
2592,envelopment,11
2593,envenime,8
2594,envenomed,9
2595,envenoming,10
2596,envenom,7
2597,envermeil,9
2598,enviable,8
2599,envie,5
2600,envier,6
2601,envigor,7
2602,envious,7
2603,environed,9
2604,environing,10
2605,environ,7
2606,environment,11
2607,environs,8
2608,envisaged,9
2609,envisaging,10
2610,envisage,8
2611,envisagement,12
2612,envolume,8
2613,envolup,7
2614,envoy,5
2615,envoyship,9
2616,envies,6
2617,envy,4
2618,envied,6
2619,envying,7
2620,envyned,7
2621,enwall,6
2622,enwallow,8
2623,enwheel,7
2624,enwiden,7
2625,enwind,6
2626,enwoman,7
2627,enwombed,8
2628,enwombing,9
2629,enwomb,6
2630,enwrap,6
2631,enwrapment,10
2632,enwreathe,9
2633,enzootic,8
2634,enzyme,6
2635,eocene,6
2636,eolian,6
2637,eolic,5
2638,eolipile,8
2639,eolis,5
2640,eon,3
2641,aeon,4
2642,eophyte,7
2643,eophytic,8
2644,eos,3
2645,eosaurus,8
2646,eosin,5
2647,eosphorite,10
2648,eozoic,6
2649,eozoons,7
2650,eozoa,5
2651,eozoon,6
2652,eozoonal,8
2653,epacris,7
2654,epact,5
2655,epagoge,7
2656,epagogic,8
2657,epalate,7
2658,epanadiplosis,13
2659,epanalepsis,11
2660,epanaphora,10
2661,epanastrophe,12
2662,epanodos,8
2663,epanody,7
2664,epanorthosis,12
2665,epanthous,9
2666,eparch,6
2667,eparchy,7
2668,eparterial,10
2669,epaule,6
2670,epaulement,10
2671,epaulet,7
2672,epaulette,9
2673,epauleted,9
2674,epauletted,10
2675,epaxial,7
2676,epeira,6
2677,epen,4
2678,epencephalic,12
2679,epencephalon,12
2680,ependyma,8
2681,ependymis,9
2682,epenetic,8
2683,epentheses,10
2684,epenthesis,10
2685,epenthetic,10
2686,epergne,7
2687,eperlan,7
2688,epexegesis,10
2689,epexegetical,12
2690,ephah,5
2691,epha,4
2692,ephemera,8
2693,ephemeral,9
2694,ephemeran,9
2695,ephemeric,9
2696,ephemerides,11
2697,ephemeris,9
2698,ephemerist,10
2699,ephemeron,9
2700,ephemerous,10
2701,ephesian,8
2702,ephialtes,9
2703,ephippial,9
2704,ephippium,9
2705,ephod,5
2706,ephors,6
2707,ephori,6
2708,ephor,5
2709,ephoral,7
2710,ephoralty,9
2711,ephraim,7
2712,ephyra,6
2713,epiblast,8
2714,epiblastic,10
2715,epiblema,8
2716,epibolic,8
2717,epiboly,7
2718,epibranchial,12
2719,epic,4
2720,epical,6
2721,epicardiac,10
2722,epicardium,10
2723,epicarican,10
2724,epicarp,7
2725,epicede,7
2726,epicedial,9
2727,epicedian,9
2728,epicedium,9
2729,epicene,7
2730,epicentral,10
2731,epicerastic,11
2732,epichiremata,12
2733,epichirema,10
2734,epichordal,10
2735,epichorial,10
2736,epicleidium,11
2737,epiclinal,9
2738,epicoele,8
2739,epicoene,8
2740,epicolic,8
2741,epicondylar,11
2742,epicondyle,10
2743,epicoracoid,11
2744,epicranial,10
2745,epicranium,10
2746,epictetain,10
2747,epicure,7
2748,epicurean,9
2749,epicureanism,12
2750,epicurely,9
2751,epicureous,10
2752,epicurism,9
2753,epicurize,9
2754,epicycle,8
2755,epicyclic,9
2756,epicycloid,10
2757,epicycloidal,12
2758,epideictic,10
2759,epidemic,8
2760,epidemical,10
2761,epidemically,12
2762,epidemiography,14
2763,epidemiological,15
2764,epidemiologist,14
2765,epidemiology,12
2766,epidemy,7
2767,epiderm,7
2768,epidermal,9
2769,epidermatic,11
2770,epidermatoid,12
2771,epidermeous,11
2772,epidermic,9
2773,epidermical,11
2774,epidermidal,11
2775,epidermis,9
2776,epidermoid,10
2777,epidermose,10
2778,epidictic,9
2779,epidictical,11
2780,epididymis,10
2781,epididymitis,12
2782,epidote,7
2783,epidotic,8
2784,epigaea,7
2785,epigaeous,9
2786,epigastrial,11
2787,epigastric,10
2788,epigastrium,11
2789,epigeal,7
2790,epigee,6
2791,epigene,7
2792,epigenesis,10
2793,epigenesist,11
2794,epigenetic,10
2795,epigeous,8
2796,epigeum,7
2797,epiglottic,10
2798,epiglottidean,13
2799,epiglottis,10
2800,epignathous,11
2801,epigram,7
2802,epigrammatic,12
2803,epigrammatical,14
2804,epigrammatically,16
2805,epigrammatist,13
2806,epigrammatized,14
2807,epigrammatizing,15
2808,epigrammatize,13
2809,epigrammatizer,14
2810,epigrammist,11
2811,epigraph,8
2812,epigraphic,10
2813,epigraphical,12
2814,epigraphics,11
2815,epigraphist,11
2816,epigraphy,9
2817,epigynous,9
2818,epihyal,7
2819,epilepsy,8
2820,epileptic,9
2821,epileptical,11
2822,epileptiform,12
2823,epileptogenous,14
2824,epileptoid,10
2825,epilogation,11
2826,epilogic,8
2827,epilogical,10
2828,epilogism,9
2829,epilogistic,11
2830,epilogize,9
2831,epilogue,8
2832,epiloguize,10
2833,epimachus,9
2834,epimera,7
2835,epimeral,8
2836,epimere,7
2837,epimeron,8
2838,epinastic,9
2839,epineural,9
2840,epineurium,10
2841,epinglette,10
2842,epinicial,9
2843,epinicion,9
2844,epinikian,9
2845,epiornis,8
2846,epiotic,7
2847,epipedometry,12
2848,epiperipheral,13
2849,epipetalous,11
2850,epiphany,8
2851,epipharyngeal,13
2852,epipharynx,10
2853,epiphonema,10
2854,epiphoneme,10
2855,epiphora,8
2856,epiphragm,9
2857,epiphylospermous,16
2858,epiphyllous,11
2859,epiphyllum,10
2860,epiphyseal,10
2861,epiphysial,10
2862,epiphyses,9
2863,epiphysis,9
2864,epiphytal,9
2865,epiphyte,8
2866,epiphytic,9
2867,epiphytical,11
2868,epiplastra,10
2869,epiplastron,11
2870,epipleural,10
2871,epiplexis,9
2872,epiploce,8
2873,epiploic,8
2874,epiploa,7
2875,epiploon,8
2876,epipodial,9
2877,epipodialia,11
2878,epipodiale,10
2879,epipodite,9
2880,epipodia,8
2881,epipodium,9
2882,epipolic,8
2883,epipolism,9
2884,epipolized,10
2885,epipteric,9
2886,epipterygoid,12
2887,epipubic,8
2888,epipubes,8
2889,epipubis,8
2890,episcopacy,10
2891,episcopal,9
2892,episcopalian,12
2893,episcopalianism,15
2894,episcopally,11
2895,episcopant,10
2896,episcoparian,12
2897,episcopate,10
2898,episcopated,11
2899,episcopating,12
2900,episcopicide,12
2901,episcopize,10
2902,episcopy,8
2903,episepalous,11
2904,episkeletal,11
2905,episodal,8
2906,episode,7
2907,episodial,9
2908,episodic,8
2909,episodical,10
2910,epispadias,10
2911,epispastic,10
2912,episperm,8
2913,epispermic,10
2914,epispore,8
2915,epistaxis,9
2916,epistemology,12
2917,episternal,10
2918,episterna,9
2919,episternum,10
2920,epistilbite,11
2921,epistle,7
2922,epistler,8
2923,epistolar,9
2924,epistolary,10
2925,epistolean,10
2926,epistoler,9
2927,epistolet,9
2928,epistolic,9
2929,epistolical,11
2930,epistolize,10
2931,epistolizer,11
2932,epistolographic,15
2933,epistolography,14
2934,epistoma,8
2935,epistome,8
2936,epistrophe,10
2937,epistyle,8
2938,episyllogism,12
2939,epitaph,7
2940,epitapher,9
2941,epitaphial,10
2942,epitaphian,10
2943,epitaphic,9
2944,epitaphist,10
2945,epitasis,8
2946,epithalamic,11
2947,epithalamiums,13
2948,epithalamia,11
2949,epithalamium,12
2950,epithalamies,12
2951,epithalamy,10
2952,epitheca,8
2953,epithelial,10
2954,epithelioid,11
2955,epithelioma,11
2956,epitheliums,11
2957,epithelia,9
2958,epithelium,10
2959,epitheloid,10
2960,epithem,7
2961,epithema,8
2962,epithesis,9
2963,epithet,7
2964,epithetic,9
2965,epithetical,11
2966,epithite,8
2967,epithumetic,11
2968,epithumetical,13
2969,epitithides,11
2970,epitomator,10
2971,epitomes,8
2972,epitome,7
2973,epitomist,9
2974,epitomized,10
2975,epitomizing,11
2976,epitomize,9
2977,epitomizer,10
2978,epitrite,8
2979,epitrochlea,11
2980,epitrochlear,12
2981,epitrochoid,11
2982,epitrope,8
2983,epizeuxis,9
2984,epozoan,7
2985,epozoic,7
2986,epizoa,6
2987,epizoon,7
2988,epizootic,9
2989,epizooty,8
2990,epoch,5
2991,epocha,6
2992,epochal,7
2993,epode,5
2994,epodic,6
2995,eponym,6
2996,eponyme,7
2997,eponymic,8
2998,eponymist,9
2999,eponymous,9
3000,eponymy,7
3001,epoophoron,10
3002,epopee,6
3003,epopoeia,8
3004,epopt,5
3005,epos,4
3006,epotation,9
3007,eprouvette,10
3008,epsomite,8
3009,salt,4
3010,epulary,7
3011,epulation,9
3012,epulis,6
3013,epulose,7
3014,epulosity,9
3015,epulotic,8
3016,epuration,9
3017,epure,5
3018,equability,10
3019,equable,7
3020,equableness,11
3021,equably,7
3022,equal,5
3023,equaled,7
3024,equalled,8
3025,equaling,8
3026,equalling,9
3027,equalitarian,12
3028,equalities,10
3029,equality,8
3030,equalization,12
3031,equalized,9
3032,equalizing,10
3033,equalize,8
3034,equalizer,9
3035,equally,7
3036,equalness,9
3037,equangular,10
3038,equanimity,10
3039,equanimous,10
3040,equant,6
3041,equated,7
3042,equating,8
3043,equate,6
3044,equation,8
3045,equator,7
3046,equatorial,10
3047,equatorially,12
3048,equerries,9
3049,equerry,7
3050,equery,6
3051,equestrian,10
3052,equestrianism,13
3053,equestrienne,12
3054,equiangled,10
3055,equiangular,11
3056,equibalance,11
3057,equibalanced,12
3058,equibalancing,13
3059,equicrescent,12
3060,equicrural,10
3061,equicrure,9
3062,equidifferent,13
3063,equidistance,12
3064,equidistant,11
3065,equidiurnal,11
3066,equiform,8
3067,equilateral,11
3068,equilibrated,12
3069,equilibrating,13
3070,equilibrate,11
3071,equilibration,13
3072,equilibrious,12
3073,equilibrist,11
3074,equilibrity,11
3075,equilibriums,12
3076,equilibria,10
3077,equilibrium,11
3078,equimomental,12
3079,equimultiple,12
3080,equinal,7
3081,equine,6
3082,equinia,7
3083,equinoctial,11
3084,equinoctially,13
3085,equinox,7
3086,equinumerant,12
3087,equipped,8
3088,equipping,9
3089,equip,5
3090,equipage,8
3091,equipaged,9
3092,equiparable,11
3093,equiparate,10
3094,equipedal,9
3095,equipendency,12
3096,equipensate,11
3097,equipment,9
3098,equipoise,9
3099,equipollence,12
3100,equipollency,12
3101,equipollent,11
3102,equipollently,13
3103,equiponderance,14
3104,equiponderancy,14
3105,equiponderant,13
3106,equiponderate,13
3107,equiponderous,13
3108,equipondious,12
3109,equipotential,13
3110,equiradical,11
3111,equirotal,9
3112,equisetaceous,13
3113,equisetiform,12
3114,equiseta,8
3115,equisetum,9
3116,equisonance,11
3117,equisonant,10
3118,equitable,9
3119,equitableness,13
3120,equitably,9
3121,equitancy,9
3122,equitant,8
3123,equitation,10
3124,equitemporaneous,16
3125,equites,7
3126,equities,8
3127,equity,6
3128,equivalence,11
3129,equivalency,11
3130,equivalent,10
3131,equivalently,12
3132,equivalue,9
3133,equivalve,9
3134,equivalved,10
3135,equivalvular,12
3136,equivocacy,10
3137,equivocal,9
3138,equivocally,11
3139,equivocalness,13
3140,equivocated,11
3141,equivocating,12
3142,equivocate,10
3143,equivocation,12
3144,equivocator,11
3145,equivocatory,12
3146,equivoque,9
3147,equivoke,8
3148,equivorous,10
3149,equus,5
3150,eras,4
3151,era,3
3152,eradiated,9
3153,eradiating,10
3154,eradiate,8
3155,eradiation,10
3156,eradicable,10
3157,eradicated,10
3158,eradicating,11
3159,eradicate,9
3160,eradication,11
3161,eradicative,11
3162,erasable,8
3163,erased,6
3164,erasing,7
3165,erase,5
3166,erasement,9
3167,eraser,6
3168,erasion,7
3169,erastian,8
3170,erastianism,11
3171,erasure,7
3172,erative,7
3173,erato,5
3174,erbium,6
3175,ercedeken,9
3176,erd,3
3177,ere,3
3178,erebus,6
3179,erect,5
3180,erected,7
3181,erecting,8
3182,erectable,9
3183,erecter,7
3184,erectile,8
3185,erectility,10
3186,erection,8
3187,erective,8
3188,erectly,7
3189,erectness,9
3190,erector,7
3191,erelong,7
3192,eremacausis,11
3193,eremitage,9
3194,eremite,7
3195,eremitic,8
3196,eremitical,10
3197,eremitish,9
3198,eremitism,9
3199,eretation,9
3200,ereption,8
3201,erethism,8
3202,erethistic,10
3203,erewhile,8
3204,erewhiles,9
3205,erven,5
3206,erf,3
3207,erg,3
3208,ergat,5
3209,ergo,4
3210,ergot,5
3211,ergotic,7
3212,ergotin,7
3213,ergotine,8
3214,ergotism,8
3215,ergotized,9
3216,eriach,6
3217,eric,4
3218,erica,5
3219,ericaceous,10
3220,ericinol,8
3221,ericius,7
3222,ericolin,8
3223,eridanus,8
3224,erigible,8
3225,erin,4
3226,erinaceous,10
3227,eringo,6
3228,erinite,7
3229,erinyes,7
3230,erinys,6
3231,eriometer,9
3232,eristalis,9
3233,eristic,7
3234,eristical,9
3235,erke,4
3236,erlking,7
3237,erme,4
3238,ermelin,7
3239,ermilin,7
3240,ermin,5
3241,ermine,6
3242,ermined,7
3243,ermines,7
3244,erminois,8
3245,ermit,5
3246,ern,3
3247,erne,4
3248,ernest,6
3249,ernestful,9
3250,eroded,6
3251,eroding,7
3252,erode,5
3253,erodent,7
3254,erogated,8
3255,erogating,9
3256,erogate,7
3257,erogation,9
3258,eros,4
3259,erose,5
3260,erosion,7
3261,erosive,7
3262,erostrate,9
3263,eroteme,7
3264,erotesis,8
3265,erotic,6
3266,erotical,8
3267,eroticism,9
3268,erpetologist,12
3269,erpetology,10
3270,erred,5
3271,erring,6
3272,err,3
3273,errable,7
3274,errableness,11
3275,errabund,8
3276,errancy,7
3277,errand,6
3278,errant,6
3279,errantia,8
3280,errantry,8
3281,errata,6
3282,erratic,7
3283,erratical,9
3284,erration,8
3285,erratum,7
3286,erthine,7
3287,erroneous,9
3288,error,5
3289,errorful,8
3290,errorist,8
3291,ers,3
3292,erse,4
3293,ersh,4
3294,erst,4
3295,erstwhile,9
3296,erubescence,11
3297,erubescency,11
3298,erubescent,10
3299,erubescite,10
3300,erucae,6
3301,eruca,5
3302,erucic,6
3303,erucifrom,9
3304,eruct,5
3305,eructate,8
3306,eructation,10
3307,erudiate,8
3308,erudite,7
3309,erudition,9
3310,erugate,7
3311,eruginous,9
3312,erumpent,8
3313,erupt,5
3314,eruption,8
3315,eruptional,10
3316,eruptive,8
3317,eryngium,8
3318,eryngo,6
3319,erysipelas,10
3320,erysipelatoid,13
3321,erysipelatous,13
3322,erysipelous,11
3323,erythema,8
3324,erythematic,11
3325,erythematous,12
3326,erythrean,9
3327,erythraean,10
3328,erythric,8
3329,erythrin,8
3330,erythrine,9
3331,erythrina,9
3332,erythrism,9
3333,erythrite,9
3334,erythrochroic,13
3335,erythrochroism,14
3336,erythrodextrin,14
3337,erythrogen,10
3338,erythrogranulose,16
3339,erythroid,9
3340,erythroleic,11
3341,erythrolein,11
3342,erythrolitmin,13
3343,erythronium,11
3344,erythrophleine,14
3345,erythrophyll,12
3346,erythrophyllin,14
3347,erythrosin,10
3348,erythroxylon,12
3349,erythrozyme,11
3350,escalade,8
3351,escaladed,9
3352,escalading,10
3353,escallop,8
3354,escalloped,10
3355,escalop,7
3356,escaloped,9
3357,escambio,8
3358,escapable,9
3359,escapade,8
3360,escaped,7
3361,escaping,8
3362,escape,6
3363,escapement,10
3364,escaper,7
3365,escarbuncle,11
3366,escargatoire,12
3367,escarp,6
3368,escarped,8
3369,escarping,9
3370,escarpment,10
3371,eschalot,8
3372,eschar,6
3373,eschara,7
3374,escharine,9
3375,escharotic,10
3376,eschatological,14
3377,eschatology,11
3378,eschaunge,9
3379,escheat,7
3380,esheated,8
3381,escheating,10
3382,escheatable,11
3383,escheatage,10
3384,escheator,9
3385,eschevin,8
3386,eshewed,7
3387,eshewing,8
3388,eschew,6
3389,eschewer,8
3390,eschewment,10
3391,eschscholtzia,13
3392,eschynite,9
3393,escocheon,9
3394,escopet,7
3395,escopette,9
3396,escorial,8
3397,escort,6
3398,escorted,8
3399,escorting,9
3400,escot,5
3401,escouade,8
3402,escout,6
3403,escribed,8
3404,escript,7
3405,escritoire,10
3406,escritorial,11
3407,escrod,6
3408,escrol,6
3409,escroll,7
3410,escrow,6
3411,escuage,7
3412,esculapian,10
3413,esculapius,10
3414,esculent,8
3415,esculic,7
3416,esculin,7
3417,escurial,8
3418,escutcheon,10
3419,escutcheoned,12
3420,ese,3
3421,esemplastic,11
3422,eserine,7
3423,esexual,7
3424,esguard,7
3425,eskar,5
3426,esker,5
3427,eskimos,7
3428,eskimo,6
3429,esloin,6
3430,esnecy,6
3431,esodic,6
3432,esophagal,9
3433,esophageal,10
3434,esophagean,10
3435,esophagotomy,12
3436,esophagus,9
3437,esopian,7
3438,esopic,6
3439,esoteric,8
3440,esoterical,10
3441,esoterically,12
3442,esotericism,11
3443,esoterics,9
3444,esotery,7
3445,esox,4
3446,espace,6
3447,espadon,7
3448,espalier,8
3449,espaliered,10
3450,espaliering,11
3451,esparcet,8
3452,esparto,7
3453,espauliere,10
3454,especial,8
3455,especially,10
3456,especialness,12
3457,esperance,9
3458,espiaille,9
3459,espial,6
3460,espier,6
3461,espinel,7
3462,espionage,9
3463,esplanade,9
3464,esplees,7
3465,espousage,9
3466,espousal,8
3467,espoused,8
3468,espousing,9
3469,espouse,7
3470,espousement,11
3471,espouser,8
3472,espressivo,10
3473,espringal,9
3474,esprit,6
3475,espied,6
3476,espying,7
3477,espy,4
3478,espies,6
3479,esquimaux,9
3480,esquimau,8
3481,esquire,7
3482,esquired,8
3483,esquiring,9
3484,esquisse,8
3485,essays,6
3486,essay,5
3487,essayed,7
3488,essaying,8
3489,essayer,7
3490,essayist,8
3491,essence,7
3492,essenced,8
3493,essencing,9
3494,essenes,7
3495,essene,6
3496,essenism,8
3497,essential,9
3498,esential,8
3499,essentiality,12
3500,esentially,10
3501,esentialness,12
3502,essentiated,11
3503,essentiating,12
3504,essentiate,10
3505,essoin,6
3506,essoign,7
3507,essoiner,8
3508,essonite,8
3509,essorant,8
3510,est,3
3511,established,11
3512,establishing,12
3513,establish,9
3514,establisher,11
3515,establishment,13
3516,establishmentarian,18
3517,estacade,8
3518,estafet,7
3519,estafette,9
3520,estancia,8
3521,estate,6
3522,estatlich,9
3523,estatly,7
3524,esteemed,8
3525,esteeming,9
3526,esteem,6
3527,esteemable,10
3528,esteemer,8
3529,ester,5
3530,esthesiometer,13
3531,esthete,7
3532,esthetic,8
3533,esthetical,10
3534,esthetics,9
3535,estiferous,10
3536,estimable,9
3537,estimableness,13
3538,estimably,9
3539,estimated,9
3540,estimating,10
3541,estimate,8
3542,estimation,10
3543,estimative,10
3544,estimator,9
3545,estival,7
3546,estivate,8
3547,estivation,10
3548,estoile,7
3549,estophed,8
3550,estopping,9
3551,estop,5
3552,estoppel,8
3553,estovers,8
3554,estrade,7
3555,estramacon,10
3556,estranged,9
3557,estranging,10
3558,estrange,8
3559,estrangedness,13
3560,estrangement,12
3561,estranger,9
3562,estrangle,9
3563,estrapade,9
3564,estray,6
3565,estre,5
3566,estreat,7
3567,estreated,9
3568,estreating,10
3569,estrepe,7
3570,estrepement,11
3571,estrich,7
3572,estuance,8
3573,estuarine,9
3574,estuaries,9
3575,estuary,7
3576,estuated,8
3577,estuating,9
3578,estuate,7
3579,estuation,9
3580,estufas,7
3581,estufa,6
3582,esture,6
3583,esurient,8
3584,esurine,7
3585,etaac,5
3586,etacism,7
3587,etacist,7
3588,etagere,7
3589,etch,4
3590,etched,6
3591,etching,7
3592,etcher,6
3593,eteostic,8
3594,eterminable,11
3595,etern,5
3596,eterne,6
3597,eternal,7
3598,eternalist,10
3599,eternalize,10
3600,eternally,9
3601,eternify,8
3602,eternities,10
3603,eternity,8
3604,eternization,12
3605,eternized,9
3606,eterniziing,11
3607,eternize,8
3608,etesian,7
3609,ethal,5
3610,ethane,6
3611,ethe,4
3612,ethel,5
3613,ethene,6
3614,ethenic,7
3615,ethenyl,7
3616,etheostomoid,12
3617,ether,5
3618,ethereal,8
3619,etherealism,11
3620,ethereality,11
3621,etherealization,15
3622,etherealize,11
3623,ethereally,10
3624,etherealness,12
3625,ethereous,9
3626,etherification,14
3627,etheriform,10
3628,etherin,7
3629,etherization,12
3630,etherized,9
3631,etherizing,10
3632,etherize,8
3633,etherol,7
3634,ethic,5
3635,ethical,7
3636,ethically,9
3637,ethicist,8
3638,ethics,6
3639,ethide,6
3640,ethidene,8
3641,ethine,6
3642,ethionic,8
3643,ethiop,6
3644,ethiopian,9
3645,ethiopic,8
3646,ethiops,7
3647,ethmoid,7
3648,ethmoidal,9
3649,ethmotrubinal,13
3650,ethmovomerine,13
3651,ethnarch,8
3652,ethnarchy,9
3653,ethnic,6
3654,ethnical,8
3655,ethnically,10
3656,ethnicism,9
3657,ethnographer,12
3658,ethnographic,12
3659,ethnographical,14
3660,ethnographically,16
3661,ethnography,11
3662,ethnologic,10
3663,ethnological,12
3664,ethnologically,14
3665,ethnologist,11
3666,ethnology,9
3667,ethologic,9
3668,ethological,11
3669,ethologist,10
3670,ethology,8
3671,ethopoetic,10
3672,ethule,6
3673,ethyl,5
3674,ethylamine,10
3675,ethylate,8
3676,ethylene,8
3677,ethylic,7
3678,ethylidene,10
3679,ethylin,7
3680,ethylsulphuric,14
3681,etiolated,9
3682,etiolating,10
3683,etiolate,8
3684,etiolation,10
3685,etoolin,7
3686,etiological,11
3687,etiology,8
3688,etiquette,9
3689,etna,4
3690,etnean,6
3691,etoile,6
3692,etrurian,8
3693,etruscan,8
3694,ettin,5
3695,ettle,5
3696,etude,5
3697,etui,4
3698,etwee,5
3699,etym,4
3700,etymic,6
3701,etymologer,10
3702,etymological,12
3703,etymologicon,12
3704,etymologist,11
3705,etymologize,11
3706,etymologies,11
3707,etymology,9
3708,etymons,7
3709,etyma,5
3710,etymon,6
3711,etypical,8
3712,eu,2
3713,eucairite,9
3714,eucalyn,7
3715,eucalyptol,10
3716,eucalyptus,10
3717,eucharis,8
3718,eucharist,9
3719,eucharistic,11
3720,eucharistical,13
3721,euchite,7
3722,euchloric,9
3723,euchlorine,10
3724,euchologion,11
3725,euchology,9
3726,euchologue,10
3727,euchre,6
3728,euchroic,8
3729,euchroite,9
3730,euchrone,8
3731,euchymy,7
3732,euclase,7
3733,euclid,6
3734,euclidian,9
3735,eucopepoda,10
3736,eucrasy,7
3737,euctical,8
3738,eudemon,7
3739,eudaemon,8
3740,eudemonics,10
3741,eudaemonics,11
3742,eudemonism,10
3743,eudaemonism,11
3744,eudemonist,10
3745,eudaemonist,11
3746,eudemonistic,12
3747,eudaemonistic,13
3748,eudemonistical,14
3749,eudaemonistical,15
3750,eudialyte,9
3751,eudiometer,10
3752,eudiometric,11
3753,eudiometrical,13
3754,eudiometry,10
3755,eudipleura,10
3756,eudoxian,8
3757,euganoidei,10
3758,euge,4
3759,eugenia,7
3760,eugenic,7
3761,eugenics,8
3762,eugenin,7
3763,eugenol,7
3764,eugeny,6
3765,eugetic,7
3766,eugetinic,9
3767,eugh,4
3768,eugubian,8
3769,eugubine,8
3770,euharmonic,10
3771,euhemerism,10
3772,euhemerist,10
3773,euhemeristic,12
3774,euhemerize,10
3775,euisopoda,9
3776,eulachon,8
3777,eulerian,8
3778,eulogic,7
3779,eulogical,9
3780,eulogist,8
3781,eulogistic,10
3782,eulogistical,12
3783,eulogiums,9
3784,eulogium,8
3785,eulogized,9
3786,eulogizing,10
3787,eulogize,8
3788,eulogies,8
3789,eulogy,6
3790,eulytite,8
3791,eumenides,9
3792,eumolpus,8
3793,eunomian,8
3794,eunomy,6
3795,eunuch,6
3796,eunuchate,9
3797,eunuchism,9
3798,euonymin,8
3799,euonymus,8
3800,euornithes,10
3801,euosmitte,9
3802,eupathy,7
3803,eupatorium,10
3804,eupatrid,8
3805,eupepsia,8
3806,eupepsy,7
3807,eupeptic,8
3808,euphemism,9
3809,euphemistic,11
3810,euphemistical,13
3811,euphemized,10
3812,euphemizing,11
3813,euphemize,9
3814,euphoniad,9
3815,euphonic,8
3816,euphonical,10
3817,euphonicon,10
3818,euphonious,10
3819,euphonism,9
3820,euphonium,9
3821,euphonize,9
3822,euphonon,8
3823,euphonous,9
3824,euphonies,9
3825,euphony,7
3826,euphorbia,9
3827,euphorbiaceous,14
3828,euphorbial,10
3829,euphorbium,10
3830,euphotide,9
3831,euphrasy,8
3832,euphroe,7
3833,euphuism,8
3834,euphuist,8
3835,euphuistic,10
3836,euphuize,8
3837,eupione,7
3838,eupittone,9
3839,eupittonic,10
3840,euplastic,9
3841,euplectella,11
3842,euplexoptera,12
3843,eupnaea,7
3844,eupryion,8
3845,eurasian,8
3846,eurasiatio,10
3847,eureka,6
3848,eurhipidurous,13
3849,euripize,8
3850,euripus,7
3851,euritte,7
3852,euritic,7
3853,euroclydon,10
3854,european,8
3855,europeanize,11
3856,eurus,5
3857,euryale,7
3858,euryalida,9
3859,eurycerous,10
3860,eurypteroid,11
3861,eurypteroidea,13
3862,eurypterus,10
3863,eurythmy,8
3864,eusebian,8
3865,eustachian,10
3866,eustyle,7
3867,eutaxy,6
3868,euterpe,7
3869,euterpean,9
3870,euthanasia,10
3871,euthanasy,9
3872,euthiochroic,12
3873,euthyneura,10
3874,eutrophy,8
3875,eutychian,9
3876,eutychianism,12
3877,euxanthic,9
3878,euxanthin,9
3879,euxenite,8
3880,evacate,7
3881,evacuant,8
3882,evacuated,9
3883,evacuating,10
3884,evacuate,8
3885,evacuation,10
3886,evacuative,10
3887,evacuator,9
3888,evacuatory,10
3889,evaded,6
3890,evading,7
3891,evade,5
3892,evadible,8
3893,evagation,9
3894,evagination,11
3895,eval,4
3896,evaluate,8
3897,evaluation,10
3898,evanesced,9
3899,evanescing,10
3900,evanesce,8
3901,evanescence,11
3902,evanescent,10
3903,evanescently,12
3904,evangel,7
3905,evangelian,10
3906,evangelic,9
3907,evangelical,11
3908,evangelicalism,14
3909,evangelically,13
3910,evangelicalness,15
3911,evangelicism,12
3912,evangelicity,12
3913,evangelism,10
3914,evangelist,10
3915,evangelistary,13
3916,evangelistic,12
3917,evangelization,14
3918,evangelized,11
3919,evangelizing,12
3920,evangelize,10
3921,evangely,8
3922,evangile,8
3923,evanid,6
3924,evanish,7
3925,evanishment,11
3926,evaporable,10
3927,evaporated,10
3928,evaporating,11
3929,evaporate,9
3930,evaporation,11
3931,evaporaive,10
3932,evaporator,10
3933,evaporometer,12
3934,evasible,8
3935,evasion,7
3936,evasive,7
3937,eve,3
3938,evectics,8
3939,evection,8
3940,even,4
3941,evened,6
3942,evening,7
3943,evene,5
3944,evener,6
3945,evenfall,8
3946,evenhand,8
3947,evenhanded,10
3948,evenly,6
3949,evenminded,10
3950,evenness,8
3951,evensong,8
3952,event,5
3953,eventerate,10
3954,eventful,8
3955,eventide,8
3956,eventilate,10
3957,eventilation,12
3958,eventless,9
3959,eventognathi,12
3960,eventration,11
3961,eventtual,9
3962,eventualities,13
3963,eventuality,11
3964,eventually,10
3965,eventuated,10
3966,eventuating,11
3967,eventuate,9
3968,eventuation,11
3969,ever,4
3970,everduring,10
3971,everglade,9
3972,evergreen,9
3973,everich,7
3974,everych,7
3975,everichon,9
3976,everychon,9
3977,everlasting,11
3978,enerlasting,11
3979,everlastingly,13
3980,everlastingness,15
3981,everliving,10
3982,evermore,8
3983,evernic,7
3984,everse,6
3985,eversion,8
3986,eversive,8
3987,everted,7
3988,everting,8
3989,evert,5
3990,every,5
3991,everybody,9
3992,everyday,8
3993,everyone,8
3994,everything,10
3995,everywhen,9
3996,everywhere,10
3997,everywhereness,14
3998,evesdrop,8
3999,evesdropper,11
4000,evestigate,10
4001,evet,4
4002,evibrate,8
4003,evicted,7
4004,evicting,8
4005,evict,5
4006,eviction,8
4007,evidence,8
4008,evidenced,9
4009,evidencing,10
4010,evidencer,9
4011,evident,7
4012,evidential,10
4013,evidentiary,11
4014,evidently,9
4015,evidentness,11
4016,evigilation,11
4017,evil,4
4018,evilly,6
4019,evilness,8
4020,evinced,7
4021,evincing,8
4022,evince,6
4023,evincement,10
4024,evincible,9
4025,evincive,8
4026,evirate,7
4027,eviration,9
4028,eviscerated,11
4029,eviscerating,12
4030,eviscerate,10
4031,evisceration,12
4032,evitable,8
4033,evitate,7
4034,evitation,9
4035,evite,5
4036,eviternal,9
4037,eviternity,10
4038,evocate,7
4039,evocation,9
4040,evocative,9
4041,evocator,8
4042,evoked,6
4043,evoking,7
4044,evoke,5
4045,evolatic,8
4046,evolatical,10
4047,evolation,9
4048,evolute,7
4049,evolutility,11
4050,evolution,9
4051,evolutional,11
4052,evolutionary,12
4053,evolutionism,12
4054,evolutionist,12
4055,evolved,7
4056,evolving,8
4057,evolve,6
4058,evolvement,10
4059,evolvent,8
4060,evomit,6
4061,evomition,9
4062,evulgate,8
4063,evulgation,10
4064,evulsion,8
4065,ew,2
4066,ewe,3
4067,ewer,4
4068,ewery,5
4069,ewry,4
4070,ewt,3
4071,exacerrated,11
4072,exacerrating,12
4073,exacerbate,10
4074,exacerbation,12
4075,exacerbescence,14
4076,exacervation,12
4077,exacinate,9
4078,exacination,11
4079,exact,5
4080,exacted,7
4081,exacting,8
4082,exacter,7
4083,exaction,8
4084,exacritude,10
4085,exactly,7
4086,exactness,9
4087,exactor,7
4088,exactress,9
4089,exacuate,8
4090,exaeresis,9
4091,exaggerated,11
4092,exaggerating,12
4093,exaggerate,10
4094,exaggeration,12
4095,exaggerative,12
4096,exaggerator,11
4097,exaggeratory,12
4098,exagitate,9
4099,exagitation,11
4100,exalbuminous,12
4101,exalted,7
4102,exalting,8
4103,exalt,5
4104,exaltate,8
4105,exaltation,10
4106,exalter,7
4107,exaltment,9
4108,examen,6
4109,exametron,9
4110,examinable,10
4111,examinant,9
4112,examinate,9
4113,examination,11
4114,examinator,10
4115,examined,8
4116,examining,9
4117,examine,7
4118,examinee,8
4119,examiner,8
4120,examinership,12
4121,examplary,9
4122,example,7
4123,exampled,8
4124,exampling,9
4125,exampleless,11
4126,exampler,8
4127,exampless,9
4128,exanguious,10
4129,exangulous,10
4130,exanimate,9
4131,exanimation,11
4132,exanimous,9
4133,exannulate,10
4134,exanthem,8
4135,exanthemata,11
4136,exanthema,9
4137,exanthematic,12
4138,exanthematous,13
4139,exanthesis,10
4140,exantlate,9
4141,exantlation,11
4142,exarate,7
4143,exaration,9
4144,exarch,6
4145,exarchate,9
4146,exarillate,10
4147,exarticulate,12
4148,exarticulation,14
4149,exasperate,10
4150,exsasperated,12
4151,exasperating,12
4152,exasperater,11
4153,exasperation,12
4154,exaspidean,10
4155,exauctorate,11
4156,exauctoration,13
4157,exaugurate,10
4158,exauguration,12
4159,exauthorate,11
4160,exauthoration,13
4161,exauthorize,11
4162,excalceate,10
4163,excalceation,12
4164,excalfaction,12
4165,excalfactive,12
4166,excalfactory,12
4167,excalibur,9
4168,excamb,6
4169,excambie,8
4170,excambion,9
4171,excambium,9
4172,excandescence,13
4173,excandescent,12
4174,excantation,11
4175,excarnate,9
4176,excarnation,11
4177,excarnificate,13
4178,excarnification,15
4179,excavated,9
4180,excavating,10
4181,excavate,8
4182,excavation,10
4183,excavator,9
4184,excave,6
4185,excecate,8
4186,excecation,10
4187,excedent,8
4188,exceeded,8
4189,exceeding,9
4190,exceed,6
4191,exceedable,10
4192,exceeder,8
4193,exceedingly,11
4194,excelled,8
4195,excelling,9
4196,excel,5
4197,excellence,10
4198,excellencies,12
4199,excellency,10
4200,excellent,9
4201,excellently,11
4202,excelsior,9
4203,excentral,9
4204,excentric,9
4205,excentrical,11
4206,excentricity,12
4207,excepted,8
4208,excepting,9
4209,except,6
4210,exceptant,9
4211,exception,9
4212,exceptionable,13
4213,exceptional,11
4214,exceptioner,11
4215,exceptionless,13
4216,exceptious,10
4217,exceptive,9
4218,exceptless,10
4219,exceptor,8
4220,excerebration,13
4221,excerebrose,11
4222,excern,6
4223,excernent,9
4224,excerp,6
4225,excerpted,9
4226,excerpting,10
4227,excerpt,7
4228,excerption,10
4229,excerptive,10
4230,excerptor,9
4231,excess,6
4232,excessive,9
4233,exchange,8
4234,exchanged,9
4235,exchanging,10
4236,exchangeability,15
4237,exchangeable,12
4238,exchangeably,12
4239,exchanger,9
4240,excheat,7
4241,excheator,9
4242,exchequer,9
4243,exchequered,11
4244,exchequering,12
4245,excide,6
4246,excipient,9
4247,exciple,7
4248,excipulum,9
4249,excisable,9
4250,excise,6
4251,excised,7
4252,excising,8
4253,excisemen,9
4254,exciseman,9
4255,excision,8
4256,excitability,12
4257,excitable,9
4258,excitant,8
4259,excitate,8
4260,excitation,10
4261,excitative,10
4262,excitator,9
4263,excitatory,10
4264,excited,7
4265,exciting,8
4266,excite,6
4267,exciteful,9
4268,excitement,10
4269,exciter,7
4270,excitive,8
4271,exclaimed,9
4272,exclaiming,10
4273,exclaim,7
4274,exclaimer,9
4275,exclamation,11
4276,exclamative,11
4277,exclamatory,11
4278,exclave,7
4279,excluded,8
4280,excluding,9
4281,exclude,7
4282,exclusion,9
4283,exclusionary,12
4284,exclusionism,12
4285,exclusionist,12
4286,exclusive,9
4287,exclusiveness,13
4288,exclusivism,11
4289,exclusivist,11
4290,exclusory,9
4291,excoct,6
4292,excoction,9
4293,excogitated,11
4294,excogitating,12
4295,excogitate,10
4296,excogitation,12
4297,excommune,9
4298,excommunicable,14
4299,excommunicant,13
4300,excommunicate,13
4301,excommunicated,14
4302,excommunicating,15
4303,excommunication,15
4304,excommunicator,14
4305,excommunion,11
4306,excoriable,10
4307,excoriated,10
4308,excoriating,11
4309,eccoriate,9
4310,excoriation,11
4311,excorticate,11
4312,excortication,13
4313,excreable,9
4314,excreate,8
4315,excreation,10
4316,excrement,9
4317,excremental,11
4318,excrementitial,14
4319,excrementitious,15
4320,excrementive,12
4321,excrementize,12
4322,excrescence,11
4323,excrescency,11
4324,excrescent,10
4325,excrescential,13
4326,excreta,7
4327,excreted,8
4328,excreting,9
4329,excrete,7
4330,excretin,8
4331,excretion,9
4332,excretive,9
4333,excretory,9
4334,excruciable,11
4335,excruciate,10
4336,excruciated,11
4337,excruciating,12
4338,excruciation,12
4339,excubation,10
4340,excubitorium,12
4341,exculpable,10
4342,exculpated,10
4343,exculpating,11
4344,exculpate,9
4345,exculpation,11
4346,exculpatory,11
4347,excur,5
4348,excurrent,9
4349,excurse,7
4350,excursion,9
4351,excursionist,12
4352,excursive,9
4353,excursus,8
4354,excusable,9
4355,excusation,10
4356,excusator,9
4357,excusatory,10
4358,excused,7
4359,excusing,8
4360,excuse,6
4361,excuseless,10
4362,excusement,10
4363,excuser,7
4364,excuss,6
4365,excussion,9
4366,exeat,5
4367,execrable,9
4368,execrated,9
4369,execrating,10
4370,execrate,8
4371,execration,10
4372,execrative,10
4373,execratory,10
4374,exect,5
4375,exection,8
4376,executable,10
4377,executant,9
4378,executed,8
4379,executing,9
4380,execute,7
4381,executer,8
4382,execution,9
4383,executioner,11
4384,executive,9
4385,executively,11
4386,executor,8
4387,executorial,11
4388,executorship,12
4389,executory,9
4390,executress,10
4391,executrix,9
4392,exedent,7
4393,exedrae,7
4394,exedra,6
4395,exegeses,8
4396,exegesis,8
4397,exegete,7
4398,exegetic,8
4399,exegetical,10
4400,exegetics,9
4401,exegetist,9
4402,exemplar,8
4403,exemplarily,11
4404,exemplariness,13
4405,exemplarity,11
4406,exemplary,9
4407,exemplifiable,13
4408,exemplification,15
4409,exemplifier,11
4410,exemplified,11
4411,exemplifying,12
4412,exemplify,9
4413,exempt,6
4414,exempted,8
4415,exempting,9
4416,exemptible,10
4417,exemption,9
4418,exemptitious,12
4419,exenterate,10
4420,exenteration,12
4421,exequatur,9
4422,exequial,8
4423,exequious,9
4424,exequies,8
4425,exequy,6
4426,exercent,8
4427,exercisable,11
4428,exercise,8
4429,exercised,9
4430,exercising,10
4431,exerciser,9
4432,exercisible,11
4433,exercitation,12
4434,exergue,7
4435,exerted,7
4436,exerting,8
4437,exert,5
4438,exertion,8
4439,exertive,8
4440,exertment,9
4441,exesion,7
4442,exestuate,9
4443,exestuation,11
4444,exeunt,6
4445,exfetation,10
4446,exfoliated,10
4447,exfoliating,11
4448,exfoliate,9
4449,exfoliation,11
4450,exfoliative,11
4451,exhalable,9
4452,exhalant,8
4453,exhalation,10
4454,exaled,6
4455,exaling,7
4456,exhale,6
4457,exhalement,10
4458,exhalence,9
4459,exhausted,9
4460,exhausting,10
4461,exhaust,7
4462,exhauster,9
4463,exhaustibility,14
4464,exhaustible,11
4465,exhaustion,10
4466,exhaustive,10
4467,exhaustless,11
4468,exhaustment,11
4469,exhausture,10
4470,exhedra,7
4471,exheredate,10
4472,exheredation,12
4473,exhereditation,14
4474,exhibited,9
4475,exhibiting,10
4476,exhibit,7
4477,exhibiter,9
4478,exhibition,10
4479,exhibitioner,12
4480,exhibitive,10
4481,exhibitor,9
4482,exhibitory,10
4483,exhilarant,10
4484,exhilarated,11
4485,exilarating,11
4486,exhilarate,10
4487,exhilarating,12
4488,exhilaration,12
4489,exhorted,8
4490,exhorting,9
4491,exhort,6
4492,exhortation,11
4493,exhortative,11
4494,exhortatory,11
4495,exhorter,8
4496,exhumated,9
4497,exhumation,10
4498,exhumed,7
4499,exhuming,8
4500,exhume,6
4501,exiccate,8
4502,exiccation,10
4503,exigence,8
4504,exigencies,10
4505,exigency,8
4506,exigendary,10
4507,exigent,7
4508,exigenter,9
4509,exigible,8
4510,exiguity,8
4511,exiguous,8
4512,exile,5
4513,exiled,6
4514,exiling,7
4515,exilement,9
4516,exilic,6
4517,exilition,9
4518,exility,7
4519,eximious,8
4520,exinanite,9
4521,exinanition,11
4522,existed,7
4523,existing,8
4524,exist,5
4525,existence,9
4526,existency,9
4527,existent,8
4528,existential,11
4529,exister,7
4530,existible,9
4531,existimation,12
4532,exit,4
4533,exitial,7
4534,exitious,8
4535,exo,3
4536,exocardiac,10
4537,exocardial,10
4538,exocarp,7
4539,exoccipital,11
4540,exocetus,8
4541,exocoetus,9
4542,exoculate,9
4543,exode,5
4544,exodic,6
4545,exogium,7
4546,exodus,6
4547,exody,5
4548,exogamous,9
4549,exogamy,7
4550,exogen,6
4551,exogenetic,10
4552,exogenous,9
4553,exogyra,7
4554,exolete,7
4555,exolution,9
4556,exolve,6
4557,exon,4
4558,exonerated,10
4559,exonerating,11
4560,exonerate,9
4561,exoneration,11
4562,exonerative,11
4563,exonerator,10
4564,exophthalmia,12
4565,exophthalmic,12
4566,exophthalmos,12
4567,exophthalmus,12
4568,exophthalmy,11
4569,exophyllous,11
4570,exoplasm,8
4571,exopodite,9
4572,exoptable,9
4573,exoptile,8
4574,exrable,7
4575,exorate,7
4576,exoration,9
4577,exorbitance,11
4578,exorbitancy,11
4579,exorbitant,10
4580,exorbitantly,12
4581,exorbitate,10
4582,exorcised,9
4583,exorcising,10
4584,exorcise,8
4585,exorciser,9
4586,exorcism,8
4587,exorcist,8
4588,exordial,8
4589,exordiums,9
4590,exordia,7
4591,exordium,8
4592,exorhizae,9
4593,exorhiza,8
4594,exorhizal,9
4595,exorhizous,10
4596,exornation,10
4597,exortive,8
4598,exosculate,10
4599,exoskeletal,11
4600,exoskeleton,11
4601,exosmose,8
4602,exosmosis,9
4603,exosmotic,9
4604,exospore,8
4605,exosstate,9
4606,exossation,10
4607,exostome,8
4608,exostosis,9
4609,exoteric,8
4610,exoterical,10
4611,exoterics,9
4612,exoteries,9
4613,exotery,7
4614,exotheca,8
4615,exothecium,10
4616,exotic,6
4617,exotical,8
4618,exoticism,9
4619,expanded,8
4620,expanding,9
4621,expand,6
4622,expander,8
4623,expanse,7
4624,expansibility,13
4625,expansible,10
4626,expansile,9
4627,expansion,9
4628,expansive,9
4629,expansure,9
4630,expatiated,10
4631,expariating,11
4632,expatiate,9
4633,expatiation,11
4634,expatiatory,11
4635,expatriated,11
4636,expatriating,12
4637,expatriate,10
4638,expatriation,12
4639,expected,8
4640,expecting,9
4641,expect,6
4642,expectable,10
4643,expectance,10
4644,expectancy,10
4645,expectant,9
4646,expectation,11
4647,expectative,11
4648,expectedly,10
4649,expecter,8
4650,expectingly,11
4651,expective,9
4652,expectorant,11
4653,expectorated,12
4654,expectorating,13
4655,expectorate,11
4656,expectoration,13
4657,expectorative,13
4658,expede,6
4659,expediate,9
4660,expedience,10
4661,expediency,10
4662,expedient,9
4663,expediential,12
4664,expediently,11
4665,expediment,10
4666,expeditate,10
4667,expedite,8
4668,expedited,9
4669,expediting,10
4670,expeditely,10
4671,expediteness,12
4672,expedition,10
4673,expeditionary,13
4674,expeditionist,13
4675,expeditious,11
4676,expeditive,10
4677,expelled,8
4678,expelling,9
4679,expel,5
4680,expellable,10
4681,expeller,8
4682,expended,8
4683,expending,9
4684,expend,6
4685,expenitor,9
4686,expenditure,11
4687,expense,7
4688,expensefull,11
4689,expenseless,11
4690,expensive,9
4691,experience,10
4692,experienced,11
4693,experiencing,12
4694,exrerience,10
4695,experiencer,11
4696,experient,9
4697,experiential,12
4698,experientialism,15
4699,experientiallist,16
4700,experiment,10
4701,experimented,12
4702,experinenting,13
4703,experimental,12
4704,experimetalist,14
4705,experimentalize,15
4706,experimentally,14
4707,experimentarian,15
4708,experimentation,15
4709,experimentative,15
4710,experimentator,14
4711,experimenter,12
4712,experimentist,13
4713,experrection,12
4714,expert,6
4715,expertly,8
4716,expertness,10
4717,expetible,9
4718,expiable,8
4719,expiated,8
4720,expiating,9
4721,expiate,7
4722,expiation,9
4723,expiatist,9
4724,expiator,8
4725,expiatorious,12
4726,expiatory,9
4727,expilation,10
4728,expilator,9
4729,expirable,9
4730,expirant,8
4731,expiration,10
4732,expiratory,10
4733,expired,7
4734,expiring,8
4735,expire,6
4736,expiry,6
4737,expiscate,9
4738,expiscation,11
4739,expiscatory,11
4740,explained,9
4741,explaining,10
4742,explain,7
4743,explainable,11
4744,explainer,9
4745,explanate,9
4746,explanation,11
4747,explanative,11
4748,explanatoriness,15
4749,explanatory,11
4750,explat,6
4751,explate,7
4752,expletion,9
4753,expletive,9
4754,expletively,11
4755,expletory,9
4756,explicable,10
4757,explicableness,14
4758,explicate,9
4759,explicated,10
4760,explicating,11
4761,explication,11
4762,explicative,11
4763,explicator,10
4764,explicatory,11
4765,explicit,8
4766,explicitly,10
4767,explicitness,12
4768,exploded,8
4769,exploding,9
4770,explode,7
4771,explodent,9
4772,exploder,8
4773,exploit,7
4774,exploitation,12
4775,exploiture,10
4776,explorable,10
4777,explorate,9
4778,exploration,11
4779,explorative,11
4780,explorator,10
4781,exploratory,11
4782,explored,8
4783,exploring,9
4784,explore,7
4785,explorement,11
4786,explorer,8
4787,eploring,8
4788,explosion,9
4789,explosive,9
4790,explosively,11
4791,expoliation,11
4792,expolish,8
4793,expone,6
4794,exponent,8
4795,exponential,11
4796,exported,8
4797,exporting,9
4798,export,6
4799,exportability,13
4800,exportable,10
4801,exportation,11
4802,exporter,8
4803,exposal,7
4804,exposed,7
4805,exposing,8
4806,expose,6
4807,exposedness,11
4808,exposer,7
4809,exposition,10
4810,expositive,10
4811,expositor,9
4812,expository,10
4813,expostulated,12
4814,expostulating,13
4815,expostulate,11
4816,expostulation,13
4817,expostulator,12
4818,expostulatory,13
4819,exposture,9
4820,exposure,8
4821,expounded,9
4822,expounding,10
4823,expound,7
4824,expounder,9
4825,express,7
4826,expressed,9
4827,expressing,10
4828,expressage,10
4829,expressible,11
4830,expression,10
4831,expressional,12
4832,expressionless,14
4833,expressive,10
4834,expressly,9
4835,expressmen,10
4836,expressman,10
4837,expressness,11
4838,expressure,10
4839,exprobrate,10
4840,exprobration,12
4841,exprobrative,12
4842,exprobratory,12
4843,expropriate,11
4844,expropriation,13
4845,expugn,6
4846,expugnable,10
4847,expugnation,11
4848,expugner,8
4849,expulse,7
4850,expulser,8
4851,expulsion,9
4852,expulsive,9
4853,expunction,10
4854,expunged,8
4855,expunging,9
4856,expunge,7
4857,expurgated,10
4858,expurgating,11
4859,expurgate,9
4860,expurgation,11
4861,expurgator,10
4862,expurgatorial,13
4863,expurgatorious,14
4864,expurgatory,11
4865,expurge,7
4866,exquire,7
4867,exquisite,9
4868,exquisitely,11
4869,exquisiteness,13
4870,exquisitive,11
4871,exsanguine,10
4872,exsanguineous,13
4873,exsanguinity,12
4874,exsanguinous,12
4875,exsanguious,11
4876,exscinded,9
4877,exscinding,10
4878,exscind,7
4879,exscribe,8
4880,exscript,8
4881,exscriptural,12
4882,exscutellate,12
4883,exsect,6
4884,exsert,6
4885,exserted,8
4886,exsertile,9
4887,exsiccant,9
4888,exsiccated,10
4889,exsiccating,11
4890,exsiccate,9
4891,exsiccation,11
4892,exsiccative,11
4893,exsiccator,10
4894,exsiliency,10
4895,exsolution,10
4896,exspoliation,12
4897,exspuition,10
4898,exsputory,9
4899,exstipulate,11
4900,exstrophy,9
4901,exsuccous,9
4902,exsuction,9
4903,exsudation,10
4904,exsufflate,10
4905,exsufflation,12
4906,exsufflicate,12
4907,exsuscitate,11
4908,exsuscitation,13
4909,extacy,6
4910,extance,7
4911,extancy,7
4912,extant,6
4913,extasy,6
4914,extatic,7
4915,extemporal,10
4916,extemporanean,13
4917,extemporaneous,14
4918,extemporarily,13
4919,extemporary,11
4920,extempore,9
4921,extemporiness,13
4922,extemporization,15
4923,extemporized,12
4924,extemporizing,13
4925,extemporize,11
4926,extemporizer,12
4927,extended,8
4928,extending,9
4929,extend,6
4930,extendant,9
4931,extendedly,10
4932,extender,8
4933,extendible,10
4934,extendlessness,14
4935,extense,7
4936,extensibility,13
4937,extensible,10
4938,extensibleness,14
4939,extensile,9
4940,extension,9
4941,extensional,11
4942,extensionist,12
4943,extensive,9
4944,extensively,11
4945,extensiveness,13
4946,extensometer,12
4947,extensor,8
4948,extensure,9
4949,extent,6
4950,extenuated,10
4951,extenuating,11
4952,extenuate,9
4953,extenuation,11
4954,extenuator,10
4955,extenuatory,11
4956,exterior,8
4957,exteriority,11
4958,exteriorly,10
4959,exterminated,12
4960,exterminating,13
4961,exterminate,11
4962,extermination,13
4963,exterminator,12
4964,exterminatory,13
4965,extermine,9
4966,extern,6
4967,external,8
4968,externalism,11
4969,externalistic,13
4970,externality,11
4971,externalize,11
4972,externally,10
4973,externe,7
4974,exterraneous,12
4975,exterritorial,13
4976,exterritoriality,16
4977,extersion,9
4978,extilled,8
4979,extilling,9
4980,extill,6
4981,extillation,11
4982,extimulate,10
4983,extimulation,12
4984,extinct,7
4985,extinction,10
4986,extine,6
4987,extinguished,12
4988,extinguishing,13
4989,extinguish,10
4990,extinguishable,14
4991,extinguisher,12
4992,extinguishment,14
4993,extirp,6
4994,extirpable,10
4995,extirpated,10
4996,extirpating,11
4997,extirpate,9
4998,extirpation,11
4999,extirpative,11
5000,extirpator,10
5001,extirpatory,11
5002,extirper,8
5003,extispicious,12
5004,extogenous,10
5005,extolled,8
5006,extolling,9
5007,extol,5
5008,extoller,8
5009,extolment,9
5010,extorsive,9
5011,extorted,8
5012,extorting,9
5013,extort,6
5014,extorter,8
5015,extortion,9
5016,extortionary,12
5017,extortionate,12
5018,extortioner,11
5019,extortious,10
5020,extra,5
5021,extras,6
5022,extraarticular,14
5023,extraaxillar,12
5024,extraaxillary,13
5025,extrabranchial,14
5026,extracapsular,13
5027,extracted,9
5028,extracting,10
5029,extract,7
5030,extractable,11
5031,extractible,11
5032,extractiform,12
5033,extraction,10
5034,extractive,10
5035,extractor,9
5036,extradictionary,15
5037,extraditable,12
5038,extradited,10
5039,extraditing,11
5040,extradite,9
5041,extradition,11
5042,extrados,8
5043,extradotal,10
5044,extrafoliaceous,15
5045,extraforaneous,14
5046,extrageneous,12
5047,extrajudicial,13
5048,extralimitary,13
5049,extralogical,12
5050,extramission,12
5051,extramundane,12
5052,extramural,10
5053,extraneity,10
5054,extraneous,10
5055,extraordinarily,15
5056,extraordinariness,17
5057,extraordinary,13
5058,extraordinaries,15
5059,extraparochial,14
5060,extraphysical,13
5061,extraprofessional,17
5062,extraprovincial,15
5063,extraregular,12
5064,extrastapedial,14
5065,extraterritorial,16
5066,extraterritoriality,19
5067,extratropical,13
5068,extraught,9
5069,extravagance,12
5070,extravagancies,14
5071,extravagancy,12
5072,extravagant,11
5073,extravagantly,13
5074,extravagantness,15
5075,extravaganza,12
5076,extravagate,11
5077,extravagation,13
5078,extravasated,12
5079,extravasating,13
5080,extravasate,11
5081,extravasation,13
5082,extravascular,13
5083,extravenate,11
5084,extraversion,12
5085,extreat,7
5086,extreme,7
5087,extremeless,11
5088,extremely,9
5089,extremist,9
5090,extremities,11
5091,extremity,9
5092,extricable,10
5093,extricated,10
5094,extricating,11
5095,extricate,9
5096,extrication,11
5097,extrinsic,9
5098,extrinsical,11
5099,extrinsicality,14
5100,extrinsicalness,15
5101,extroitive,10
5102,extrorsal,9
5103,extrorse,8
5104,extroversion,12
5105,extruct,7
5106,extruction,10
5107,extructive,10
5108,extructor,9
5109,extruded,8
5110,extruding,9
5111,extrude,7
5112,extrusion,9
5113,extuberance,11
5114,extuberancy,11
5115,extuberant,10
5116,extuberate,10
5117,extuberation,12
5118,extumescence,12
5119,exuberance,10
5120,exuberancy,10
5121,exuberant,9
5122,exuberate,9
5123,exuccous,8
5124,exudate,7
5125,exudation,9
5126,exuded,6
5127,exuding,7
5128,exude,5
5129,exulcerate,10
5130,exulceration,12
5131,exulcerative,12
5132,exulceratory,12
5133,exulted,7
5134,exulting,8
5135,exult,5
5136,exultance,9
5137,exultancy,9
5138,exultant,8
5139,exultation,10
5140,exundate,8
5141,exundation,10
5142,exungulated,11
5143,exungulating,12
5144,exungulate,10
5145,exuperable,10
5146,exuperance,10
5147,exuperant,9
5148,exuperate,9
5149,exuperation,11
5150,exurgent,8
5151,exuscitate,10
5152,exustion,8
5153,exutory,7
5154,exuvia,6
5155,exuviability,12
5156,exuviable,9
5157,exuviae,7
5158,exuvial,7
5159,exuviated,9
5160,exuviating,10
5161,exuviate,8
5162,exuviation,10
5163,ey,2
5164,eyren,5
5165,eyalet,6
5166,eyas,4
5167,eyasmusket,10
5168,eye,3
5169,eyed,4
5170,eyeball,7
5171,eyebar,6
5172,eyebeam,7
5173,eyebolt,7
5174,eyebright,9
5175,eyebrow,7
5176,eyecup,6
5177,eyedrop,7
5178,eyeflap,7
5179,eyeful,6
5180,eyeglance,9
5181,eyeglass,8
5182,eyehole,7
5183,eyelash,7
5184,eyeless,7
5185,eyelet,6
5186,eyeleteer,9
5187,eyelid,6
5188,eyen,4
5189,eyepiece,8
5190,eyer,4
5191,eyereach,8
5192,eyesalve,8
5193,eyeservant,10
5194,eyeservice,10
5195,eyeshot,7
5196,eyesight,8
5197,eyesore,7
5198,eyestalk,8
5199,eyestone,8
5200,eyestring,9
5201,eyet,4
5202,eyeteeth,8
5203,eyetooth,8
5204,eyewash,7
5205,eyewater,8
5206,eyewink,7
5207,eyewinker,9
5208,eyewitness,10
5209,eyghen,6
5210,eyght,5
5211,eyle,4
5212,eyliad,6
5213,eyne,4
5214,eyot,4
5215,eyr,3
5216,eyra,4
5217,eyre,4
5218,"ey""ries",7
5219,eyrie,5
5220,eyry,4
5221,eysell,6
