,F
0,fa
1,fabaceous
2,fabellae
3,fabella
4,fabian
5,fable
6,fabled
7,fabling
8,fabler
9,fabliaux
10,fabliau
11,fabric
12,fabricked
13,fabricking
14,fabricant
15,fabricated
16,fabricating
17,fabricate
18,fabrication
19,fabricator
20,fabricatress
21,fabrile
22,fabulist
23,fabulized
24,fabulizing
25,fabulize
26,fabulosity
27,fabulous
28,faburden
29,fac
30,facade
31,face
32,faced
33,facing
34,faser
35,facet
36,faceted
37,faceting
38,facete
39,facetiae
40,facetious
41,facette
42,facework
43,facia
44,facial
45,faciend
46,facient
47,facies
48,facile
49,facilitated
50,facilitating
51,facilitate
52,facilitation
53,facilities
54,facility
55,facingly
56,facinorous
57,facound
58,facsimiles
59,facsimile
60,fact
61,faction
62,factionary
63,factioner
64,factionist
65,factious
66,factitious
67,factitive
68,factive
69,facto
70,factor
71,factored
72,factoring
73,factorage
74,factoress
75,factorial
76,factorized
77,factorizing
78,factorize
79,factorship
80,factories
81,factory
82,factotums
83,factotum
84,factual
85,facta
86,factum
87,facture
88,faculae
89,facular
90,faculties
91,faculty
92,facund
93,facundious
94,facundity
95,fad
96,faddle
97,fade
98,faded
99,fading
100,fadedly
101,fadeless
102,fader
103,fadge
104,fadme
105,fady
106,faecal
107,faeces
108,faecula
109,faery
110,faffle
111,fag
112,fagged
113,fagging
114,fagend
115,fagot
116,fagoted
117,fagoting
118,fagotto
119,faham
120,fahlband
121,fahlerz
122,fahlunite
123,fahrenheit
124,faience
125,failed
126,failing
127,fail
128,failance
129,faille
130,failure
131,fain
132,faineant
133,faint
134,fainted
135,fainting
136,fainthearted
137,faintish
138,faintling
139,faintly
140,faintness
141,faints
142,fainty
143,fair
144,fairhood
145,fairily
146,fairing
147,fairish
148,fairly
149,fairness
150,fairway
151,fairies
152,fairy
153,fairyland
154,fairylike
155,faith
156,faithed
157,faithful
158,faithless
159,faitour
160,fake
161,fakir
162,falanaka
163,falcade
164,falcate
165,falcated
166,falcation
167,falcer
168,falchion
169,falcidian
170,falciform
171,falcon
172,falconer
173,falconet
174,falcongentil
175,falconine
176,falconry
177,falcula
178,falculate
179,faldage
180,faldfee
181,falding
182,faldistory
183,faldstool
184,falernian
185,falk
186,fell
187,fallen
188,falling
189,fall
190,fallacious
191,fallacies
192,fallacy
193,fallals
194,fallax
195,fallency
196,faller
197,fallfish
198,fallibility
199,fallible
200,fallibly
201,fallopian
202,fallow
203,fallowed
204,fallowing
205,fallowist
206,fallowness
207,falsary
208,false
209,falsehood
210,falsely
211,falseness
212,falser
213,falsettos
214,falsetto
215,falsicrimen
216,falsifiable
217,falsification
218,falsificator
219,falsifier
220,falsified
221,falsifying
222,falsify
223,falsism
224,falsities
225,falsity
226,falter
227,faltered
228,faltering
229,faluns
230,falwe
231,falx
232,famble
233,fame
234,famed
235,faming
236,fameless
237,familiar
238,familiarities
239,familiarity
240,familiarization
241,familiarized
242,familiarizing
243,familiarize
244,familiarly
245,familiarness
246,familiary
247,familism
248,familist
249,familisteries
250,familistery
251,familistic
252,familistical
253,families
254,family
255,famine
256,famished
257,famishing
258,famish
259,famishment
260,famosity
261,famous
262,famoused
263,famously
264,famousness
265,famular
266,famulate
267,famulist
268,fan
269,fanned
270,fanning
271,fanal
272,fanatic
273,fanatical
274,fanaticism
275,fanaticized
276,fanaticizing
277,fanaticize
278,fanatism
279,fancied
280,fancier
281,fanciful
282,fanciless
283,fancies
284,fancy
285,fancying
286,fancymonger
287,fancywork
288,fand
289,fandangoes
290,fandango
291,fane
292,fanega
293,fanfare
294,fanfaron
295,fanfaronade
296,fanfoot
297,fang
298,fanged
299,fangle
300,fangled
301,fangleness
302,fangless
303,fangot
304,fanion
305,fanlike
306,fannel
307,fanner
308,fanon
309,fantail
310,fantasia
311,fantasied
312,fantasm
313,fantast
314,fantastic
315,fantastical
316,fantasticality
317,fantastically
318,fantasticism
319,fantasticly
320,fantasticness
321,fantasticco
322,fantasies
323,fantasy
324,fantoccini
325,fantom
326,fap
327,faquir
328,far
329,farabout
330,farad
331,faradic
332,faradism
333,faradization
334,farand
335,farandams
336,farantly
337,farced
338,farcing
339,farce
340,farcement
341,farcical
342,farcilite
343,farcimen
344,farcin
345,farctate
346,farcy
347,fard
348,fardage
349,fardel
350,fardingdale
351,fardingdeal
352,fared
353,faring
354,fare
355,faren
356,farewell
357,farfet
358,farfetch
359,farfetched
360,farina
361,farinaceous
362,farinose
363,farl
364,farlie
365,farm
366,farmed
367,farming
368,farmable
369,farmer
370,farmeress
371,farmership
372,farmery
373,farmhouse
374,farmost
375,farmstead
376,farmsteading
377,farmyard
378,farness
379,faro
380,faroese
381,farraginous
382,farrago
383,farrand
384,farreation
385,farrier
386,farriery
387,farrow
388,farrowed
389,farrowing
390,farfow
391,farry
392,farse
393,farseeing
394,farsighted
395,farsightedness
396,farstretched
397,farther
398,fartherance
399,farthermore
400,farthermost
401,farthest
402,farthing
403,farthingale
404,fasces
405,fascet
406,fasciae
407,fascia
408,fascial
409,fasciate
410,fasciated
411,fasciation
412,fascicle
413,fascicled
414,fascicular
415,fascicularly
416,fasciculate
417,fasciculated
418,fasciculi
419,fasciculus
420,fascinated
421,fascinating
422,fascinate
423,fascination
424,fascine
425,fascinous
426,fasciolae
427,fasciola
428,fasciole
429,fashed
430,fashing
431,fash
432,fashion
433,fashioned
434,fashioning
435,fashionable
436,fashionableness
437,fashionably
438,fashioner
439,fashionist
440,fashionless
441,fassaite
442,fasted
443,fasting
444,fast
445,fastened
446,fastening
447,fasten
448,fastener
449,faster
450,fasti
451,fastidiosity
452,fastidious
453,fastigiate
454,fastigiated
455,fastish
456,fastly
457,fastness
458,fastuous
459,fat
460,fatted
461,atting
462,fatal
463,fatalism
464,fatalist
465,fatalistic
466,fatalities
467,fatality
468,fatally
469,fatalness
470,fatback
471,fate
472,fated
473,fateful
474,fathead
475,father
476,fathered
477,fathering
478,fatherhood
479,fatherland
480,fatherless
481,fatherlessness
482,fatherliness
483,fatherly
484,fathership
485,fathom
486,fathomed
487,fathoming
488,fathomable
489,fathomer
490,fathomless
491,fatidical
492,fatiferous
493,fatigable
494,fatigate
495,fatigation
496,fatigue
497,fatigued
498,fatiguing
499,fatiloquent
500,fatiloquist
501,fatimite
502,fatimide
503,fatiscence
504,fatling
505,fatly
506,fatner
507,fatness
508,fattened
509,fattining
510,fatten
511,fattener
512,fattiness
513,fattish
514,fatty
515,fatuitous
516,fatuity
517,fatuous
518,faubourg
519,faucal
520,fauces
521,faucet
522,fauchion
523,faucial
524,faugh
525,faulchion
526,faulcon
527,fauld
528,faule
529,fault
530,faulted
531,faulting
532,faulter
533,faultful
534,faultily
535,faultiness
536,faultless
537,faulty
538,faun
539,fauna
540,faunal
541,faunist
542,fauni
543,faunus
544,fausen
545,fauteuil
546,fautor
547,fautress
548,fauvette
549,faux
550,favaginous
551,favas
552,favel
553,favella
554,faveolate
555,favillous
556,favonian
557,favor
558,favored
559,favoring
560,favorable
561,favoredly
562,favoredness
563,favorer
564,favoress
565,favorite
566,favoritism
567,favorless
568,favose
569,favosite
570,favosites
571,favus
572,fawe
573,fawkner
574,fawn
575,fawned
576,fawning
577,fawner
578,fawningly
579,faxed
580,fay
581,fayed
582,faying
583,fayalite
584,fayence
585,faytour
586,faze
587,fazzolet
588,feaberry
589,feague
590,feal
591,fealty
592,fear
593,feared
594,fearing
595,fearer
596,fearful
597,fearfully
598,fearfulness
599,fearless
600,fearnaught
601,fearsome
602,feasibilities
603,feasibility
604,feasible
605,feast
606,feasted
607,feasting
608,feaster
609,feastful
610,feat
611,feateous
612,feather
613,feathered
614,feathering.
615,featherness
616,feathering
617,featherless
618,featherly
619,feathery
620,featly
621,featness
622,feature
623,featured
624,featureless
625,featurely
626,feazed
627,feazing
628,feaze
629,feazings
630,febricitate
631,febriculose
632,febrifacient
633,febriferous
634,febrific
635,febrifugal
636,febrifuge
637,febrile
638,february
639,februation
640,fecal
641,fecche
642,feces
643,fecial
644,fecifork
645,feckless
646,fecks
647,feculae
648,fecula
649,feculence
650,feculency
651,feculent
652,fecund
653,fecundated
654,fecundating
655,fecundate
656,fecundation
657,fecundify
658,fecundity
659,fed
660,fedary
661,federal
662,federalism
663,federalist
664,federalized
665,federalizing
666,federalize
667,federary
668,federate
669,federation
670,federative
671,fedity
672,fee
673,feed
674,feeing
675,feeble
676,feebleness
677,feebly
678,feeding
679,feeder
680,feejee
681,felt
682,feeling
683,feel
684,feeler
685,feelingly
686,feere
687,feese
688,feet
689,feetless
690,feeze
691,fehling
692,fehmic
693,feigned
694,feigning
695,feign
696,feigner
697,feine
698,feint
699,feitsui
700,feize
701,felanders
702,feldspar
703,feldspath
704,feldspathic
705,feldspathose
706,fele
707,felicitate
708,felicitated
709,felicitating
710,felicitation
711,felicitous
712,felicities
713,felicity
714,feline
715,felis
716,felled
717,felling
718,fellable
719,fellahin
720,fellahs
721,fellah
722,feller
723,felltare
724,fellinic
725,fellmonger
726,fellness
727,felloe
728,fellon
729,fellow
730,fellowfeel
731,fellowless
732,fellowlike
733,fellowly
734,fellowship
735,fellowshiped
736,fellowshiping
737,felly
738,fellies
739,felon
740,felonious
741,felonous
742,felonry
743,felonwort
744,felonies
745,felony
746,felsite
747,felsitic
748,felspar
749,felspath
750,felspathic
751,felstone
752,felted
753,felting
754,felter
755,feltry
756,felucca
757,felwort
758,female
759,femalist
760,femalize
761,feme
762,femeral
763,femerell
764,feminal
765,feminality
766,feminate
767,femineity
768,feminine
769,femininely
770,feminineness
771,femininity
772,feminity
773,feminization
774,feminize
775,feminye
776,femme
777,femoral
778,femora
779,femur
780,fen
781,fence
782,fencing
783,fenceful
784,fenceless
785,fencer
786,fencible
787,fend
788,fended
789,fending
790,fender
791,fendliche
792,fenerate
793,feneration
794,fenestrae
795,fenestra
796,fenestral
797,fenestrate
798,fenestrated
799,fenestration
800,fenestrule
801,fengite
802,fenian
803,fenianism
804,fenks
805,fennec
806,fennel
807,fennish
808,fenny
809,fenowed
810,fenugreek
811,feod
812,feodal
813,feodality
814,feodary
815,feodatory
816,feoffed
817,feoffing
818,feoff
819,feoffee
820,feoffment
821,feofor
822,feoffer
823,fer
824,feracious
825,feracity
826,ferae
827,feral
828,ferde
829,ferding
830,ferdness
831,fere
832,feretory
833,ferforth
834,ferforthly
835,fergusonite
836,feriae
837,feria
838,ferial
839,feriation
840,ferie
841,ferier
842,ferine
843,feringee
844,ferity
845,ferly
846,fermacy
847,ferm
848,ferme
849,ferment
850,fermented
851,fermenting
852,fermentability
853,fermentable
854,fermental
855,fermentation
856,fermentative
857,fermerere
858,fermillet
859,fern
860,fernery
861,fernticle
862,ferny
863,ferocious
864,ferocity
865,feroher
866,ferous
867,ferrandine
868,ferrara
869,ferrarese
870,ferrary
871,ferrate
872,ferre
873,ferrer
874,ferreous
875,ferrest
876,ferret
877,ferreted
878,ferreting
879,ferreter
880,ferretto
881,ferriage
882,ferric
883,ferricyanate
884,ferricyanic
885,ferricyanide
886,ferrier
887,ferriferous
888,ferriprussiate
889,ferriprussic
890,ferrocalcite
891,ferrocyanate
892,ferrocyanic
893,ferrocyanide
894,ferroprussiate
895,ferroprussic
896,ferrotype
897,ferrous
898,ferruginated
899,ferrugineous
900,ferruginous
901,ferrugo
902,ferrule
903,ferruminate
904,ferrumination
905,ferried
906,ferrying
907,ferry
908,ferries
909,ferryboat
910,ferrymen
911,ferryman
912,fers
913,ferthe
914,fertile
915,fertilely
916,fertileness
917,fertilitate
918,fertility
919,fertilization
920,fertilized
921,fertilizing
922,fertilize
923,fertilizer
924,ferula
925,ferulaceous
926,ferular
927,ferule
928,feruled
929,feruling
930,ferulic
931,fervence
932,fervency
933,fervent
934,fervescent
935,fervid
936,fervor
937,fescennine
938,fescue
939,fescued
940,fescuing
941,fesels
942,fess
943,fesse
944,fessitude
945,fesswise
946,fest
947,feste
948,festal
949,festally
950,festennine
951,festered
952,festering
953,fester
954,festerment
955,festeye
956,festinate
957,festination
958,festival
959,festive
960,festivities
961,festivity
962,festivous
963,festlich
964,festoon
965,festooned
966,festooning
967,festoony
968,festucine
969,festucous
970,festue
971,fet
972,fetal
973,fetation
974,fetched
975,fetching
976,fetch
977,fethcer
978,fete
979,feted
980,feting
981,fetich
982,fetish
983,fetichism
984,fetishism
985,fetichist
986,fetishist
987,fetichistic
988,fetishistic
989,feticide
990,feticism
991,fetid
992,fetidity
993,fetidness
994,fetiferous
995,fetis
996,fetisely
997,fetlock
998,fetor
999,fette
1000,fetters
1001,fetter
1002,fettered
1003,fetterer
1004,fetterless
1005,fettle
1006,fettling
1007,fetuous
1008,fetuses
1009,fetus
1010,fetwah
1011,feu
1012,feuar
1013,feud
1014,feudal
1015,feudalism
1016,feudalist
1017,feudality
1018,fedaliza/tion
1019,feudalized
1020,feudalizing
1021,feudalize
1022,feudally
1023,feudary
1024,feudataty
1025,feudatories
1026,feudatory
1027,feudtory
1028,feudist
1029,feuillants
1030,feuillemort
1031,feuilleton
1032,feuilltonist
1033,feuter
1034,feuterer
1035,fever
1036,fevered
1037,fevering
1038,feveret
1039,feverfew
1040,feverish
1041,feverous
1042,feverously
1043,feverwort
1044,fevery
1045,few
1046,fewel
1047,fewmet
1048,fewness
1049,fey
1050,feyne
1051,feyre
1052,fez
1053,fiacre
1054,fiance
1055,fiancee
1056,fiants
1057,fiar
1058,fiascoes
1059,fiasco
1060,fiat
1061,fiaunt
1062,fib
1063,fibbed
1064,fibbing
1065,fibber
1066,fiber
1067,fibre
1068,fibered
1069,fibred
1070,fiberless
1071,fibreless
1072,fibriform
1073,fibril
1074,fibrillae
1075,fibrilla
1076,fibrillar
1077,fibrillary
1078,fibrillated
1079,fibrillation
1080,fibrillose
1081,fibrillous
1082,fibrin
1083,fibrination
1084,fibrine
1085,fibrinogen
1086,fibrinogenous
1087,fibrinoplastic
1088,fibrinoplastin
1089,fibrinous
1090,fibrocartilage
1091,fibrochondrosteal
1092,fibroid
1093,fibroin
1094,fibrolite
1095,fibroma
1096,fibrospongiae
1097,fibrous
1098,fibrovascular
1099,fibster
1100,fibulae
1101,fibula
1102,fibularia
1103,fibulare
1104,fice
1105,fiche
1106,ficttelite
1107,fichu
1108,fickle
1109,fickleness
1110,fickly
1111,ficoes
1112,fico
1113,fictile
1114,fiction
1115,fictional
1116,fictionist
1117,fictious
1118,fictitious
1119,fictive
1120,fictor
1121,ficus
1122,fid
1123,fidalgo
1124,fiddle
1125,fiddled
1126,fiddling
1127,fiddledeedee
1128,fiddler
1129,fiddlestick
1130,fiddlestring
1131,fiddlewood
1132,fidejussion
1133,fidejussor
1134,fidelity
1135,fides
1136,fidge
1137,fidgeted
1138,fodgeting
1139,fidget
1140,fidgetiness
1141,fidgety
1142,fidia
1143,fidicinal
1144,fiducial
1145,fiducially
1146,fidiciary
1147,fiduciary
1148,fie
1149,fief
1150,field
1151,fielded
1152,fielding
1153,fielden
1154,fielder
1155,fieldfare
1156,fieldpiece
1157,fieldwork
1158,fieldy
1159,fiend
1160,fiendful
1161,fiendish
1162,fiendlike
1163,fiendly
1164,fierasfer
1165,fierce
1166,fieriness
1167,fiery
1168,fife
1169,fifed
1170,fifing
1171,fifer
1172,fifteen
1173,fifteenth
1174,fifth
1175,fifthly
1176,fiftieth
1177,fifty
1178,fifties
1179,fig
1180,figaro
1181,figary
1182,figeater
1183,figent
1184,figgum
1185,fought
1186,fighting
1187,fight
1188,fighter
1189,fightingly
1190,fightwite
1191,figment
1192,pigpecker
1193,figulate
1194,figulated
1195,figuline
1196,figurability
1197,figurable
1198,figural
1199,figurant
1200,figurante
1201,figurate
1202,figurated
1203,figurately
1204,figuration
1205,figurative
1206,figure
1207,figured
1208,figuring
1209,figurehead
1210,figurial
1211,figurine
1212,figurist
1213,figwort
1214,fijian
1215,fike
1216,fil
1217,filaceous
1218,filacer
1219,filament
1220,filamentary
1221,filametoid
1222,filamentous
1223,filander
1224,filanders
1225,filar
1226,filaria
1227,filatory
1228,filature
1229,filbert
1230,filched
1231,filching
1232,filch
1233,filcher
1234,filchingly
1235,file
1236,filed
1237,filing
1238,filefish
1239,filemot
1240,filer
1241,filial
1242,filially
1243,filiate
1244,filiation
1245,filibeg
1246,filibuster
1247,fillibustered
1248,filibustering
1249,filibusterism
1250,filical
1251,filicic
1252,filicide
1253,filiciform
1254,filicoid
1255,filiety
1256,filiferous
1257,filiform
1258,filigrain
1259,filigrane
1260,filigraned
1261,filigree
1262,filigreed
1263,filipendulous
1264,fill
1265,filled
1266,filling
1267,filler
1268,fillet
1269,filleted
1270,filleting
1271,fillibeg
1272,fillibuster
1273,filliped
1274,filliping
1275,fillip
1276,fillipeen
1277,fillister
1278,fillies
1279,filly
1280,film
1281,filminess
1282,filmy
1283,filoplumaceous
1284,filoplume
1285,filose
1286,filter
1287,filtered
1288,filtering
1289,filth
1290,filthily
1291,filthiness
1292,filthy
1293,filtrated
1294,filtrating
1295,filtrate
1296,filtration
1297,finble
1298,fimbriae
1299,fimbria
1300,fimbriate
1301,fimbriated
1302,fimbriating
1303,fimbricate
1304,finned
1305,finning
1306,fin
1307,finable
1308,final
1309,finale
1310,finalities
1311,finality
1312,finally
1313,finance
1314,financial
1315,financialist
1316,financially
1317,financier
1318,financiered
1319,financiering
1320,finary
1321,finative
1322,finback
1323,fishes
1324,finch
1325,finchbacked
1326,finched
1327,found
1328,finding
1329,find
1330,findable
1331,finder
1332,findfault
1333,findfaulting
1334,findy
1335,fine
1336,fined
1337,fining
1338,finedrawn
1339,finedrawing
1340,finedraw
1341,finedrawer
1342,fineer
1343,fineless
1344,finely
1345,fineness
1346,finer
1347,finery
1348,finespun
1349,finesse
1350,finessed
1351,finessing
1352,finestill
1353,finestiller
1354,finew
1355,finfish
1356,finfoot
1357,finger
1358,fingered
1359,fingering
1360,fingerer
1361,fingerling
1362,fingrigos
1363,fingrigo
1364,finial
1365,finical
1366,finicality
1367,finicking
1368,finicky
1369,finific
1370,finify
1371,finikin
1372,finis
1373,finished
1374,finishing
1375,finish
1376,finisher
1377,finite
1378,finiteless
1379,finitely
1380,finiteness
1381,finitude
1382,finlander
1383,finless
1384,finlet
1385,finlike
1386,finn
1387,finner
1388,finnic
1389,finnikin
1390,finnish
1391,finns
1392,finny
1393,finochio
1394,finos
1395,finpike
1396,fint
1397,fiord
1398,fiorin
1399,fiorite
1400,fioriture
1401,fipple
1402,fir
1403,fire
1404,fired
1405,fring
1406,firearm
1407,fireback
1408,fireball
1409,firebare
1410,firebird
1411,fireboard
1412,firebote
1413,firebrand
1414,firecracker
1415,firecrest
1416,firedog
1417,firedrake
1418,firefish
1419,fireflaire
1420,fireflame
1421,fireflies
1422,firefly
1423,fireless
1424,firelock
1425,firemen
1426,fireman
1427,fireplace
1428,fireproof
1429,fireprrofing
1430,firer
1431,fireside
1432,firestone
1433,firetail
1434,firewarden
1435,fireweed
1436,firewood
1437,firework
1438,fireworm
1439,firing
1440,firk
1441,firkin
1442,firlot
1443,firm
1444,firmament
1445,firmamental
1446,firmans
1447,firman
1448,firmitude
1449,firmity
1450,firmless
1451,firmly
1452,firmness
1453,firms
1454,firring
1455,firry
1456,first
1457,firstborn
1458,firstling
1459,firstly
1460,firth
1461,fisc
1462,fiscal
1463,fisetic
1464,fisetin
1465,fish
1466,fished
1467,fishing
1468,fisher
1469,fishermen
1470,fisherman
1471,fisheries
1472,fishery
1473,fishful
1474,fishgig
1475,fishhawk
1476,fishhook
1477,fishify
1478,fishiness
1479,fishlike
1480,fishmonger
1481,fishskin
1482,fishwife
1483,fishwomen
1484,fishwoman
1485,fishy
1486,fisk
1487,fissigemmation
1488,fissile
1489,fissilingual
1490,fissilinguia
1491,fissility
1492,fission
1493,fissipalmate
1494,fissipara
1495,fissiparism
1496,fissiparity
1497,fissiparous
1498,fissipation
1499,fissiped
1500,fissipedal
1501,fissipedia
1502,fissirostral
1503,fissirostres
1504,fissural
1505,fissuration
1506,fissure
1507,fissurella
1508,fist
1509,fisted
1510,fisting
1511,fistic
1512,fisticuff
1513,fistinut
1514,fistuca
1515,fistulae
1516,fistula
1517,fistular
1518,fistularia
1519,fistularioid
1520,fistulate
1521,fistule
1522,fistuliform
1523,fistulose
1524,fistulous
1525,fit
1526,fitted
1527,fitting
1528,fitches
1529,fitch
1530,fitche
1531,fitched
1532,fitchet
1533,fitchew
1534,fitchy
1535,fitful
1536,fithel
1537,fithul
1538,fitly
1539,fitment
1540,fitness
1541,fitt
1542,fittable
1543,fittedness
1544,fitter
1545,fitweed
1546,fitz
1547,five
1548,fivefold
1549,fiveling
1550,fives
1551,fix
1552,fixed
1553,fixing
1554,fixable
1555,fixation
1556,fixative
1557,fixedly
1558,fixedness
1559,fixidity
1560,fixity
1561,fixture
1562,fixure
1563,fizgig
1564,fizzed
1565,fizzing
1566,fizz
1567,fizzled
1568,fizzling
1569,fizzle
1570,fjord
1571,flabbergast
1572,flabbergastation
1573,flabbily
1574,flabbiness
1575,flabby
1576,flabel
1577,flabellate
1578,flabellation
1579,flabelliform
1580,flabellinerved
1581,flabellum
1582,flabile
1583,flaccid
1584,flaccidity
1585,flacker
1586,flacket
1587,flagged
1588,flagging
1589,flag
1590,flagellant
1591,flagellata
1592,flagellated
1593,flagellating
1594,flagellate
1595,flagellation
1596,flagellator
1597,flagelliform
1598,flagellums
1599,flagella
1600,flagellum
1601,flageolet
1602,flagginess
1603,flaggy
1604,flagitate
1605,flagitation
1606,flagitious
1607,flagmen
1608,flagman
1609,flagon
1610,flagrance
1611,flagrancies
1612,flagrancy
1613,flagrant
1614,flagrantly
1615,flagrate
1616,flagration
1617,flagship
1618,flagstaff
1619,flagstone
1620,flagworm
1621,flail
1622,flaily
1623,flain
1624,flake
1625,flaked
1626,flaking
1627,flakiness
1628,flaky
1629,flam
1630,flammed
1631,flamming
1632,flambeaux
1633,flambeaus
1634,flambeau
1635,flamboyant
1636,flamboyer
1637,flame
1638,flamed
1639,flaming
1640,flameless
1641,flamelet
1642,flammens
1643,flamines
1644,flamen
1645,flamineous
1646,flamingly
1647,flamingoes
1648,flamingo
1649,flaminical
1650,flammability
1651,flammable
1652,flammation
1653,flammeous
1654,flammiferous
1655,flammivomous
1656,flammulated
1657,flamy
1658,flanches
1659,flanch
1660,flanched
1661,flanconade
1662,flaneur
1663,flang
1664,flange
1665,flanged
1666,flanging
1667,flank
1668,flanked
1669,flanking
1670,flanker
1671,flankered
1672,flankering
1673,flannel
1674,flanneled
1675,flannen
1676,flap
1677,flapped
1678,flapping
1679,flapdragon
1680,flapjack
1681,flapper
1682,flared
1683,flaring
1684,flare
1685,flaringly
1686,flashed
1687,flashing
1688,flash
1689,flashes
1690,flashboard
1691,flasher
1692,flashily
1693,flashiness
1694,flashy
1695,flask
1696,flasket
1697,flat
1698,flatted
1699,flatting
1700,flatbill
1701,flatboat
1702,flatfish
1703,flathead
1704,flatiron
1705,flative
1706,flating
1707,flatlong
1708,flatly
1709,flatness
1710,flatour
1711,flattened
1712,flattening
1713,flatten
1714,flatter
1715,flattered
1716,flattering
1717,flatterer
1718,flatteringly
1719,flatteries
1720,flattery
1721,flattish
1722,flatulence
1723,flatlency
1724,flatulent
1725,flatulently
1726,flatuosity
1727,flatuous
1728,flatuses
1729,flatus
1730,flatware
1731,flatwise
1732,flatworm
1733,flaundrish
1734,flaunted
1735,flaunting
1736,flaunt
1737,flauntingly
1738,flautist
1739,flauto
1740,flavaniline
1741,flavescent
1742,flavicomous
1743,flavin
1744,flavine
1745,flavol
1746,flavor
1747,flavored
1748,flavoring
1749,flavorles
1750,flavorous
1751,flavous
1752,flaw
1753,flawed
1754,flawing
1755,flawless
1756,flawn
1757,flawter
1758,flawy
1759,flax
1760,flaxen
1761,flaxseed
1762,flaxweed
1763,flaxy
1764,flayed
1765,flaying
1766,flay
1767,flayer
1768,flea
1769,fleabane
1770,fleagh
1771,fleak
1772,fleaking
1773,fleam
1774,fleamy
1775,flear
1776,fleawort
1777,fleche
1778,fleck
1779,flecked
1780,flecking
1781,flecker
1782,fleckless
1783,flection
1784,flectional
1785,flector
1786,fled
1787,fledge
1788,fledged
1789,fledging
1790,fledgeling
1791,fleeing
1792,flee
1793,fleece
1794,fleeced
1795,fleecing
1796,fleeceless
1797,fleecer
1798,fleecy
1799,fleen
1800,fleer
1801,fleered
1802,fleering
1803,fleerer
1804,fleeringly
1805,fleeted
1806,fleeting
1807,fleet
1808,fleeten
1809,fleetingly
1810,fleetings
1811,fleetly
1812,fleetness
1813,fleigh
1814,fleme
1815,flemer
1816,fleming
1817,flemish
1818,flench
1819,flense
1820,flesh
1821,fleshed
1822,fleshing
1823,flesher
1824,fleshhood
1825,fleshiness
1826,fleshings
1827,fleshless
1828,fleshliness
1829,fleshly
1830,fleshment
1831,fleshmonger
1832,fleshpot
1833,fleshquake
1834,fleshy
1835,flet
1836,fletched
1837,fletching
1838,fletch
1839,fletcher
1840,flete
1841,fletiferous
1842,fleury
1843,flew
1844,flewed
1845,flews
1846,flexed
1847,flexing
1848,flex
1849,flexanimous
1850,flexibility
1851,flexible
1852,flexicostate
1853,flexile
1854,flexion
1855,flexor
1856,flexuose
1857,flexuous
1858,flexural
1859,flexure
1860,flibbergib
1861,flibbertigibbet
1862,flibustier
1863,flicked
1864,flicking
1865,flick
1866,flickered
1867,flickering
1868,flicker
1869,flickeringly
1870,flickermouse
1871,flidge
1872,flier
1873,flight
1874,flighted
1875,flighter
1876,flightily
1877,flightiness
1878,flighty
1879,flimflam
1880,flimsily
1881,flimsiness
1882,flimsy
1883,flinched
1884,flinching
1885,flinch
1886,flincher
1887,flinchingly
1888,flindermouse
1889,flinders
1890,flung
1891,flinging
1892,fling
1893,flingdust
1894,flinger
1895,flint
1896,flintiness
1897,flintlock
1898,flintware
1899,flintwood
1900,flinty
1901,flip
1902,flipped
1903,flipping
1904,flipe
1905,flippancy
1906,flippant
1907,flippantly
1908,flippantness
1909,flipper
1910,flirted
1911,flirting
1912,flirt
1913,flirtation
1914,flirtigig
1915,flirtingly
1916,flisk
1917,flitted
1918,flitting
1919,flit
1920,flitches
1921,flitch
1922,flite
1923,flitter
1924,flittermouse
1925,flittern
1926,flittiness
1927,flittingly
1928,flitty
1929,flix
1930,flon
1931,flo
1932,float
1933,floated
1934,floating
1935,floatable
1936,floatage
1937,floatation
1938,floater
1939,floatingly
1940,floaty
1941,flobert
1942,floccillation
1943,floccose
1944,floccular
1945,flocculated
1946,flocculating
1947,flocculate
1948,flocculation
1949,flocculence
1950,flocculent
1951,flocculi
1952,flocculus
1953,flocci
1954,floccus
1955,flock
1956,flocked
1957,flocking
1958,flockling
1959,flockly
1960,flockmel
1961,flocky
1962,floe
1963,flogged
1964,flogging
1965,flog
1966,flogger
1967,flong
1968,flood
1969,flooded
1970,flooding
1971,floodage
1972,flooder
1973,flook
1974,flookan
1975,flukan
1976,flooky
1977,floor
1978,floored
1979,flooring
1980,floorage
1981,floorer
1982,floorheads
1983,floorless
1984,floorwalker
1985,flopped
1986,flopping
1987,flop
1988,floppy
1989,flopwing
1990,flora
1991,floral
1992,florally
1993,floramour
1994,floran
1995,floreal
1996,floren
1997,florence
1998,florentine
1999,florescence
2000,florescent
2001,floret
2002,floriage
2003,floriated
2004,floricomous
2005,floricultural
2006,floriculture
2007,floriculturist
2008,florid
2009,florideae
2010,floridity
2011,floridly
2012,floridness
2013,floriferous
2014,florification
2015,floriform
2016,floriken
2017,florilege
2018,florimer
2019,florin
2020,florist
2021,floroon
2022,florulent
2023,floscular
2024,floscularian
2025,floscule
2026,flosculous
2027,flosh
2028,floss
2029,flossification
2030,flossy
2031,flota
2032,flotage
2033,flotant
2034,flotation
2035,flote
2036,flotery
2037,flotilla
2038,flotsam
2039,flotson
2040,flotten
2041,flounced
2042,flouncing
2043,flounce
2044,flounder
2045,floundered
2046,floundering
2047,flour
2048,floured
2049,flouring
2050,flourished
2051,flourishing
2052,flourish
2053,flourishes
2054,flourisher
2055,flourishingly
2056,floury
2057,flouted
2058,flouting
2059,flout
2060,flouter
2061,floutingly
2062,flow
2063,flowed
2064,flowing
2065,flowage
2066,flowen
2067,flower
2068,flowered
2069,flowering
2070,flowerage
2071,flowerer
2072,floweret
2073,flowerful
2074,floweriness
2075,flowerless
2076,flowerlessness
2077,flowerpot
2078,flowery
2079,flowingly
2080,flowingness
2081,flowk
2082,flown
2083,floyte
2084,fluate
2085,fluavil
2086,flucan
2087,fluctiferous
2088,fluctisonous
2089,fluctuability
2090,fluctuant
2091,fluctuated
2092,fluctuating
2093,fluctuate
2094,fluctuation
2095,flue
2096,fluence
2097,fluency
2098,fluent
2099,fluently
2100,fluentness
2101,fluework
2102,fluey
2103,fluff
2104,fluffy
2105,flugel
2106,flugelman
2107,fluid
2108,fluidal
2109,fluinity
2110,fluidized
2111,fluidizing
2112,fluidize
2113,fluidness
2114,fluidounce
2115,fluidrachm
2116,fluke
2117,flukeworm
2118,fluky
2119,flume
2120,fluminous
2121,flummery
2122,flunked
2123,flunking
2124,flunk
2125,flunkies
2126,flunky
2127,flunkydom
2128,flunlyism
2129,fluoborate
2130,fluoboric
2131,fluoboride
2132,fluocerine
2133,fluocerite
2134,fluohydric
2135,fluophosphate
2136,fluor
2137,fluoranthene
2138,fluorated
2139,fluorene
2140,fluorescein
2141,fluorescence
2142,fluorescent
2143,fluorescin
2144,fluoric
2145,fluoride
2146,fluorine
2147,fluorite
2148,fluoroid
2149,fluoroscope
2150,fluorous
2151,fluosilicate
2152,fluosilicic
2153,flurried
2154,flurries
2155,flurry
2156,flurrying
2157,flurt
2158,flushed
2159,flushing
2160,flush
2161,flushboard
2162,flusher
2163,flushingly
2164,flushness
2165,flustered
2166,flustering
2167,fluster
2168,flusteration
2169,flustrate
2170,flustration
2171,flute
2172,fluted
2173,fluting
2174,flutemouth
2175,fluter
2176,flutist
2177,flutter
2178,flutterer
2179,flutteringly
2180,fluty
2181,fluvial
2182,fluvialist
2183,fluviatic
2184,fluviatile
2185,flux
2186,fluxed
2187,fluxing
2188,fluxation
2189,fluxibility
2190,fluxible
2191,fluxile
2192,fluxility
2193,fluxion
2194,fluxional
2195,fluxionary
2196,fluxionist
2197,fluxions
2198,fluxive
2199,fluxure
2200,flying
2201,fly
2202,flies
2203,flybane
2204,flyblow
2205,flyblown
2206,flyboat
2207,flycatcher
2208,flyer
2209,flyfish
2210,flymen
2211,flyman
2212,flysch
2213,flyspeck
2214,flytrap
2215,fnese
2216,fo
2217,foal
2218,foaled
2219,foaling
2220,foalfoot
2221,foam
2222,foamed
2223,foaming
2224,foamingly
2225,foamless
2226,foamy
2227,fob
2228,fobbed
2229,fobbing
2230,focal
2231,focalization
2232,focalized
2233,focalizing
2234,focalize
2235,focillate
2236,focillation
2237,focimeter
2238,focuses
2239,foci
2240,focus
2241,focused
2242,focusing
2243,fodder
2244,foddered
2245,foddering
2246,fodderer
2247,fodient
2248,fodientia
2249,foe
2250,foehood
2251,foemen
2252,foeman
2253,foetal
2254,foetation
2255,foeticide
2256,foetor
2257,foetus
2258,fog
2259,fogged
2260,fogging
2261,foge
2262,foggily
2263,fogginess
2264,foggy
2265,fogie
2266,fogless
2267,fogies
2268,fogy
2269,fogyism
2270,foh
2271,fohist
2272,foible
2273,foiled
2274,foiling
2275,foil
2276,foilable
2277,foiler
2278,foin
2279,foinery
2280,foiningly
2281,foison
2282,foist
2283,foisted
2284,foisting
2285,foister
2286,foistied
2287,foistiness
2288,foisty
2289,folded
2290,folding
2291,fold
2292,foldage
2293,folder
2294,folderol
2295,foldless
2296,foliaceous
2297,foliage
2298,foliaged
2299,foliar
2300,foliate
2301,foliated
2302,foliating
2303,foliation
2304,foliature
2305,folier
2306,foliferous
2307,folily
2308,folios
2309,folio
2310,foliole
2311,foliomort
2312,foliose
2313,foliosity
2314,folious
2315,foliums
2316,folia
2317,folium
2318,folk
2319,folks
2320,folkland
2321,folklore
2322,folkmote
2323,folkmoter
2324,follicle
2325,follicular
2326,folliculated
2327,folliculous
2328,folliful
2329,followed
2330,following
2331,follow
2332,follower
2333,follies
2334,folly
2335,folwe
2336,fomalhaut
2337,fomented
2338,fomenting
2339,foment
2340,fomentation
2341,fomenter
2342,fomites
2343,fomes
2344,fon
2345,fond
2346,fonde
2347,fondled
2348,fondling
2349,fondle
2350,fondler
2351,fondly
2352,fondness
2353,fondon
2354,fondus
2355,fone
2356,fonge
2357,fonly
2358,fonne
2359,font
2360,fontal
2361,fontanel
2362,fontanelle
2363,fontange
2364,food
2365,foodful
2366,foodless
2367,foody
2368,fool
2369,fooled
2370,fooling
2371,foolahs
2372,fooleries
2373,foolery
2374,foolfish
2375,foolhardihood
2376,foolhardily
2377,foolhardiness
2378,foolhardise
2379,foolhardy
2380,foolify
2381,foolish
2382,foolishly
2383,foolishness
2384,foolscap
2385,foot
2386,footed
2387,footing
2388,football
2389,footband
2390,footbath
2391,footboard
2392,footboy
2393,footbreadth
2394,footbridge
2395,footcloth
2396,footfall
2397,footfight
2398,footglove
2399,foothalt
2400,foothill
2401,foothold
2402,foothook
2403,foothot
2404,footless
2405,footlicker
2406,footlight
2407,footmen
2408,footman
2409,footmanship
2410,footmark
2411,footnote
2412,footpace
2413,footpad
2414,footpaths
2415,footpath
2416,footplate
2417,footprint
2418,footrope
2419,foots
2420,footstalk
2421,footstall
2422,footstep
2423,footstone
2424,footstool
2425,footway
2426,footworn
2427,footy
2428,fop
2429,fopling
2430,fopperies
2431,foppery
2432,foppish
2433,for
2434,forage
2435,foraged
2436,foraging
2437,forager
2438,foralite
2439,foramina
2440,foramines
2441,foramen
2442,foraminated
2443,foraminifer
2444,foraminifera
2445,foraminiferous
2446,foraminous
2447,forasmuch
2448,foray
2449,forayer
2450,forbade
2451,forbathe
2452,forbear
2453,forbore
2454,forbare
2455,forborne
2456,forbearing
2457,forbearance
2458,forbearant
2459,forbearer
2460,forbidden
2461,forbid
2462,forbidding
2463,forbiddance
2464,forbiddenly
2465,forbidder
2466,forblack
2467,forboden
2468,forbruise
2469,forby
2470,forcarve
2471,force
2472,forced
2473,forcing
2474,forceful
2475,forceless
2476,forcemeat
2477,forcement
2478,forceps
2479,forcer
2480,forcible
2481,forcibleness
2482,forcibly
2483,forcipal
2484,forcipate
2485,forcipated
2486,forcipation
2487,forcut
2488,ford
2489,forded
2490,fording
2491,fordable
2492,fordless
2493,fordo
2494,fordone
2495,fordrive
2496,fordrunken
2497,fordry
2498,fordwine
2499,fore
2500,foreadmonish
2501,foreadvise
2502,forealleged
2503,forealleging
2504,foreallege
2505,foreappoint
2506,foreappointment
2507,forearm
2508,forebeam
2509,forebear
2510,foreboded
2511,foreboding
2512,forebode
2513,forebodement
2514,foreboder
2515,forebodingly
2516,forebrace
2517,forebrain
2518,foreby
2519,forecast
2520,forecaster
2521,forecastle
2522,forechosen
2523,forecited
2524,foreclosed
2525,foreclosing
2526,foreclose
2527,foreclosure
2528,foreconceive
2529,foredate
2530,foredeck
2531,foredeem
2532,foredesign
2533,foredetermine
2534,foredispose
2535,foredoom
2536,forefather
2537,forefeel
2538,forefence
2539,forefend
2540,forefinger
2541,foreflow
2542,forefoot
2543,foreefront
2544,foregame
2545,foreganger
2546,foregather
2547,foregift
2548,foregleam
2549,foregone
2550,foregoing
2551,forego
2552,foregoer
2553,foreground
2554,foreguess
2555,foregut
2556,forehand
2557,forehanded
2558,forehead
2559,forehear
2560,forehearth
2561,forehend
2562,forehew
2563,forehold
2564,foreholding
2565,forehook
2566,foreign
2567,foreigner
2568,foreignism
2569,foreignness
2570,forein
2571,forejudge
2572,forejudger
2573,forejudgment
2574,foreknew
2575,foreknown
2576,foreknowing
2577,foreknow
2578,foreknower
2579,foreknowingly
2580,foreknowledge
2581,forel
2582,foreland
2583,forelay
2584,foreleader
2585,forelend
2586,forelet
2587,forelie
2588,forelift
2589,forelock
2590,forelook
2591,foremen
2592,foreman
2593,foremast
2594,foremeant
2595,forementioned
2596,foremilk
2597,foremost
2598,foremostly
2599,foremother
2600,forename
2601,forenamed
2602,forenenst
2603,forenoon
2604,forenotice
2605,forensal
2606,forensic
2607,forensical
2608,foreordain
2609,foreordinate
2610,foreordination
2611,forepart
2612,forepast
2613,forepossessed
2614,foreprize
2615,forepromised
2616,forequoted
2617,foreran
2618,forerank
2619,forereach
2620,foreread
2621,forerecited
2622,foreremembered
2623,foreright
2624,forerun
2625,forerunner
2626,foresaid
2627,foresail
2628,foresay
2629,foresee
2630,foreseen
2631,foreseer
2632,foreseize
2633,foreshadow
2634,foreshew
2635,foreship
2636,foreshorten
2637,foreshortening
2638,foreshot
2639,foreshow
2640,foreshower
2641,foreside
2642,foresight
2643,foresighted
2644,foresightful
2645,foresignify
2646,foreskin
2647,foreskirt
2648,foreslack
2649,foresleeve
2650,foreslow
2651,forespeak
2652,forespeaking
2653,forespeech
2654,forespent
2655,forespurrer
2656,forest
2657,forestaff
2658,forestage
2659,forestal
2660,forestalled
2661,forestalling
2662,forestall
2663,forestaller
2664,forestay
2665,forester
2666,forestick
2667,forestry
2668,foreswart
2669,foretaste
2670,foretaster
2671,foreteach
2672,foretold
2673,foretelling
2674,foretell
2675,foreteller
2676,forethink
2677,forethought
2678,forethoughtful
2679,foretime
2680,foretoken
2681,foretokened
2682,foretokening
2683,foretop
2684,forever
2685,forevouched
2686,foreward
2687,forewarned
2688,forewarning
2689,forewarn
2690,forewaste
2691,forewend
2692,forewish
2693,forewit
2694,forewot
2695,forewost
2696,forewiten
2697,forewiste
2698,forewisten
2699,forewiting
2700,forewite
2701,forewomen
2702,forewoman
2703,foreword
2704,foreworn
2705,foreyard
2706,forfalture
2707,forfeit
2708,forfeited
2709,forfeiting
2710,fourfeitable
2711,forfeiter
2712,forfeiture
2713,forfend
2714,forfered
2715,forfete
2716,forfex
2717,forficate
2718,forficula
2719,forgather
2720,forgave
2721,forge
2722,forged
2723,forging
2724,forgemen
2725,forgeman
2726,forger
2727,forgeries
2728,forgery
2729,forgot
2730,forgat
2731,forgotten
2732,forgetting
2733,forget
2734,forgetful
2735,forgetfully
2736,forgetfulness
2737,forgetive
2738,forgettable
2739,forgetter
2740,forgettingly
2741,forgivable
2742,forgiven
2743,forgiving
2744,forgive
2745,forgiveness
2746,forgiver
2747,forwent
2748,forgone
2749,forgoing
2750,forgo
2751,forhall
2752,forhend
2753,forinsecal
2754,forisfamiliated
2755,forisfamiliating
2756,forisfamiliate
2757,forisfamiliation
2758,fork
2759,forked
2760,forking
2761,forkbeard
2762,forkerve
2763,forkiness
2764,forkless
2765,forktail
2766,forky
2767,forlaft
2768,forlay
2769,forleave
2770,forlend
2771,forlore
2772,forlorn
2773,forlese
2774,forlet
2775,forlie
2776,forlornly
2777,forlornness
2778,forlye
2779,form
2780,formed
2781,forming
2782,formal
2783,formaldehyde
2784,formalism
2785,formalist
2786,formalities
2787,formality
2788,formalized
2789,formalizing
2790,formalize
2791,formally
2792,formate
2793,formation
2794,formative
2795,forme
2796,formedon
2797,formell
2798,former
2799,formeret
2800,formerly
2801,formful
2802,formic
2803,formica
2804,formicaroid
2805,formicary
2806,formicate
2807,formication
2808,formicid
2809,formidability
2810,formidable
2811,formidableness
2812,formidably
2813,formidolose
2814,formless
2815,formulas
2816,formulae
2817,formula
2818,formularistic
2819,formularization
2820,formularize
2821,formulary
2822,formularies
2823,formulated
2824,formulating
2825,formulate
2826,formulation
2827,formule
2828,formulization
2829,formulized
2830,formulizing
2831,formulize
2832,formyl
2833,forncast
2834,fornical
2835,fornicate
2836,fornicated
2837,fornication
2838,fornicator
2839,fornicatress
2840,fornices
2841,fornix
2842,forold
2843,forpass
2844,forpine
2845,forray
2846,forrill
2847,forsook
2848,forsaken
2849,forsaking
2850,forsake
2851,forsaker
2852,forsay
2853,forshape
2854,forslack
2855,forslouthe
2856,forslow
2857,forslugge
2858,forsooth
2859,forspeak
2860,forspent
2861,forstall
2862,forster
2863,forstraught
2864,forswat
2865,forswore
2866,forsworn
2867,forswearing
2868,forswear
2869,forswearer
2870,forswonk
2871,forswornness
2872,forsythia
2873,fort
2874,fortalice
2875,forte
2876,forted
2877,forth
2878,forthby
2879,forthcoming
2880,forthgoing
2881,forthink
2882,forthputing
2883,forthright
2884,forthrightness
2885,forthward
2886,forthwith
2887,forthy
2888,forties
2889,fortieth
2890,fortifiable
2891,fortification
2892,fortifier
2893,fortified
2894,fortifying
2895,fortify
2896,fortilage
2897,fortin
2898,fortissimo
2899,fortition
2900,fortitude
2901,fortitudinous
2902,fortlet
2903,fortnight
2904,fortnightly
2905,fortread
2906,fortresses
2907,fortress
2908,fortuitous
2909,fortuity
2910,fortunate
2911,fortunately
2912,fortunateness
2913,fortune
2914,fortuneless
2915,fortunize
2916,forty
2917,forums
2918,fora
2919,forum
2920,forwaked
2921,forwander
2922,forward
2923,forwards
2924,forwarded
2925,forwarding
2926,forwarder
2927,forwardly
2928,forwardness
2929,forwaste
2930,forwweary
2931,forweep
2932,forwete
2933,forwhy
2934,forworn
2935,forwot
2936,forwrap
2937,foryelde
2938,foryete
2939,foryetten
2940,forzando
2941,fossae
2942,fossa
2943,fossane
2944,fosse
2945,fosset
2946,fossette
2947,fosseway
2948,fossil
2949,fossiliferous
2950,fossilification
2951,fossilism
2952,fossilist
2953,fossilization
2954,fossilized
2955,fossilizing
2956,fossilize
2957,fossores
2958,fossoria
2959,fossorial
2960,fossorious
2961,fossulate
2962,fostered
2963,fostering
2964,foster
2965,fosterage
2966,fosterling
2967,fosterment
2968,fostress
2969,fother
2970,fothered
2971,fothering
2972,fotive
2973,fotmal
2974,fougade
2975,fougasse
2976,foughten
2977,foul
2978,fouled
2979,fouling
2980,foulard
2981,foulder
2982,foule
2983,foully
2984,foulness
2985,foumart
2986,founded
2987,founding
2988,foundation
2989,foundationer
2990,foundationless
2991,founder
2992,foundered
2993,foundering
2994,founderous
2995,foundershaft
2996,founderies
2997,foundery
2998,foundling
2999,foundress
3000,foundries
3001,foundry
3002,fount
3003,fountain
3004,fountainless
3005,fountful
3006,four
3007,fourb
3008,fourbe
3009,fourche
3010,fourchette
3011,fourdrinier
3012,fourfold
3013,fourfooted
3014,fourgon
3015,fourhanded
3016,fourierism
3017,fourierist
3018,fourierite
3019,fourling
3020,fourneau
3021,fourpence
3022,fourrier
3023,fourscore
3024,foursquare
3025,fourteen
3026,fourteenth
3027,fourth
3028,fourthly
3029,foussa
3030,fouter
3031,foutra
3032,fouty
3033,foveae
3034,fovea
3035,foveate
3036,foveolae
3037,foveola
3038,foveolate
3039,foveolated
3040,fovillae
3041,fovilla
3042,fowls
3043,fowl
3044,fowled
3045,fowling
3046,fowler
3047,fowlerite
3048,foxes
3049,fox
3050,foxed
3051,foxing
3052,foxearth
3053,fracas
3054,fracho
3055,fracid
3056,fract
3057,fracted
3058,foxery
3059,foxfish
3060,foxglove
3061,foxhound
3062,foxiness
3063,foxish
3064,foxlike
3065,foxly
3066,foxship
3067,foxtail
3068,foxy
3069,foy
3070,foyer
3071,foyson
3072,foziness
3073,fozy
3074,fra
3075,frab
3076,frabbit
3077,fraction
3078,fractional
3079,fractionally
3080,fractionary
3081,fractionate
3082,fractious
3083,fractural
3084,fracture
3085,fractured
3086,fracturing
3087,fraenula
3088,fraenulum
3089,fraenums
3090,fraena
3091,fraenum
3092,frenum
3093,fragile
3094,fragility
3095,fragment
3096,fragmentak
3097,fragmental
3098,fragmentarily
3099,fragmentariness
3100,fragmentary
3101,fragmented
3102,fragmentist
3103,fragor
3104,fragrance
3105,fragrancy
3106,fragrant
3107,fraight
3108,frail
3109,frailly
3110,frailness
3111,frailties
3112,frailty
3113,fraischeur
3114,fraise
3115,fraised
3116,fraken
3117,framable
3118,frambaesia
3119,framed
3120,framing
3121,frame
3122,framer
3123,framework
3124,frampel
3125,frampoid
3126,franc
3127,franchise
3128,franchised
3129,franchising
3130,franchisement
3131,francic
3132,franciscan
3133,francolin
3134,francolite
3135,frangent
3136,frangibility
3137,frangible
3138,frangipane
3139,frangipani
3140,frangipanni
3141,frangulic
3142,frangulinic
3143,frangulin
3144,franion
3145,frank
3146,franked
3147,franking
3148,frankalmoigne
3149,frankincense
3150,frankish
3151,franklin
3152,franklinic
3153,franklinite
3154,frankly
3155,frankness
3156,frankpledge
3157,frantic
3158,frapped
3159,frapping
3160,frap
3161,frape
3162,frapler
3163,frater
3164,fraternal
3165,fraternate
3166,fraternation
3167,fraternism
3168,fraternities
3169,fraternity
3170,fraternization
3171,fraternized
3172,fraternizing
3173,fraternize
3174,fraternizer
3175,fratery
3176,fratrage
3177,fratricelli
3178,fratricidal
3179,fratricide
3180,fraud
3181,fraudful
3182,fraudless
3183,fraudulence
3184,fraudulency
3185,fraudulent
3186,fraudulently
3187,fraught
3188,fraughted
3189,fraughting
3190,fraughtage
3191,fraxin
3192,fraxinus
3193,fray
3194,frayed
3195,fraying
3196,freaked
3197,freaking
3198,freak
3199,freakish
3200,freck
3201,freckle
3202,freckled
3203,freckling
3204,freckledness
3205,freckly
3206,fred
3207,fredstole
3208,free
3209,freed
3210,freeing
3211,freebooter
3212,freebootery
3213,freebooting
3214,freebooty
3215,freeborn
3216,freedmen
3217,freedman
3218,freedom
3219,freedstool
3220,freehold
3221,freeholder
3222,freelte
3223,freely
3224,freemen
3225,freeman
3226,freemason
3227,freemasonic
3228,freemasonry
3229,freeness
3230,freer
3231,freestone
3232,freethinker
3233,freethinking
3234,freewill
3235,freezable
3236,freeze
3237,froze
3238,frozen
3239,freezing
3240,freezer
3241,freieslebenite
3242,freight
3243,freighted
3244,freighting
3245,freightage
3246,freighter
3247,freightless
3248,frelte
3249,fremd
3250,fremed
3251,fren
3252,french
3253,frenchified
3254,frenchifying
3255,frenchify
3256,frenchism
3257,frenchmen
3258,frenchman
3259,frenetir
3260,frenetical
3261,frenums
3262,frena
3263,frenzical
3264,frenzied
3265,frenzies
3266,frenzy
3267,frequence
3268,frequencies
3269,frequency
3270,frequent
3271,frequented
3272,frequenting
3273,frequentable
3274,frequentage
3275,frequentation
3276,frequentative
3277,frequenter
3278,frequently
3279,frequentness
3280,frere
3281,frescade
3282,frescoes
3283,frescos
3284,fresco
3285,frescoed
3286,frescoing
3287,fresh
3288,freshes
3289,freshened
3290,freshening
3291,freshen
3292,freshet
3293,freshly
3294,freshmen
3295,freshman
3296,freshmanship
3297,freshment
3298,freshness
3299,fret
3300,fretted
3301,fretting
3302,fretful
3303,frett
3304,fretten
3305,fretter
3306,fretty
3307,freta
3308,fretum
3309,fretwork
3310,freya
3311,friabiiity
3312,friable
3313,friar
3314,friarly
3315,friary
3316,friation
3317,frible
3318,fribble
3319,fribbler
3320,fribbling
3321,friborg
3322,friborgh
3323,fricace
3324,fricandeau
3325,fricando
3326,fricassee
3327,fricassed
3328,fricasseeing
3329,frlcassee
3330,frication
3331,fricative
3332,fricatrice
3333,frickle
3334,ftiction
3335,frictional
3336,frictionless
3337,friday
3338,fridge
3339,fridstol
3340,frithstool
3341,fried
3342,friend
3343,friended
3344,friending
3345,friendless
3346,friendlily
3347,friendliness
3348,friendly
3349,friendship
3350,frier
3351,friese
3352,friesic
3353,friesish
3354,frieze
3355,friezed
3356,friezer
3357,frigate
3358,frigatoon
3359,frigefaction
3360,frigefactive
3361,frigerate
3362,frigg
3363,frigga
3364,fright
3365,frighted
3366,frighting
3367,frightened
3368,frightening
3369,frighten
3370,frightful
3371,frightfully
3372,frightfulness
3373,frightless
3374,frightment
3375,frigid
3376,frigidaria
3377,frigidarium
3378,prigidity
3379,frigidly
3380,frigidness
3381,frigorific
3382,frigorifical
3383,frilled
3384,frilling
3385,frill
3386,frim
3387,frimaire
3388,fringe
3389,fringed
3390,fringing
3391,fringeless
3392,fringent
3393,fringilla
3394,fringillaceous
3395,fringilline
3396,fringy
3397,fripper
3398,fripperer
3399,frippery
3400,frisian
3401,frisk
3402,frisked
3403,frisking
3404,friskal
3405,frisker
3406,frisket
3407,friskful
3408,friskiness
3409,frisky
3410,frislet
3411,frist
3412,frisure
3413,frit
3414,fritted
3415,fritting
3416,frith
3417,frithy
3418,fritillaria
3419,fritillary
3420,fritinancy
3421,fritter
3422,frittered
3423,frittering
3424,frivolism
3425,frivolities
3426,frivolity
3427,frivolous
3428,frizzed
3429,frizzing
3430,friz
3431,frizzes
3432,frize
3433,frizel
3434,frizette
3435,frizz
3436,frizzled
3437,frizzling
3438,frizzle
3439,frizzler
3440,frizzly
3441,frizzy
3442,fro
3443,frock
3444,frocked
3445,frockless
3446,froe
3447,frog
3448,frogbit
3449,frogfish
3450,frogged
3451,froggy
3452,frogmouth
3453,frogshell
3454,froise
3455,frolic
3456,frolicked
3457,frolicking
3458,frolicful
3459,frolicky
3460,frolicly
3461,frolicsome
3462,from
3463,fromward
3464,fromwards
3465,frond
3466,frondation
3467,fronde
3468,fronded
3469,frondent
3470,frondesce
3471,frondescence
3472,frondeur
3473,frondiferous
3474,frondlet
3475,frondose
3476,frondous
3477,frons
3478,front
3479,fronted
3480,fronting
3481,frontage
3482,frontal
3483,frontate
3484,frontier
3485,frontiered
3486,frontiersmen
3487,floatiersman
3488,frontignac
3489,frontignan
3490,frontingly
3491,frontiniac
3492,frontispiece
3493,frontless
3494,frontlessly
3495,frontlet
3496,fronton
3497,froppish
3498,frore
3499,frorn
3500,frory
3501,frost
3502,frostted
3503,frosting
3504,frostbird
3505,frostbite
3506,frosted
3507,frostfish
3508,frostily
3509,frostiness
3510,frostless
3511,frostweed
3512,frostwork
3513,frostwort
3514,frosty
3515,frote
3516,froterer
3517,froth
3518,frothed
3519,frothing
3520,frothily
3521,frothiness
3522,frothless
3523,frothy
3524,frounced
3525,frouncing
3526,frounce
3527,frounceless
3528,frouzy
3529,frow
3530,froward
3531,frower
3532,frowey
3533,frowned
3534,frowning
3535,frown
3536,frowningly
3537,frowny
3538,frowy
3539,frowzy
3540,frozenness
3541,frubish
3542,fructed
3543,fructescence
3544,fructiculose
3545,fructidor
3546,fructiferuos
3547,fructification
3548,fructify
3549,fructified
3550,fructifying
3551,fructose
3552,fructuaries
3553,fructuary
3554,fructuation
3555,fructuous
3556,fructure
3557,frugal
3558,frugalities
3559,frugality
3560,frugally
3561,frugalness
3562,frugiferous
3563,frugivora
3564,frugivorous
3565,fruit
3566,fruitage
3567,fruiter
3568,fruiterer
3569,fruiteress
3570,fruiteries
3571,fruitery
3572,fruitestere
3573,fruitful
3574,fruiting
3575,fruition
3576,fruitive
3577,fruitless
3578,frumentaceous
3579,frumentarious
3580,frumentation
3581,frumenty
3582,frump
3583,frumper
3584,frumpish
3585,frush
3586,frustrable
3587,frustraneous
3588,frustrate
3589,frustrated
3590,frustrating
3591,frustrately
3592,frustration
3593,frustrative
3594,frustratory
3595,frustule
3596,frustulent
3597,frusta
3598,frustums
3599,frustum
3600,frutage
3601,frutescent
3602,frutex
3603,fruticant
3604,fruticose
3605,fruticous
3606,fruticulose
3607,frying
3608,fry
3609,ery
3610,fuage
3611,fuar
3612,fub
3613,fubs
3614,fubbery
3615,fubby
3616,fubsy
3617,fucate
3618,fucated
3619,fuchs
3620,fuchsias
3621,fuchslae
3622,fuchsia
3623,fuchsine
3624,fucivorous
3625,fucoid
3626,fucoidal
3627,fuci
3628,fucus
3629,fucusol
3630,fud
3631,fudder
3632,fuddled
3633,fuddling
3634,fuddle
3635,fuddler
3636,fudge
3637,fudged
3638,fudging
3639,fuegian
3640,fuel
3641,fueler
3642,fuero
3643,fuff
3644,fuffy
3645,fuga
3646,fugacious
3647,fugaciousness
3648,fugacity
3649,fugacy
3650,fugato
3651,fugh
3652,fughetta
3653,fugitive
3654,fugitively
3655,fugitiveness
3656,fugle
3657,fuglemen
3658,fugleman
3659,fugue
3660,fuguist
3661,fulahs
3662,fulbe
3663,fuldble
3664,fulciment
3665,fulcra
3666,fulcrate
3667,fulcrums
3668,fulcrum
3669,fulfilled
3670,fulfilling
3671,fulfill
3672,fulfiller
3673,fulfillment
3674,fulgency
3675,fulgent
3676,fulgently
3677,fulgid
3678,fulgidity
3679,fulgor
3680,fulgurant
3681,fulgurata
3682,fulgurate
3683,fulgurating
3684,fulguration
3685,fulgurite
3686,fulgury
3687,fulham
3688,fuliginosity
3689,fuliginous
3690,fuliginously
3691,fulimart
3692,full
3693,fulled
3694,fulling
3695,fullage
3696,fullam
3697,fuller
3698,fulleries
3699,fullery
3700,fullmart
3701,fullness
3702,fullonical
3703,fully
3704,fulmar
3705,fulminant
3706,fulminated
3707,fulminating
3708,fulminate
3709,fulmination
3710,fulminatory
3711,fulmine
3712,fulmineous
3713,fulmiaic
3714,fulminuric
3715,falness
3716,fulsamic
3717,fulsome
3718,fulvid
3719,fulvous
3720,fum
3721,fumacious
3722,fumades
3723,fumadoes
3724,fumade
3725,fumado
3726,fumage
3727,fumarate
3728,fumaric
3729,fumarine
3730,fumarole
3731,fumatory
3732,fumbled
3733,fumbling
3734,fumble
3735,fumbler
3736,fumblingly
3737,fume
3738,fumed
3739,fuming
3740,fumeless
3741,fumer
3742,fumerell
3743,fumet
3744,fumette
3745,fumetere
3746,fumid
3747,fumidity
3748,fumidness
3749,fumiferous
3750,fumifugist
3751,fumify
3752,fumigant
3753,fumigated
3754,fumigating
3755,fumigate
3756,fumigation
3757,fumigator
3758,fumigatory
3759,fumlly
3760,fumingly
3761,fumishness
3762,fumitez
3763,fumitory
3764,fummel
3765,fumosity
3766,fumous
3767,fumy
3768,fun
3769,funambulate
3770,funambulation
3771,funambulatory
3772,funambulist
3773,funambulo
3774,funambulus
3775,function
3776,functionate
3777,functional
3778,functionalize
3779,functionally
3780,functionaries
3781,functionary
3782,functionless
3783,fund
3784,funded
3785,funding
3786,fundable
3787,fundament
3788,fundamental
3789,fundamentally
3790,fundholder
3791,funuless
3792,fundus
3793,funebrial
3794,funebrious
3795,funeral
3796,funerate
3797,funeration
3798,funereal
3799,funest
3800,fungal
3801,fungate
3802,funge
3803,fungi
3804,fungia
3805,fungian
3806,fungibles
3807,fungic
3808,fungicide
3809,fungiform
3810,fungilliform
3811,fungin
3812,fungite
3813,fungivorous
3814,fungoid
3815,fungologist
3816,fungology
3817,fungosity
3818,fungous
3819,funguses
3820,fungus
3821,funic
3822,funicle
3823,funicular
3824,funiculate
3825,funiculi
3826,funiculus
3827,funiliform
3828,funis
3829,funk
3830,funking
3831,funky
3832,funnel
3833,funnelform
3834,funny
3835,funnies
3836,fur
3837,furred
3838,furring
3839,furacious
3840,furacity
3841,furbelow
3842,furbelowed
3843,furbelowing
3844,furhelow
3845,furbished
3846,furbishing
3847,furbish
3848,furbishable
3849,furbisher
3850,furcate
3851,furcated
3852,furcation
3853,furciferous
3854,furcula
3855,furcular
3856,furculum
3857,furdle
3858,furfur
3859,furfuraceous
3860,furfuran
3861,furfuration
3862,furfurine
3863,furfurol
3864,furfurous
3865,furial
3866,furibundal
3867,furies
3868,furile
3869,furilic
3870,furioso
3871,furious
3872,furld
3873,furling
3874,furl
3875,furlong
3876,furlough
3877,furloughed
3878,furloughing
3879,furmonty
3880,furmity
3881,furnace
3882,furniment
3883,furnished
3884,furnishing
3885,furnish
3886,furnisher
3887,furnishment
3888,furniture
3889,furoin
3890,furore
3891,furrier
3892,furriery
3893,furrow
3894,furrowed
3895,furrowing
3896,furrowy
3897,furry
3898,further
3899,furthered
3900,furthering
3901,furtherance
3902,fartherer
3903,furthermore
3904,furthermost
3905,furthersome
3906,furthest
3907,furtive
3908,furtively
3909,furuncle
3910,faruncular
3911,fury
3912,furze
3913,furzechat
3914,furzeling
3915,furzen
3916,furzy
3917,fusain
3918,fusarole
3919,fuscation
3920,fuscin
3921,fuscine
3922,fuscous
3923,fused
3924,fusing
3925,fuse
3926,fusee
3927,fusel
3928,fusibility
3929,fusible
3930,fusiform
3931,fusil
3932,fusile
3933,fusileer
3934,fusilier
3935,fusillade
3936,fusillader
3937,fusillading
3938,fusion
3939,fusome
3940,fuss
3941,fussed
3942,fussing
3943,fussily
3944,fussiness
3945,fussy
3946,fust
3947,fusted
3948,fusteric
3949,fustet
3950,fustian
3951,fustianist
3952,fustic
3953,fustigate
3954,fustigation
3955,fastilarian
3956,fustilug
3957,fustilugs
3958,fusiness
3959,fusty
3960,fussure
3961,futchel
3962,futile
3963,futilely
3964,futility
3965,futilous
3966,futtock
3967,futurable
3968,future
3969,futureless
3970,futurely
3971,futurist
3972,futuritial
3973,futurition
3974,futurities
3975,futurity
3976,fuze
3977,fuzz
3978,fuzzle
3979,fuzzy
3980,fy
3981,fyke
3982,fyllot
3983,fyrd
3984,fyrdung
3985,fytte
