,G
0,gab
1,gabarage
2,gabardine
3,gaberdine
4,gabber
5,gabbled
6,gabbling
7,gabble
8,gabbier
9,gabbro
10,gabel
11,gabeler
12,gabelle
13,gabelleman
14,gabert
15,gabion
16,gabionade
17,gabionage
18,gabioned
19,gabionnade
20,gable
21,gablet
22,gablock
23,gaby
24,gad
25,gadded
26,gadding
27,gadabout
28,gadbee
29,gadder
30,gaddingly
31,gaddish
32,gade
33,gadere
34,gadre
35,gadflies
36,gadfly
37,gadhelic
38,gadic
39,gaditanian
40,gadling
41,gadman
42,gadoid
43,gadolinia
44,gadolinic
45,gadolinite
46,gadolinium
47,gadsman
48,gaduin
49,gadwall
50,gael
51,gaelic
52,gaff
53,gaffed
54,gaffing
55,gaffer
56,gaffle
57,gagged
58,gagging
59,gag
60,gagate
61,gage
62,gaged
63,gaging
64,gager
65,gagger
66,gaggled
67,gaggling
68,gaggle
69,gagtooth
70,gahnite
71,gaidic
72,gaiety
73,gailer
74,gaillard
75,gailliarde
76,gaily
77,gain
78,gained
79,gaining
80,gainable
81,gainage
82,gainer
83,gainful
84,gaingiving
85,gainless
86,gainly
87,gainpain
88,gainsaid
89,gainsaying
90,gainsay
91,gainsayer
92,gainsome
93,gainstood
94,gainstanding
95,gainstand
96,gainstrive
97,gairfowl
98,gairish
99,gairishly
100,gairish/ness
101,gait
102,gaited
103,gaiter
104,gaitre
105,gaytre
106,gala
107,galactic
108,galactin
109,galactodensimeter
110,galactometer
111,galactophagist
112,galactophagous
113,galactophorous
114,galactopoietic
115,galactose
116,galage
117,galagos
118,galago
119,galanga
120,galangal
121,galantine
122,galatian
123,galaxies
124,galaxy
125,galban
126,galbanum
127,gale
128,galea
129,galeas
130,galeate
131,galeated
132,galei
133,galena
134,galenic
135,galenical
136,galenism
137,galenist
138,galenite
139,galerite
140,galician
141,galilean
142,galilee
143,galimatias
144,galingale
145,galiot
146,galipot
147,gall
148,galled
149,galling
150,gallant
151,gallanted
152,gallanting
153,gallantly
154,gallantness
155,gallantries
156,gallantry
157,gallate
158,gallature
159,galleass
160,gallegan
161,gallego
162,gallein
163,galleon
164,galleot
165,galleries
166,gallery
167,galletyle
168,galleys
169,galley
170,gallflies
171,gallfly
172,gallyambic
173,gallian
174,galliard
175,galliardise
176,galliardness
177,galliass
178,gallic
179,gallican
180,gallicanism
181,gallicism
182,gallicized
183,gallicizing
184,gallicize
185,gallied
186,galliform
187,galligaskins
188,gallimatia
189,gallimaufries
190,gallimaufry
191,gallin
192,gallinaceae
193,gallinacean
194,gallinaceous
195,gallinae
196,gallinipper
197,gallinule
198,galliot
199,gallipot
200,gallium
201,gallivant
202,gallivat
203,galliwasp
204,gallnut
205,gallomania
206,gallon
207,galloon
208,gallooned
209,galloped
210,galloping
211,gallop
212,gallopade
213,gallopaded
214,gallopading
215,galloper
216,gallopin
217,gallotannic
218,gallow
219,galloway
220,gallowglass
221,gallowses
222,gallows
223,gallstone
224,gally
225,gallygaskins
226,galoche
227,galoshe
228,galoot
229,galop
230,galore
231,galpe
232,galsome
233,galt
234,galvanic
235,galvanism
236,galvanist
237,galvanization
238,galvanized
239,galvanizing
240,galvanize
241,galvanizer
242,galvanocaustic
243,galvanocautery
244,galvanoglyphy
245,galvanograph
246,galvanographic
247,galvanography
248,galvanologist
249,galvanology
250,galvanometer
251,galvanometric
252,galvanometry
253,galvanoplastic
254,galvanoplasty
255,galvanopuncture
256,galvanoscope
257,galvanoscopic
258,galvanoscopy
259,galvanotonus
260,galvanotropism
261,galwes
262,gamashes
263,gamba
264,gambadoes
265,gambeson
266,gambet
267,gambier
268,gambison
269,gambist
270,gambit
271,gambled
272,gambling
273,gamble
274,gambler
275,gamboge
276,gambogian
277,gambogic
278,gambol
279,gamboled
280,gambolled
281,gamboling
282,gambolling
283,gambrel
284,gambroon
285,game
286,gamed
287,gaming
288,gamecock
289,gameful
290,gamekeeper
291,gameless
292,gamely
293,gameness
294,gamesome
295,gamester
296,gamic
297,gamin
298,gamma
299,gammadion
300,gammer
301,gammon
302,gammoned
303,gammoning
304,gamogenesis
305,gamogenetic
306,gamomorphism
307,gamopetalous
308,gamophyllous
309,gamosepalous
310,gamut
311,gamy
312,gan
313,ganch
314,gander
315,gane
316,ganesa
317,gang
318,ganger
319,gangetic
320,gangion
321,gangliac
322,ganglial
323,gangliate
324,gangliated
325,gangliform
326,ganglioform
327,ganglia
328,ganglions
329,ganglion
330,ganglionary
331,ganglionic
332,gangrel
333,gangrenate
334,gangrene
335,gangrened
336,gangrening
337,gangrenescent
338,gangrenous
339,gangue
340,gangway
341,ganil
342,ganister
343,gannister
344,ganja
345,gannet
346,ganocephala
347,ganocephalous
348,ganoid
349,ganoidal
350,ganoidei
351,ganoidian
352,ganoine
353,gansa
354,gantlet
355,gantline
356,gantlope
357,gantry
358,ganza
359,gaol
360,gaoler
361,gap
362,gaped
363,gaping
364,gape
365,gaper
366,gapeseed
367,gapesing
368,gapeworm
369,gapingstock
370,gar
371,garancin
372,garb
373,garbage
374,garbed
375,garbel
376,garbled
377,garbling
378,garble
379,garbler
380,garboard
381,garboil
382,garcinia
383,gard
384,gardant
385,garden
386,gardened
387,gardening
388,gardener
389,gardenia
390,gardenless
391,gardenly
392,gardenship
393,gardon
394,gardyloo
395,gare
396,garefowl
397,garfish
398,gargalize
399,garganey
400,gargantuan
401,gargarism
402,gargarize
403,garget
404,gargil
405,gargle
406,garggled
407,gargling
408,gargol
409,gargoulette
410,gargoyle
411,gargyle
412,garibaldi
413,garish
414,garland
415,garlanded
416,garlanding
417,garlandless
418,garlic
419,garlicky
420,garment
421,garmented
422,garmenture
423,garner
424,garnered
425,garnering
426,garnet
427,garnetiferous
428,garnierite
429,garnished
430,garnishing
431,garnish
432,garnishee
433,garnisheed
434,garnisheeing
435,garnisher
436,garnishment
437,garniture
438,garookuh
439,garous
440,garpike
441,garran
442,garret
443,garreted
444,garreteer
445,garreting
446,garrison
447,garrisoned
448,garrisoning
449,garron
450,garrot
451,garrote
452,garroted
453,garroting
454,garroter
455,garrulity
456,garrulous
457,garrupa
458,garter
459,gartered
460,gartering
461,garth
462,garum
463,garvie
464,gases
465,gas
466,gasalier
467,gascoines
468,gascon
469,gasconade
470,gasconaded
471,gasconading
472,gasconader
473,gascoynes
474,gaseity
475,gaseous
476,gashed
477,gashing
478,gash
479,gashful
480,gasification
481,gasiform
482,gasified
483,gasifying
484,gasify
485,gasket
486,gaskins
487,gaslight
488,gasogen
489,gasolene
490,gasolier
491,gasoline
492,gasometer
493,gasometric
494,gasometrical
495,gasometry
496,gasoscope
497,gasped
498,gasping
499,gasp
500,gaspereau
501,gasserian
502,gassing
503,gassy
504,gast
505,gaster
506,gasteromycetes
507,gasteropod
508,gasteropoda
509,gasteropodous
510,gastful
511,gastly
512,gastight
513,gastness
514,gastornis
515,gastraea
516,gastralgia
517,gastric
518,gastriloquist
519,gastriloquous
520,gastriloquy
521,gastritis
522,gastrocnemius
523,gastrocolic
524,gastrodisc
525,gastroduodenal
526,gastroduodenitis
527,gastroelytrotomy
528,gastroenteric
529,gastroenteritis
530,gastroepiploic
531,gastrohepatic
532,gastrohysterotomy
533,gastrointestinal
534,gastrolith
535,gastrology
536,gastromalacia
537,gastromancy
538,gastromyces
539,gastromyth
540,gastronome
541,gastronomer
542,gastronomic
543,gastronomical
544,gastronomist
545,gastronomy
546,gastrophrenic
547,gastropneumatic
548,gastropod
549,gastropoda
550,gastropodous
551,gastroraphy
552,gastroscope
553,gastroscopic
554,gastroscopy
555,gastrosplenic
556,gastrostege
557,gastrostomy
558,gastrotomy
559,gastrotricha
560,gastrotrocha
561,gastrovascular
562,gastrulae
563,gastrula
564,gastrulation
565,gastrura
566,gastrurous
567,gat
568,gate
569,gated
570,gatehouse
571,gateless
572,gateman
573,gatepost
574,gateway
575,gatewise
576,gathered
577,gathering
578,gather
579,gatherable
580,gatherer
581,gauche
582,gaucherie
583,gauchos
584,gaucho
585,gaud
586,gauded
587,gauding
588,gaudery
589,gaudful
590,gaudily
591,gaudiness
592,gaudish
593,gaudless
594,gaudy
595,gaudies
596,gaudygreen
597,gauffer
598,gauffering
599,gauffre
600,gauged
601,gauging
602,gauge
603,gaugeable
604,gauger
605,gaul
606,gaulish
607,gault
608,gaultheria
609,gaunt
610,gauntlet
611,gauntletted
612,gauntly
613,gauntree
614,gauntry
615,gaur
616,gaure
617,gauze
618,gauziness
619,gauzy
620,gave
621,gavel
622,gavelet
623,gavelkind
624,gaveloche
625,gavelock
626,gaverick
627,gaviae
628,gavial
629,gavot
630,gawby
631,gawk
632,gawky
633,gawn
634,gawntree
635,gay
636,gayal
637,gaydiang
638,gayeties
639,gayety
640,gaylussite
641,gayly
642,gayne
643,gayness
644,gaysome
645,gazed
646,gazing
647,gaze
648,gazeebo
649,gazeful
650,gazehound
651,gazel
652,gazelle
653,gazement
654,gazer
655,gazet
656,gazette
657,gazetted
658,gazetting
659,gazetteer
660,gazingstock
661,gazogene
662,gazon
663,geal
664,gean
665,geanticlinal
666,gear
667,geared
668,gearing
669,geason
670,geat
671,gecarcinian
672,geck
673,geckoes
674,gecko
675,geckotian
676,ged
677,gedd
678,geed
679,geeing
680,gee
681,geer
682,geering
683,geese
684,geest
685,geet
686,geez
687,gehenna
688,geic
689,gein
690,geitonogamy
691,gelable
692,gelada
693,gelastic
694,gelatification
695,gelatigenous
696,gelatin
697,gelatine
698,gelatinated
699,gelatinating
700,gelatinate
701,gelatination
702,gelatiniferous
703,gelatiniform
704,gelatinization
705,gelatinize
706,gelatinous
707,gelation
708,geld
709,gelded
710,gelding
711,geldable
712,gelder
713,gelid
714,gelidity
715,gelidly
716,gelidness
717,gelly
718,geloscopy
719,gelose
720,gelsemic
721,gelsemine
722,gelseminic
723,gelsemium
724,gelt
725,gem
726,gemmed
727,gemming
728,gemara
729,gemaric
730,gemarist
731,gemel
732,geminal
733,geminate
734,gemination
735,gemini
736,geminiflorous
737,geminous
738,geminy
739,gemitores
740,gemmae
741,gemma
742,gemmaceous
743,gemmary
744,gemmate
745,gemmated
746,gemmation
747,gemmeous
748,gemmiferous
749,gemmification
750,gemmiflorate
751,gemminess
752,gemmipara
753,gemmipares
754,gemmiparity
755,gemmiparous
756,gemmosity
757,gemmulation
758,gemmule
759,gemmuliferous
760,gemmy
761,gemote
762,gems
763,gemsbok
764,gemul
765,gena
766,genappe
767,gendarmes
768,gendarme
769,gendarmery
770,gender
771,gendered
772,gendering
773,genderless
774,geneagenesis
775,genealogic
776,genealogical
777,genealogist
778,genealogize
779,genealogies
780,genealogy
781,genearch
782,genera
783,generability
784,generable
785,general
786,generalia
787,generalissimo
788,generalities
789,generality
790,generalizable
791,generalization
792,generalized
793,generalizing
794,generalize
795,generalizer
796,generally
797,generalness
798,generalship
799,generalty
800,generant
801,generated
802,generating
803,generate
804,generation
805,generative
806,generator
807,generatrices
808,generatrixes
809,generatrix
810,generic
811,generical
812,generically
813,genericalness
814,generification
815,generosity
816,generous
817,genesial
818,genesiolgy
819,genesis
820,genet
821,genette
822,genethliac
823,genethliacal
824,genethliacs
825,genethlialogy
826,genethliatic
827,genetic
828,genetical
829,genetically
830,geneva
831,genevan
832,genevanism
833,genevese
834,genial
835,geniality
836,genially
837,genialness
838,genian
839,geniculate
840,geniculated
841,geniculating
842,geniculation
843,genie
844,genio
845,geniohyoid
846,genipap
847,genista
848,genital
849,genitals
850,geniting
851,genitival
852,genitive
853,genitocrural
854,genitor
855,genitourinary
856,geniture
857,geniuses
858,genii
859,genius
860,genoese
861,genouillere
862,genre
863,gentes
864,gens
865,gent
866,genteel
867,genteelish
868,genteelly
869,genteelness
870,genterie
871,gentrie
872,gentian
873,gentianaceous
874,gentianella
875,gentianic
876,gentianine
877,gentianose
878,gentil
879,gentile
880,gentilesse
881,gentilish
882,gentilism
883,gentilitial
884,gentilitious
885,gentility
886,gentilize
887,gentilly
888,gentiopikrin
889,gentisin
890,gentle
891,gentlefolk
892,gentlefolks
893,gentlemen
894,gentleman
895,gentlemanhood
896,gentlemanlike
897,gentlemanly
898,gentlemanliness
899,gentlemanship
900,gentleness
901,gentleship
902,gentlesse
903,gentlewomen
904,gentlewoman
905,gently
906,gentoos
907,gentoo
908,gentry
909,genty
910,genua
911,genu
912,genuflected
913,genuflecting
914,genuflect
915,genuflection
916,genuine
917,genus
918,genys
919,geocentric
920,geocentrical
921,geocentrically
922,geocronite
923,geocyclic
924,geode
925,geodephagous
926,geodesic
927,geodesical
928,geodesist
929,geodesy
930,geodetic
931,geodetical
932,geodetically
933,geodetics
934,geodiferous
935,geoduck
936,geognosis
937,geognost
938,geognostic
939,geognostical
940,geognosy
941,geogonic
942,geogonical
943,geogony
944,geographer
945,geographic
946,geographical
947,geographically
948,geographies
949,geography
950,geolatry
951,geologer
952,geologian
953,geologic
954,geological
955,geologically
956,geologist
957,geologized
958,geologizing
959,geologize
960,geologies
961,geology
962,geomalism
963,geomancer
964,geomancy
965,geomantic
966,geomantical
967,geometer
968,geometral
969,geometric
970,geometrical
971,geometrically
972,geometrician
973,geometrid
974,geometrized
975,geometrizing
976,geometrize
977,geometries
978,geometry
979,geophagism
980,geophagist
981,geophagous
982,geophila
983,geoponic
984,geoponical
985,geoponics
986,georama
987,geordie
988,george
989,georgian
990,georgic
991,georgical
992,geoscopy
993,geoselenic
994,geostatic
995,geosynclinal
996,geothermometer
997,geotic
998,geotropic
999,geotropism
1000,gephyrea
1001,gephyrean
1002,gephyreoid
1003,gepound
1004,gerah
1005,geraniaceous
1006,geraniine
1007,geranine
1008,geranium
1009,gerant
1010,gerbe
1011,gerbil
1012,gerbille
1013,gerboa
1014,gere
1015,gerent
1016,gerfalcon
1017,gerful
1018,gerland
1019,gerlond
1020,gerlind
1021,germ
1022,germain
1023,german
1024,germans
1025,germander
1026,germane
1027,germanic
1028,germanism
1029,germanium
1030,germanization
1031,germanized
1032,germanizing
1033,germanize
1034,germarium
1035,germens
1036,germina
1037,germen
1038,germicidal
1039,germicide
1040,germinal
1041,germinant
1042,germinated
1043,germinating
1044,germinate
1045,germination
1046,germinative
1047,germiparity
1048,germless
1049,germogen
1050,germule
1051,gern
1052,gerner
1053,gerocomia
1054,gerocomical
1055,gerocomy
1056,gerontes
1057,gerontocracy
1058,geropigia
1059,gerrymandered
1060,gerrymandering
1061,gerrymander
1062,gerund
1063,gerundial
1064,gerundive
1065,gerundively
1066,gery
1067,gesling
1068,gesse
1069,gest
1070,gestant
1071,gestation
1072,gestatory
1073,geste
1074,gestic
1075,gesticulated
1076,gesticulating
1077,gesticulate
1078,gesticulation
1079,gesticulator
1080,gesticulatory
1081,gestour
1082,gestural
1083,gesture
1084,gestured
1085,gesturing
1086,gestureless
1087,gesturement
1088,get
1089,got
1090,gotten
1091,getting
1092,geten
1093,geth
1094,gettable
1095,getter
1096,getterup
1097,gewgaw
1098,geyser
1099,geyserite
1100,gharry
1101,ghast
1102,ghastful
1103,ghastliness
1104,ghastly
1105,ghastness
1106,ghat
1107,ghaut
1108,ghawazi
1109,ghee
1110,gherkin
1111,ghess
1112,ghetto
1113,ghibelline
1114,ghole
1115,ghost
1116,ghostfish
1117,ghostless
1118,ghostlike
1119,ghostliness
1120,ghostly
1121,ghostology
1122,ghoul
1123,ghoulish
1124,ghyll
1125,giallolino
1126,giambeux
1127,giant
1128,giantess
1129,giantize
1130,giantly
1131,giantry
1132,giantship
1133,giaour
1134,gib
1135,gibbed
1136,gibbing
1137,gibbartas
1138,gibber
1139,gibbered
1140,gibbering
1141,gibberish
1142,gibbet
1143,gibbeted
1144,gibbeting
1145,gibbier
1146,gibbon
1147,gibbose
1148,gibbostity
1149,gibbous
1150,gibbsite
1151,gibed
1152,gibing
1153,gibe
1154,gibel
1155,giber
1156,gibfish
1157,gibingly
1158,giblet
1159,giblets
1160,gibstaff
1161,gid
1162,giddily
1163,giddiness
1164,giddy
1165,gie
1166,gieseckite
1167,gif
1168,giffgaff
1169,giffy
1170,gift
1171,gifted
1172,gifting
1173,giftedness
1174,gig
1175,gigantean
1176,gigantesque
1177,gigantic
1178,gigantical
1179,giganticide
1180,gigantine
1181,gigantology
1182,gigantomachy
1183,gide
1184,guide
1185,gigeria
1186,gigerium
1187,gigget
1188,giggled
1189,giggling
1190,giggle
1191,giggler
1192,giggly
1193,giggot
1194,giggyng
1195,giglot
1196,giglet
1197,gigot
1198,gilded
1199,gilt
1200,gilding
1201,gild
1202,gildale
1203,gilden
1204,gilder
1205,guilding
1206,gile
1207,gill
1208,gillhouse
1209,gillian
1210,gillyflower
1211,gilour
1212,gilse
1213,gilthead
1214,giltif
1215,gilttail
1216,gim
1217,gimbal
1218,gimbals
1219,gimblet
1220,gimcrack
1221,gimlet
1222,gimleted
1223,gimleting
1224,gimmal
1225,gommal
1226,gimmer
1227,gimmor
1228,gimp
1229,gin
1230,gon
1231,gun
1232,ginning
1233,ginned
1234,ging
1235,gingal
1236,ginger
1237,gingerbread
1238,gingerly
1239,gingerness
1240,gingham
1241,ginging
1242,gingival
1243,gingle
1244,ginglyform
1245,ginglymodi
1246,ginglymoid
1247,ginglymoidal
1248,ginglymi
1249,ginglymus
1250,ginhouse
1251,ginkgoes
1252,ginkgo
1253,ginn
1254,ginnee
1255,ginnet
1256,ginseng
1257,ginshop
1258,gip
1259,gipoun
1260,gipser
1261,gipsire
1262,gipsy
1263,gipsyism
1264,giraffe
1265,girandole
1266,gird
1267,girt
1268,girded
1269,girding
1270,girder
1271,girdle
1272,girdled
1273,girdling
1274,girdler
1275,girdlestead
1276,gire
1277,girkin
1278,girl
1279,girlhood
1280,girlish
1281,girlond
1282,girn
1283,girondist
1284,girrock
1285,girted
1286,girting
1287,girth
1288,girtline
1289,gisarm
1290,gise
1291,gisle
1292,gismondine
1293,gismondite
1294,gist
1295,git
1296,gite
1297,gith
1298,gittern
1299,gittith
1300,guist
1301,giusto
1302,given
1303,giving
1304,give
1305,giver
1306,gives
1307,gizzard
1308,glabell/
1309,glabella
1310,glabellum
1311,glabrate
1312,glabreate
1313,glabriate
1314,glabrity
1315,glabrous
1316,glacial
1317,glacialist
1318,glaciate
1319,glaciation
1320,glacier
1321,glacious
1322,glacis
1323,glad
1324,gladded
1325,gladding
1326,gladdened
1327,gladdening
1328,gladden
1329,gladder
1330,glade
1331,gladen
1332,gladeye
1333,gladful
1334,gladiate
1335,gladiator
1336,gladiatorial
1337,gladiatorian
1338,gladiatorism
1339,gladiatorship
1340,gladiatory
1341,gladiature
1342,gladiole
1343,gladioli
1344,gladioluses
1345,gladiolus
1346,gladii
1347,gladius
1348,gladly
1349,gladness
1350,gladship
1351,gladsome
1352,gladstone
1353,gladwyn
1354,glair
1355,glaired
1356,glairing
1357,glaire
1358,glaireous
1359,glairin
1360,glairy
1361,glaive
1362,glama
1363,glamour
1364,glamourie
1365,glance
1366,glanced
1367,glancing
1368,glancingly
1369,gland
1370,glandage
1371,glandered
1372,glanderous
1373,glanders
1374,glandiferous
1375,glandiform
1376,glandular
1377,glandulation
1378,glandule
1379,glanduliferous
1380,glandulose
1381,glandulosity
1382,glandulous
1383,glandes
1384,glans
1385,glared
1386,glaring
1387,glare
1388,glareous
1389,glariness
1390,glaringness
1391,glary
1392,glass
1393,glassed
1394,glassing
1395,glassen
1396,glasseye
1397,glassfuls
1398,glassful
1399,glasshouse
1400,glassily
1401,glassiness
1402,glassite
1403,glassmaker
1404,glassware
1405,glasswork
1406,glasswort
1407,glassy
1408,glasynge
1409,glauberite
1410,glaucescent
1411,glaucic
1412,glaucine
1413,glaucodot
1414,glaucoma
1415,glaucomatous
1416,glaucometer
1417,glauconite
1418,glaucophane
1419,glaucosis
1420,glaucous
1421,glaucus
1422,glaum
1423,glave
1424,glaver
1425,glaverer
1426,glaymore
1427,glased
1428,glazing
1429,glase
1430,glaze
1431,glazen
1432,glazer
1433,glazier
1434,glazy
1435,glead
1436,gleam
1437,gleamed
1438,gleaming
1439,gleamy
1440,gleaned
1441,gleaning
1442,glean
1443,gleaner
1444,glebe
1445,glebeless
1446,glebosity
1447,glebous
1448,gleby
1449,glede
1450,glee
1451,gleed
1452,gleeful
1453,gleek
1454,gleemen
1455,gleeman
1456,gleen
1457,gleesome
1458,gleet
1459,gleety
1460,gleg
1461,gleire
1462,gleyre
1463,glen
1464,glenlivat
1465,glenlivet
1466,glenoid
1467,glenoidal
1468,glent
1469,gleucometer
1470,glew
1471,gley
1472,gliadin
1473,glib
1474,gilbbery
1475,glibly
1476,glibness
1477,glicke
1478,glidden
1479,glidder
1480,gliddery
1481,glide
1482,glided
1483,gliding
1484,gliden
1485,glider
1486,glidingly
1487,gliff
1488,glike
1489,glim
1490,glimmered
1491,glimmering
1492,glimmer
1493,glimpse
1494,glimpsed
1495,glimpsing
1496,glint
1497,glinted
1498,glinting
1499,glioma
1500,glires
1501,glissade
1502,glissando
1503,glissette
1504,glist
1505,glistened
1506,glistening
1507,glisten
1508,glistered
1509,glistering
1510,glister
1511,glisteringly
1512,glittered
1513,glittering
1514,glitter
1515,glitterand
1516,glitteringly
1517,gloam
1518,gloaming
1519,gloar
1520,gloated
1521,gloating
1522,gloat
1523,globard
1524,globate
1525,globated
1526,globe
1527,globed
1528,globing
1529,globefish
1530,globeflower
1531,globiferous
1532,globigerin/
1533,globigerina
1534,globose
1535,globosely
1536,globosity
1537,globous
1538,globular
1539,globularity
1540,globularly
1541,globularness
1542,globule
1543,globulet
1544,globuliferous
1545,globulimeter
1546,globulin
1547,globulite
1548,globulous
1549,globy
1550,glochidiate
1551,glochidia
1552,glochidium
1553,glode
1554,glombe
1555,glome
1556,glomerate
1557,glomerated
1558,glomerating
1559,glomeration
1560,glomerous
1561,glomerule
1562,glomeruli
1563,glomerulus
1564,glomuliferous
1565,glonoin
1566,glonoine
1567,gloom
1568,gloomed
1569,glooming
1570,gloomily
1571,gloominess
1572,gloomth
1573,gloomy
1574,gloppen
1575,glore
1576,gloria
1577,gloriation
1578,gloried
1579,glorification
1580,glorified
1581,glorifying
1582,glorify
1583,gloriole
1584,gloriosa
1585,glorioser
1586,glorioso
1587,glorious
1588,glory
1589,glorying
1590,glose
1591,gloser
1592,gloss
1593,glossed
1594,glossing
1595,gloss/
1596,glossa
1597,glossal
1598,glossanthrax
1599,glossarial
1600,glossarially
1601,glossarist
1602,gossaries
1603,glossary
1604,glossata
1605,glossator
1606,glosser
1607,glossic
1608,glossily
1609,glossiness
1610,glossist
1611,glossitis
1612,glossly
1613,glossocomon
1614,glossoepiglottic
1615,glossographer
1616,glossographical
1617,glossography
1618,glossohyal
1619,glossolalia
1620,glossolaly
1621,glossological
1622,glassologist
1623,glossology
1624,glossopharyngeal
1625,glossy
1626,glottal
1627,glottic
1628,glottidean
1629,glottis
1630,glottological
1631,glottologist
1632,glottology
1633,glout
1634,glove
1635,gloved
1636,gloving
1637,glover
1638,glowed
1639,glowing
1640,glow
1641,glowbard
1642,glowered
1643,glowering
1644,glower
1645,glowingly
1646,glowlamp
1647,glowworm
1648,gloxinia
1649,glozed
1650,glozing
1651,gloze
1652,glozer
1653,glucic
1654,glucina
1655,glucinic
1656,glucinum
1657,glucogen
1658,glucogenesis
1659,gluconic
1660,glucose
1661,glucoside
1662,glucosuria
1663,glue
1664,glued
1665,gluing
1666,gluepot
1667,gluer
1668,gluey
1669,glueyness
1670,gluish
1671,glum
1672,glumaceous
1673,glumal
1674,glume
1675,glumella
1676,glumelle
1677,glumly
1678,glummy
1679,glumness
1680,glump
1681,glumpy
1682,glunch
1683,glutted
1684,glutting
1685,glut
1686,glutaconic
1687,glutaeus
1688,glutamic
1689,glutaric
1690,glutazine
1691,gluteal
1692,gluten
1693,gluteus
1694,glutin
1695,glutinated
1696,glutinating
1697,glutinate
1698,glutination
1699,glutinative
1700,glutinosity
1701,glutinous
1702,glutinousness
1703,glutton
1704,gluttonish
1705,gluttonized
1706,gluttonizing
1707,gluttonize
1708,gluttonous
1709,gluttonies
1710,gluttony
1711,glycerate
1712,glyceric
1713,glyceride
1714,glycerin
1715,glycerine
1716,glycerite
1717,glycerol
1718,clycerole
1719,glyceryl
1720,glycide
1721,glycidic
1722,glycin
1723,glycocholate
1724,glycocholic
1725,glycocin
1726,glycocoll
1727,glycogen
1728,glycogenic
1729,glycogeny
1730,glycogenesis
1731,glycol
1732,glycolic
1733,glycolide
1734,glycoluric
1735,glycoluril
1736,glycolyl
1737,glyconian
1738,glyconic
1739,glyconin
1740,glycosine
1741,glycosuria
1742,glycyrrhiza
1743,glycyrrhizimic
1744,glycyrrhizin
1745,glyn
1746,glynne
1747,glyoxal
1748,glyoxalic
1749,glyoxaline
1750,glyoxime
1751,glyph
1752,glyphic
1753,glyphograph
1754,glyphographic
1755,glyphography
1756,glyptic
1757,glyptics
1758,glyptodon
1759,glyptodont
1760,glyptographic
1761,glyptography
1762,glyptotheca
1763,glyster
1764,gmelinite
1765,gnaphalium
1766,gnar
1767,gnarred
1768,gnarring
1769,gnarled
1770,gnarling
1771,gnarl
1772,gnarly
1773,gnashed
1774,gnashing
1775,gnash
1776,gnashingly
1777,gnat
1778,gnathic
1779,gnathidia
1780,gnathidium
1781,gnathite
1782,gnathonic
1783,gnathonical
1784,gnathopod
1785,gnathopodite
1786,gnathastegite
1787,gnathostoma
1788,gnathothecae
1789,gnathotheca
1790,gnatling
1791,gnatworm
1792,gnawed
1793,gnawing
1794,gnaw
1795,gnawer
1796,gneiss
1797,gneissic
1798,gneissoid
1799,gneissose
1800,gnew
1801,gnide
1802,gnof
1803,gnome
1804,gnomic
1805,gnomical
1806,gnomically
1807,gnomologic
1808,gnomological
1809,gnomology
1810,gnomon
1811,gnomonic
1812,gnomonical
1813,gnomonically
1814,gnomonics
1815,gnomonist
1816,gnomonology
1817,gnoscopine
1818,gnosis
1819,gnostic
1820,gnosticism
1821,gnow
1822,gnu
1823,go
1824,went
1825,gone
1826,going
1827,goa
1828,goad
1829,goaded
1830,goading
1831,goafs
1832,goaves
1833,goaf
1834,goal
1835,goar
1836,goarish
1837,goat
1838,goatee
1839,goatfish
1840,goatherd
1841,goatish
1842,goatlike
1843,goatskin
1844,goatsucker
1845,gob
1846,gobbet
1847,gobbetly
1848,gobbing
1849,gobbled
1850,gobbling
1851,gobble
1852,gobbler
1853,gobelin
1854,gobemouche
1855,gobet
1856,gobioid
1857,goblet
1858,goblin
1859,gobline
1860,goblinize
1861,gobies
1862,goby
1863,gocart
1864,god
1865,godchild
1866,goddaughter
1867,goddess
1868,gode
1869,godelich
1870,godfather
1871,godhead
1872,godhood
1873,godild
1874,godless
1875,godlike
1876,godlily
1877,godliness
1878,godling
1879,godly
1880,godlyhead
1881,godmother
1882,godown
1883,godroon
1884,godsend
1885,godship
1886,godsib
1887,godson
1888,godspeed
1889,godward
1890,godwit
1891,goel
1892,goeland
1893,goemin
1894,goen
1895,goer
1896,goety
1897,goff
1898,goffered
1899,goffering
1900,goffer
1901,gog
1902,goggled
1903,goggling
1904,goggle
1905,goggler
1906,goglet
1907,goiter
1908,goitre
1909,goitered
1910,goitred
1911,goitrous
1912,gold
1913,golde
1914,goolde
1915,goldcrest
1916,goldcup
1917,golden
1918,goldfinch
1919,goldfinny
1920,goldfish
1921,goldie
1922,goldilocks
1923,goldin
1924,golding
1925,goldless
1926,goldney
1927,goldseed
1928,goldsinny
1929,goldsmith
1930,goldtit
1931,goldylocks
1932,golet
1933,golf
1934,golfer
1935,golgotha
1936,goliard
1937,goliardery
1938,goll
1939,golore
1940,goloshe
1941,goltschut
1942,golyardeys
1943,goman
1944,gomarist
1945,gomarite
1946,gombo
1947,gome
1948,gomer
1949,gommelin
1950,gomphiasis
1951,gomphosis
1952,gomuti
1953,gonads
1954,gonad
1955,gonakie
1956,gonangia
1957,gonangiums
1958,gonangium
1959,gondola
1960,gondolet
1961,gondolier
1962,goneness
1963,gonfalon
1964,gonfanon
1965,gonfalonier
1966,gong
1967,goniatite
1968,gonidial
1969,gonidium
1970,gonidia
1971,gonimia
1972,gonimous
1973,goniometer
1974,goniometric
1975,goniometrical
1976,goniometry
1977,gonoblastid
1978,gonoblastidia
1979,gonoblastidium
1980,gonocalyx
1981,gonochorism
1982,gonococcus
1983,gonoph
1984,gonophore
1985,gonorrhea
1986,gonorrhoea
1987,gonorrheal
1988,gonorrhoeal
1989,gonosome
1990,gonothec/
1991,gonotheca
1992,gonozooid
1993,gonydial
1994,gonys
1995,goober
1996,good
1997,goodgeon
1998,goodish
1999,goodless
2000,goodlich
2001,goodliness
2002,goodly
2003,goodlyhead
2004,goodlyhood
2005,goodman
2006,goodness
2007,goods
2008,goodship
2009,goodwife
2010,goodies
2011,goody
2012,goodyship
2013,gooroo
2014,guru
2015,goosander
2016,goose
2017,gooseberries
2018,gooseberry
2019,goosefish
2020,goosefoot
2021,gooseries
2022,goosery
2023,goosewing
2024,goosewinged
2025,goosish
2026,goost
2027,goot
2028,gopher
2029,goracco
2030,goral
2031,goramy
2032,gorce
2033,gorcock
2034,gorcrow
2035,gord
2036,gordiacea
2037,gordian
2038,gordius
2039,gore
2040,gored
2041,goring
2042,gorebill
2043,gorflies
2044,gorfly
2045,gorge
2046,gorged
2047,gorging
2048,gorgelet
2049,gorgeous
2050,gorgerin
2051,gorget
2052,gorgon
2053,gorgonacea
2054,gorgonean
2055,gorgoneia
2056,gorgoneion
2057,gorgonia
2058,gorgoniacea
2059,gorgonian
2060,gorgonize
2061,gorhen
2062,gorilla
2063,gorm
2064,gorma
2065,gormand
2066,gormander
2067,gormandism
2068,gormandized
2069,gormandizing
2070,gormandize
2071,gormandizer
2072,gorse
2073,gory
2074,goshawk
2075,gosherd
2076,goslet
2077,gosling
2078,gospel
2079,gospeler
2080,gospelized
2081,gospelizing
2082,gospelize
2083,goss
2084,gossamer
2085,gossamery
2086,gossan
2087,gossaniferous
2088,gossat
2089,gossib
2090,gossip
2091,gossiped
2092,gossiping
2093,gossiper
2094,gossiprede
2095,gossipry
2096,gossipy
2097,gossoon
2098,gossypium
2099,gote
2100,goter
2101,goth
2102,gothamist
2103,gothamite
2104,gothic
2105,gothicism
2106,gothicized
2107,gothicizing
2108,gothicize
2109,gothite
2110,goethite
2111,gouache
2112,goud
2113,goudron
2114,gouge
2115,gouged
2116,gouging
2117,bouge
2118,gouger
2119,gougeshell
2120,goujere
2121,gouland
2122,gour
2123,goura
2124,gourami
2125,gourd
2126,gourde
2127,gourdiness
2128,gourdworm
2129,gourdy
2130,gourmand
2131,gourmet
2132,gournet
2133,gout
2134,goutily
2135,goutiness
2136,goutweed
2137,goutwort
2138,gouty
2139,gove
2140,governed
2141,governing
2142,govern
2143,governability
2144,governable
2145,governableness
2146,governal
2147,governail
2148,governance
2149,governante
2150,governess
2151,government
2152,governmental
2153,governor
2154,governorship
2155,gowan
2156,gowany
2157,gowd
2158,gowden
2159,gowdie
2160,gowdnook
2161,gowk
2162,gowl
2163,gown
2164,gowned
2165,gownsman
2166,gownman
2167,gozzard
2168,graafian
2169,graal
2170,grab
2171,grabbed
2172,grabbing
2173,grabber
2174,grabbled
2175,grabbling
2176,grabble
2177,grace
2178,graced
2179,gracing
2180,graceful
2181,graceless
2182,gracile
2183,gracillent
2184,gracility
2185,gracious
2186,graciously
2187,graciousness
2188,grackle
2189,gradate
2190,gradation
2191,gradational
2192,gradatory
2193,grade
2194,graded
2195,grading
2196,gradely
2197,grader
2198,gradient
2199,gradin
2200,gradine
2201,gradinos
2202,gradino
2203,gradual
2204,graduality
2205,gradually
2206,gradualness
2207,graduated
2208,graduating
2209,graduate
2210,graduateship
2211,graduation
2212,graduator
2213,gradus
2214,graf
2215,graff
2216,graffage
2217,graffer
2218,graffiti
2219,graft
2220,grafted
2221,grafting
2222,grafter
2223,grahamite
2224,grail
2225,graille
2226,grain
2227,grained
2228,graining.
2229,grainer
2230,grainfield
2231,graining
2232,grains
2233,grainy
2234,graip
2235,graith
2236,grakle
2237,grallae
2238,grallatores
2239,grallatorial
2240,grallatory
2241,grallic
2242,gralline
2243,gralloch
2244,gram
2245,gramme
2246,gramarye
2247,gramashes
2248,grame
2249,gramercy
2250,graminaceous
2251,gramineal
2252,gramineous
2253,graminifolious
2254,graminivorous
2255,grammalogue
2256,grammar
2257,grammarian
2258,grammarianism
2259,grammarless
2260,grammates
2261,grammatic
2262,grammatical
2263,grammaticaster
2264,grammatication
2265,grammaticism
2266,grammaticized
2267,grammaticizing
2268,grammaticize
2269,grammatist
2270,grampuses
2271,grampus
2272,granade
2273,granado
2274,granadilla
2275,granaries
2276,granary
2277,granate
2278,granatin
2279,granatite
2280,grand
2281,grandam
2282,grandaunt
2283,grandchild
2284,granddaughter
2285,grandee
2286,grandeeship
2287,grandeur
2288,grandevity
2289,grandevous
2290,grandfather
2291,grandfatherly
2292,grandific
2293,grandiloquence
2294,grandiloquent
2295,grandiloquous
2296,grandinous
2297,grandiose
2298,grandiosity
2299,grandity
2300,grandly
2301,grandma
2302,grandmamma
2303,grandmother
2304,grandmotherly
2305,grandnephew
2306,grandness
2307,grandniece
2308,grandpa
2309,grandpapa
2310,grandsire
2311,grandson
2312,granduncle
2313,grane
2314,grange
2315,granger
2316,grangerism
2317,grangerite
2318,grangerize
2319,graniferous
2320,graniform
2321,granilla
2322,granite
2323,granitic
2324,granitical
2325,granitification
2326,granitiform
2327,granitoid
2328,granivorous
2329,grannam
2330,granny
2331,granolithic
2332,granted
2333,granting
2334,grant
2335,grantable
2336,grantee
2337,granter
2338,grantor
2339,granular
2340,granularly
2341,granulary
2342,granulated
2343,granulating
2344,granulate
2345,granulation
2346,granule
2347,granuliferous
2348,granuliform
2349,granulite
2350,granulose
2351,granulous
2352,grape
2353,grapeless
2354,grapery
2355,grapeshot
2356,grapestone
2357,grapevine
2358,graphic
2359,graphical
2360,graphically
2361,graphicness
2362,graphicalness
2363,graphics
2364,graphiscope
2365,graphite
2366,graphitic
2367,graphitoid
2368,graphitoidal
2369,grapholite
2370,graphology
2371,graphoscope
2372,graphotype
2373,grapnel
2374,grappled
2375,grappling
2376,grapple
2377,grapplement
2378,grapsoid
2379,graptolite
2380,graptolitic
2381,grapy
2382,grasper
2383,qraspine
2384,grasp
2385,graspable
2386,graaper
2387,grasping
2388,graspless
2389,grass
2390,grassed
2391,grassing
2392,grassation
2393,grasshopper
2394,grassiness
2395,grassless
2396,grassplot
2397,grassy
2398,grate
2399,grated
2400,grating
2401,grateful
2402,grater
2403,graticulation
2404,graticule
2405,gratification
2406,glatified
2407,gratifier
2408,gratified
2409,gratifying
2410,gratify
2411,gratiolin
2412,gratis
2413,gratitude
2414,gratuitous
2415,gtratuities
2416,gratuity
2417,grqatulated
2418,gratulating
2419,gratulate
2420,gratulation
2421,gratulatory
2422,graunt
2423,grauwacke
2424,gravamina
2425,gravamens
2426,gravamen
2427,grave
2428,graved
2429,graven
2430,graving
2431,graveclothes
2432,gravedigger
2433,gravel
2434,graveled
2435,gravelled
2436,graveling
2437,gravelling
2438,graveless
2439,gravelliness
2440,gravelly
2441,gravely
2442,graveness
2443,gravenstein
2444,graveolence
2445,graveolent
2446,graver
2447,gravery
2448,graves
2449,gravestone
2450,graveyard
2451,gravic
2452,gravid
2453,gravidated
2454,gravidation
2455,gravidity
2456,gravigrade
2457,gravimeter
2458,gravimetric
2459,gravitated
2460,gravitating
2461,gravitate
2462,gravitation
2463,gravitational
2464,gravitative
2465,gravities
2466,gravity
2467,gravies
2468,gravy
2469,gray
2470,grayback
2471,graybeard
2472,grayfly
2473,grayhound
2474,grayish
2475,graylag
2476,grayling
2477,grayness
2478,gtraystone
2479,graywacke
2480,grazed
2481,grazing
2482,graze
2483,grazer
2484,grazier
2485,grazioso
2486,gre
2487,grease
2488,greased
2489,greasing
2490,greaser
2491,greasily
2492,greasiness
2493,greasy
2494,great
2495,greatcoat
2496,greaten
2497,greatly
2498,greatness
2499,greave
2500,greaved
2501,greaving
2502,greaves
2503,grebe
2504,grecian
2505,grecism
2506,grecized
2507,grecizing
2508,grecize
2509,grecianize
2510,grecque
2511,gree
2512,grees
2513,greece
2514,grice
2515,grise
2516,grize
2517,greed
2518,greedily
2519,greediness
2520,greedy
2521,greegree
2522,greek
2523,greekess
2524,greekish
2525,greekling
2526,green
2527,greened
2528,greening
2529,greenback
2530,greenbacker
2531,greenbone
2532,greencloth
2533,greenery
2534,greenfinch
2535,greenfish
2536,greengage
2537,greengill
2538,greengrocer
2539,greenhead
2540,greenhood
2541,greenhorn
2542,greenhouse
2543,greenish
2544,greenlander
2545,greenlet
2546,greenly
2547,greenness
2548,greenockite
2549,greenroom
2550,greensand
2551,greenshank
2552,greenstone
2553,greensward
2554,greenth
2555,greenweed
2556,greenwood
2557,greet
2558,greeted
2559,greeting
2560,greeter
2561,greeve
2562,greeze
2563,greffier
2564,gregal
2565,gregarian
2566,\d8gregarin\91
2567,gregarine
2568,\d8gregarinida
2569,gregarious
2570,grege
2571,gregge
2572,greggoe
2573,grego
2574,gregorian
2575,greillade
2576,greisen
2577,greit
2578,greith
2579,gremial
2580,grenade
2581,grenadier
2582,grenadillo
2583,grenadine
2584,grenado
2585,grene
2586,gres
2587,gressorial
2588,gressorious
2589,gret
2590,grete
2591,gretto
2592,greve
2593,grew
2594,grewsome
2595,gruesome
2596,grey
2597,greyhound
2598,greylag
2599,gribble
2600,grid
2601,griddle
2602,griddlecake
2603,grided
2604,griding
2605,gride
2606,gridelin
2607,gridiron
2608,grief
2609,griefful
2610,griefless
2611,griego
2612,grievable
2613,grievance
2614,grievancer
2615,grieve
2616,grieved
2617,grieving
2618,griever
2619,grievous
2620,griff
2621,griffe
2622,griffin
2623,griffon
2624,grig
2625,gril
2626,grill
2627,grilled
2628,grilling
2629,grillade
2630,grillage
2631,grille
2632,grilly
2633,grilse
2634,grim
2635,grimace
2636,grimaced
2637,grimalkin
2638,grime
2639,grimily
2640,griminess
2641,grimly
2642,grimme
2643,grimness
2644,grimsir
2645,grimy
2646,grin
2647,grinned
2648,grinning
2649,ground
2650,grinding
2651,grind
2652,grinded
2653,grindelia
2654,grinder
2655,grindery
2656,grindingly
2657,grindle
2658,grindlet
2659,grindstone
2660,grinner
2661,grinningly
2662,grint
2663,grinte
2664,grinting
2665,grip
2666,gripe
2667,griped
2668,griping
2669,gripeful
2670,griper
2671,gripingly
2672,griman
2673,grippe
2674,gripper
2675,gripple
2676,grippleness
2677,gripsack
2678,gris
2679,grisaille
2680,grisamber
2681,griseous
2682,grisette
2683,griskin
2684,grisled
2685,grisliness
2686,grisly
2687,grison
2688,grisons
2689,grist
2690,gristle
2691,gristly
2692,gristmill
2693,grit
2694,gritted
2695,gritting
2696,grith
2697,gritrock
2698,gritstone
2699,grittiness
2700,gritty
2701,grivet
2702,grizelin
2703,grizzle
2704,grizzled
2705,grizzly
2706,grizzlies
2707,groaned
2708,groaning
2709,groan
2710,groanful
2711,groat
2712,groats
2713,grocer
2714,groceries
2715,grocery
2716,grog
2717,groggeries
2718,groggery
2719,grogginess
2720,groggy
2721,grogram
2722,grogran
2723,grogshop
2724,groin
2725,groined
2726,groining
2727,gromet
2728,gromill
2729,grommet
2730,gromwell
2731,grond
2732,gronte
2733,groom
2734,groomed
2735,grooming
2736,groomer
2737,groomsmen
2738,groomsman
2739,grooper
2740,groove
2741,grooved
2742,groving
2743,groover
2744,grooving
2745,groped
2746,groping
2747,grope
2748,groper
2749,gros
2750,grosbeak
2751,groschen
2752,grosgrain
2753,gross
2754,grossbeak
2755,grossification
2756,grossly
2757,grossness
2758,grossular
2759,grossularia
2760,grossulin
2761,grot
2762,grote
2763,grotesgue
2764,grotesque
2765,grotesquely
2766,grotesqueness
2767,grottoes
2768,grotto
2769,grounded
2770,grounding
2771,groundage
2772,groundedly
2773,grounden
2774,groundless
2775,groundling
2776,groundly
2777,groundnut
2778,groundsel
2779,groundsill
2780,groundwork
2781,group
2782,grouped
2783,grouping
2784,grouper
2785,grouse
2786,grouser
2787,grout
2788,grouted
2789,grouting
2790,grouthead
2791,groutnol
2792,grouty
2793,grove
2794,groveled
2795,grovelled
2796,groveling
2797,grovelling
2798,grovel
2799,groveler
2800,grovy
2801,grown
2802,growing
2803,grow
2804,growable
2805,growan
2806,grower
2807,growled
2808,growling
2809,growl
2810,growler
2811,growlingly
2812,growse
2813,growth
2814,growthead
2815,growthful
2816,groyne
2817,grubbed
2818,grubbing
2819,grub
2820,grubber
2821,grubbla
2822,grubby
2823,grubworm
2824,grucche
2825,grudger
2826,grudging
2827,grudge
2828,grudgeful
2829,grudgeons
2830,gurgeons
2831,gruddger
2832,grudgingly
2833,grudgingness
2834,gruel
2835,gruelly
2836,gruf
2837,gruff
2838,grum
2839,grunbled
2840,grumbling
2841,grumble
2842,grumbler
2843,grumblingly
2844,grume
2845,grumbly
2846,grumose
2847,grumous
2848,grumousness
2849,grumpily
2850,grumpy
2851,grundel
2852,grundsel
2853,grunted
2854,grunting
2855,grunt
2856,grunter
2857,gruntingly
2858,gruntle
2859,gruntling
2860,grutch
2861,gry
2862,gryde
2863,gryfon
2864,gryllus
2865,grype
2866,gryphaea
2867,gryphite
2868,gryphon
2869,grysbok
2870,guacharo
2871,guachos
2872,guacho
2873,guaco
2874,guaiac
2875,guaiacum
2876,guan
2877,guana
2878,guanacos
2879,guanaco
2880,guanidine
2881,guaniferous
2882,guanin
2883,guanos
2884,guano
2885,guara
2886,guarana
2887,guaranine
2888,guarantees
2889,guarantee
2890,guaranteed
2891,guaranteeing
2892,guarantor
2893,guaranies
2894,guaranty
2895,guarantied
2896,guarantying
2897,guarded
2898,gurding
2899,guard
2900,guardable
2901,guardage
2902,guardant
2903,guardenage
2904,guarder
2905,guardfish
2906,guardful
2907,guardhouse
2908,guardian
2909,guardianage
2910,guardiance
2911,guardianess
2912,guardianless
2913,guardianship
2914,guardless
2915,guardroom
2916,guards
2917,guardship
2918,guardsmen
2919,guardsman
2920,guarish
2921,guava
2922,gubernance
2923,gubernate
2924,gubernation
2925,gubernative
2926,gubernatorial
2927,gudgeon
2928,gue
2929,gueber
2930,guebre
2931,guelph
2932,guelf
2933,guelphic
2934,guelfic
2935,guenon
2936,gueparde
2937,guerdon
2938,guerdonable
2939,guerdonless
2940,guereza
2941,guerilla
2942,guerite
2943,guerrilla
2944,guessed
2945,guessing
2946,guess
2947,guessable
2948,guesser
2949,guessingly
2950,guessive
2951,guesswork
2952,guest
2953,guestwise
2954,guffaw
2955,guffer
2956,guggle
2957,guhr
2958,guiac
2959,guiacol
2960,guiacum
2961,guib
2962,guicowar
2963,guidable
2964,guidage
2965,guidance
2966,guided
2967,guiding
2968,guideboard
2969,guidebook
2970,guideless
2971,guidepost
2972,guider
2973,guideress
2974,guidguid
2975,guidon
2976,gulge
2977,guild
2978,guildable
2979,guilder
2980,guildhall
2981,guile
2982,guileful
2983,guileless
2984,guilor
2985,guillemet
2986,guillemot
2987,guillevat
2988,guilloche
2989,guilloched
2990,guillotine
2991,guillotined
2992,guillotining
2993,guilt
2994,guiltily
2995,guiltiness
2996,guiltless
2997,guilty
2998,guiltylike
2999,guinea
3000,guipure
3001,guirland
3002,guise
3003,guiser
3004,guitar
3005,guitguit
3006,gulae
3007,gulas
3008,gula
3009,gular
3010,gulaund
3011,gulch
3012,guid
3013,gulden
3014,gule
3015,gules
3016,gulf
3017,gulfy
3018,gulgul
3019,gulist
3020,gulled
3021,gulling
3022,gull
3023,gullage
3024,guller
3025,gullery
3026,gullet
3027,gulleting
3028,gullible
3029,gullish
3030,gulles
3031,gully
3032,gullies
3033,gullied
3034,gullying
3035,gulosity
3036,gulped
3037,gulping
3038,gulp
3039,gulph
3040,gult
3041,gulty
3042,guly
3043,gum
3044,gummed
3045,gumming
3046,gumbo
3047,gumboil
3048,gummata
3049,gumma
3050,gummatous
3051,gummer
3052,gummiferous
3053,gumminess
3054,gummite
3055,gummosity
3056,gummous
3057,gummy
3058,gump
3059,gumption
3060,guna
3061,gunarchy
3062,gunboat
3063,guncotton
3064,gundelet
3065,gunflint
3066,gunjah
3067,gunlock
3068,gunnage
3069,gunnel
3070,gunner
3071,gunnery
3072,gunnie
3073,gunning
3074,gunny
3075,gunocracy
3076,gunpowder
3077,gunreach
3078,gunroom
3079,gunshot
3080,gunsmith
3081,gunsmithery
3082,gunstick
3083,gunstock
3084,gunstome
3085,gunwale
3086,gurge
3087,gurgled
3088,gurgling
3089,gurgle
3090,gurglet
3091,gurgoyle
3092,gurjun
3093,gurl
3094,gurlet
3095,gurmy
3096,gurnard
3097,gurnet
3098,gurniad
3099,gurry
3100,gurt
3101,gurts
3102,gushed
3103,gushing
3104,gush
3105,gusher
3106,gushingly
3107,gusset
3108,gust
3109,gustable
3110,gustard
3111,gustation
3112,gustatory
3113,gustful
3114,gustless
3115,gusto
3116,gustoso
3117,gusty
3118,gut
3119,gutted
3120,gutting
3121,guttae
3122,gutta
3123,guttate
3124,guttated
3125,guttatrap
3126,gutter
3127,guttered
3128,guttering
3129,guttifer
3130,guttiferous
3131,guttiform
3132,guttle
3133,guttler
3134,guttulous
3135,guttural
3136,gutturalism
3137,gutturality
3138,gutturalize
3139,gutturally
3140,gutturalness
3141,gutturine
3142,gutturize
3143,gutty
3144,gutwort
3145,guy
3146,guyed
3147,guying
3148,guyle
3149,guze
3150,guzzled
3151,guzzling
3152,guzzle
3153,guzzler
3154,gwiniad
3155,gyall
3156,gyb
3157,gybe
3158,gybed
3159,gybing
3160,gye
3161,gyle
3162,gymnal
3163,gymnasiarch
3164,gymnasiums
3165,gymnasia
3166,gymnasium
3167,gymnast
3168,gymnastic
3169,gymnastical
3170,gymnastically
3171,gymnastics
3172,gymnic
3173,gymnical
3174,gymnite
3175,gymnoblastea
3176,gymnoblastic
3177,gymnocarpous
3178,gymnochroa
3179,gymnocladus
3180,gymnocopa
3181,gymnocyte
3182,gymnocytode
3183,gymnodont
3184,gymnogen
3185,gymnoglossa
3186,gymnolaema
3187,gymnolaemata
3188,gymnonoti
3189,gymnopaedic
3190,gymnophiona
3191,gymnophthalmata
3192,gymnoplast
3193,gymnorhinal
3194,gymnosomata
3195,gymnosophist
3196,gymnosophy
3197,gymnosperm
3198,gymnospermous
3199,gymnotoka
3200,gymnotus
3201,gyn
3202,gynaeceum
3203,gynaecium
3204,gynaecian
3205,gynaecophore
3206,gynander
3207,gynandria
3208,gynandrian
3209,gynandrous
3210,gynandromorph
3211,gynandromorphism
3212,gynandromorphous
3213,gynantherous
3214,gynarchy
3215,gyneceum
3216,gynecian
3217,gynecocracy
3218,gynecological
3219,gynecology
3220,gyneocracy
3221,gyneolatry
3222,gynephobia
3223,gynno
3224,gynobase
3225,gynobasic
3226,gynocracy
3227,gynodioecious
3228,gynoecium
3229,gynophore
3230,gyp
3231,gypse
3232,gypseous
3233,gypsey
3234,gypsiferous
3235,gypsography
3236,gypsoplast
3237,gypsum
3238,gypsies
3239,gypsy
3240,gypsyism
3241,gypsywort
3242,gyracanthus
3243,gyral
3244,gyrant
3245,gyrate
3246,gyrated
3247,gyrating
3248,gyration
3249,gyratory
3250,gyre
3251,gyreful
3252,gyrencephala
3253,gyrfalcon
3254,gyri
3255,gyrland
3256,gyrodus
3257,gyrogonite
3258,gyroidal
3259,gyrolepis
3260,gyroma
3261,gyromancy
3262,gyron
3263,gyronny
3264,gyropigeon
3265,gyroscope
3266,gyroscopic
3267,gyrostat
3268,gyrostatic
3269,gyrostatics
3270,gyrus
3271,gyse
3272,gyte
3273,gyve
