,H,Length
0,ha,2
1,haaf,4
2,haak,4
3,haar,4
4,habendum,8
5,haberdash,9
6,haberdasher,11
7,haberdashery,12
8,haberdine,9
9,habergeon,9
10,habilatory,10
11,habile,6
12,habiliment,10
13,habilimented,12
14,habilitate,10
15,habilitation,12
16,hability,8
17,habit,5
18,habited,7
19,habiting,8
20,habitability,12
21,habitable,9
22,habitakle,9
23,habitan,7
24,habitance,9
25,habiitancy,10
26,habitant,8
27,habitat,7
28,habitation,10
29,habitator,9
30,habitual,8
31,habituated,10
32,habituating,11
33,habituate,9
34,habituation,11
35,habitude,8
36,habitue,7
37,habiture,8
38,habitus,7
39,hable,5
40,habnab,6
41,hachure,7
42,hacienda,8
43,hack,4
44,hacked,6
45,hacking,7
46,hackamore,9
47,hackberry,9
48,hackbolt,8
49,hackbuss,8
50,hackee,6
51,hacker,6
52,hackery,7
53,hackle,6
54,hackled,7
55,hackling,8
56,hackly,6
57,hackmen,7
58,hackman,7
59,hackmatack,10
60,hackneys,8
61,hackney,7
62,hackneyed,9
63,hackneying,10
64,hackneymen,10
65,hackneyman,10
66,hackster,8
67,hacqueton,9
68,had,3
69,hadder,6
70,haddie,6
71,haddock,7
72,hade,4
73,hades,5
74,hadj,4
75,hadji,5
76,hadrosaurus,11
77,haecceity,9
78,haemachrome,11
79,haemacyanin,11
80,haemacytometer,14
81,haemad,6
82,haemadrometer,13
83,haemadremometer,15
84,haemadrometry,13
85,haemadromometry,15
86,haemadromograph,15
87,haemadynameter,14
88,haemadynamometer,16
89,haemadynamics,13
90,haemal,6
91,haemaphaein,11
92,haemapod,8
93,haemapodous,11
94,haemapoietic,12
95,haemapophysis,13
96,haemastatics,12
97,haematachometer,15
98,haematachometry,15
99,haematemesis,12
100,haematic,8
101,haematin,8
102,haematinometer,14
103,haematinometric,15
104,haematite,9
105,haematitic,10
106,haematoblast,12
107,haematocrya,11
108,haematocryal,12
109,haematocrystallin,17
110,haematodynamometer,18
111,haematogenesis,14
112,haematogenic,12
113,haematogenous,13
114,haematoglobulin,15
115,haematoid,9
116,haematoidin,11
117,haematoin,9
118,haematolin,10
119,haematology,11
120,haematometer,12
121,haematophlina,13
122,haematoplast,12
123,haematoplastic,14
124,haematoporphyrin,16
125,haematosac,10
126,haematoscope,12
127,haematosin,10
128,haematosis,10
129,haematotherma,13
130,haematothermal,14
131,haematothorax,13
132,haematexylin,12
133,haematoxylon,12
134,haematozoa,10
135,haematozoon,11
136,haemic,6
137,haemin,6
138,haemochrome,11
139,haemochromogen,14
140,haemochromometer,16
141,haemocyanin,11
142,haemocytolysis,14
143,haemocytometer,14
144,haemocytotrypsis,16
145,haemodromograph,15
146,haemodynameter,14
147,haemoglobin,11
148,haemoglobinometer,17
149,haemolutein,11
150,haemomanometer,14
151,haemometer,10
152,haemony,7
153,haemoplastic,12
154,haemorrhoidal,13
155,haemoscope,10
156,haemostatic,11
157,haemotachometer,15
158,haemotachometry,15
159,haf,3
160,haffle,6
161,haft,4
162,hafter,6
163,hag,3
164,hagged,6
165,hagging,7
166,hagberry,8
167,hagborn,7
168,hagbut,6
169,hagbutter,9
170,hagdon,6
171,haggadoth,9
172,haggada,7
173,haggard,7
174,haggardly,9
175,haggis,6
176,haggish,7
177,haggishly,9
178,haggled,7
179,haggling,8
180,haggle,6
181,haggler,7
182,hagiarchy,9
183,hagiocracy,10
184,hagiographa,11
185,hagiographal,12
186,hagiographer,12
187,hagiography,11
188,hagiolatry,10
189,hagiologist,11
190,hagiology,9
191,hagioscope,10
192,hagseed,7
193,hagship,7
194,haguebut,8
195,hah,3
196,haidingerite,12
197,haiduck,7
198,haik,4
199,haikal,6
200,hail,4
201,halled,6
202,halting,7
203,hailse,6
204,hailshot,8
205,hailstone,9
206,hailstorm,9
207,haily,5
208,han,3
209,hair,4
210,hairbell,8
211,hairbird,8
212,hairbrained,11
213,hairbreadth,11
214,hairbrush,9
215,haircloth,9
216,hairdresser,11
217,haired,6
218,hairen,6
219,hairiness,9
220,hairless,8
221,hairpin,7
222,hairsplitter,12
223,hairsplitting,13
224,hairspring,10
225,hairstreak,10
226,hairtail,8
227,hairworm,8
228,hairy,5
229,haitian,7
230,haye,4
231,hake,4
232,haketon,7
233,hakim,5
234,halachoth,9
235,halacha,7
236,halation,8
237,halberd,7
238,halberdier,10
239,halcyon,7
240,halcyonian,10
241,halcyonold,10
242,hale,4
243,haled,5
244,haling,6
245,halesia,7
246,half,4
247,halves,6
248,halfbeak,8
249,halfcocked,10
250,halfcocking,11
251,halfcock,8
252,halfen,6
253,halfendeal,10
254,halfer,6
255,halfness,8
256,halfpace,8
257,halfway,7
258,halibut,7
259,halichondriae,13
260,halicore,8
261,halidom,7
262,halieutics,10
263,halmas,6
264,haliographer,12
265,haliography,11
266,haliotis,8
267,haliotoid,9
268,halisauria,10
269,halite,6
270,halituous,9
271,halk,4
272,hall,4
273,hallage,7
274,halleluiah,10
275,hallelujah,10
276,hallelujatic,12
277,halliard,8
278,hallidome,9
279,hallier,7
280,halloa,6
281,halloo,6
282,hallooed,8
283,halloing,8
284,hallowed,8
285,hallowing,9
286,hallow,6
287,halloween,9
288,hallowmas,9
289,halloysite,10
290,hallucal,8
291,hallucinate,11
292,hallucination,13
293,hallucinator,12
294,hallucinatory,13
295,hallux,6
296,halm,4
297,halma,5
298,halos,5
299,halo,4
300,haloed,6
301,haloing,7
302,halogen,7
303,halogenous,10
304,haloid,6
305,halomancy,9
306,halometer,9
307,halones,7
308,halophyte,9
309,haloscope,9
310,halotrichite,12
311,haloxyline,10
312,halp,4
313,halpace,7
314,hals,4
315,halse,5
316,halsed,6
317,halsing,7
318,halsening,9
319,halser,6
320,halt,4
321,halted,6
322,halter,6
323,haltered,8
324,haltering,9
325,halteres,8
326,haltingly,9
327,halvans,7
328,halve,5
329,halved,6
330,halving,7
331,halwe,5
332,halysites,9
333,ham,3
334,hamadryads,10
335,hamadryades,11
336,hamadryad,9
337,hamadryas,9
338,hamamelis,9
339,hamate,6
340,hamated,7
341,hamatum,7
342,hamble,6
343,hamburg,7
344,hame,4
345,hamel,5
346,hamesecken,10
347,hamesucken,10
348,hamiform,8
349,haminura,8
350,hamite,6
351,haitic,6
352,hamlet,6
353,hamleted,8
354,hammer,6
355,hammered,8
356,hammering,9
357,hammerable,10
358,hammercloth,11
359,hammerer,8
360,hammerhead,10
361,hammerkop,9
362,hammermen,9
363,hammerman,9
364,hammochrysos,12
365,hammock,7
366,hamose,6
367,hamous,6
368,hamper,6
369,hampered,8
370,hampering,9
371,hamshackle,10
372,hamster,7
373,hamstring,9
374,hamstrung,9
375,hamstringing,12
376,hamular,7
377,hamulate,8
378,hamule,6
379,hamulose,8
380,hamuli,6
381,hamulus,7
382,hanap,5
383,hanaper,7
384,hance,5
385,hanch,5
386,hand,4
387,handed,6
388,handing,7
389,handbarrow,10
390,handbill,8
391,handbook,8
392,handbreadth,11
393,handcart,8
394,handcloth,9
395,handcraft,9
396,handcraftsman,13
397,handcuff,8
398,handcuffed,10
399,handcuffing,11
400,hander,6
401,handfast,8
402,handfasted,10
403,handfasting,11
404,handfastly,10
405,handfish,8
406,handful,7
407,handicap,8
408,handicapped,11
409,handicapping,12
410,handicapper,11
411,handicraft,10
412,handily,7
413,handiness,9
414,handiron,8
415,handiwork,9
416,handkercher,11
417,handkerchief,12
418,handled,7
419,handling,8
420,handle,6
421,handleable,10
422,handless,8
423,handmade,8
424,handmaid,8
425,handmaiden,10
426,handsaw,7
427,handsel,7
428,handseled,9
429,handseling,10
430,handselling,11
431,handsome,8
432,hadsome,7
433,handsomely,10
434,handsomeness,12
435,handspike,9
436,handspring,10
437,handwheel,9
438,handwriting,11
439,handy,5
440,handyfight,10
441,handygripe,10
442,handystroke,11
443,hanged,6
444,hung,4
445,hanging,7
446,hang,4
447,hangbird,8
448,hangdog,7
449,hanger,6
450,hangmen,7
451,hangman,7
452,hangmanship,11
453,hangnail,8
454,hangnest,8
455,hank,4
456,hankered,8
457,hankering,9
458,hanker,6
459,hankeringly,11
460,hanoverian,10
461,hansard,7
462,hanse,5
463,hanseatic,9
464,hansel,6
465,hanselines,10
466,hansom,6
467,hanuman,7
468,hap,3
469,haphazard,9
470,hapless,7
471,haplessly,9
472,haplomi,7
473,haplostemonous,14
474,haply,5
475,happed,6
476,happened,8
477,happening,9
478,happen,6
479,happily,7
480,happiness,9
481,happy,5
482,hapuku,6
483,haquebut,8
484,harangue,8
485,harangued,9
486,haranguing,10
487,harangueful,11
488,haranguer,9
489,harassed,8
490,harassing,9
491,harass,6
492,harasser,8
493,harassment,10
494,harberous,9
495,harbinger,9
496,harbingered,11
497,harbingering,12
498,harbor,6
499,harbored,8
500,harboring,9
501,harborage,9
502,harborer,8
503,harborless,10
504,harborough,10
505,harbrough,9
506,harborous,9
507,hard,4
508,hardbake,8
509,hardbeam,8
510,hardened,8
511,hardening,9
512,harden,6
513,hardener,8
514,harder,6
515,harderian,9
516,hardfavoredness,15
517,hardfern,8
518,hardhack,8
519,hardhead,8
520,harddihead,10
521,harddihood,10
522,hardily,7
523,hardiment,9
524,hardiness,9
525,hardish,7
526,hardly,6
527,hardness,8
528,hardock,7
529,hardpan,7
530,hards,5
531,hardship,8
532,hardspun,8
533,hardtail,8
534,hardware,8
535,hardwaremen,11
536,hardwareman,11
537,hardy,5
538,hare,4
539,harebell,8
540,harefoot,8
541,harehound,9
542,hareld,6
543,harelip,7
544,harem,5
545,harengiform,11
546,harfang,7
547,haricot,7
548,harier,6
549,harikari,8
550,harioiation,11
551,harish,6
552,hark,4
553,harken,6
554,harl,4
555,harle,5
556,harlequin,9
557,harlequinade,12
558,harlock,7
559,harlot,6
560,harlotize,9
561,harlotry,8
562,harm,4
563,harmed,6
564,harming,7
565,harmaline,9
566,harmattan,9
567,harmel,6
568,harmful,7
569,harmine,7
570,harmless,8
571,harmonic,8
572,harmonical,10
573,harmonica,9
574,harmonicon,10
575,harmonics,9
576,harmonious,10
577,harmoniphon,11
578,harmonist,9
579,harmonite,9
580,harmonium,9
581,harmonization,13
582,harmonized,10
583,harmonizing,11
584,harmonize,9
585,harmonizer,10
586,harmonometer,12
587,harmonies,9
588,harmony,7
589,harmost,7
590,harmotome,9
591,harness,7
592,harnessed,9
593,harnessing,10
594,harnesser,9
595,harns,5
596,harp,4
597,harped,6
598,harping,7
599,harpa,5
600,harpagon,8
601,harper,6
602,harpings,8
603,harpist,7
604,harpoon,7
605,harpooned,9
606,harpooning,10
607,harpooneer,10
608,harpooner,9
609,harpress,8
610,harpsichon,10
611,harpsichord,11
612,harpies,7
613,harpy,5
614,harquebus,9
615,harquebuse,10
616,harrage,7
617,harre,5
618,harridan,8
619,harrier,7
620,harrow,6
621,harrowed,8
622,harrowing,9
623,harrower,8
624,harried,7
625,harrying,8
626,harry,5
627,harsh,5
628,harshly,7
629,harshness,9
630,harslet,7
631,hart,4
632,hartbeest,9
633,harten,6
634,hartford,8
635,hartshorn,9
636,hartwort,8
637,haruspication,13
638,haruspice,9
639,haruspicy,9
640,harvest,7
641,harvested,9
642,harvesting,10
643,harvester,9
644,harvestless,11
645,harvestmen,10
646,harvestman,10
647,harvestry,9
648,hary,4
649,has,3
650,hasard,6
651,hase,4
652,hash,4
653,hashed,6
654,hashing,7
655,hasheesh,8
656,hashish,7
657,hask,4
658,haslet,6
659,hasp,4
660,hasped,6
661,hasping,7
662,hassock,7
663,hast,4
664,hastate,7
665,hastated,8
666,haste,5
667,hasted,6
668,hasting,7
669,hastened,8
670,hastening,9
671,hasten,6
672,hastener,8
673,hastif,6
674,hastile,7
675,hastily,7
676,hastiness,9
677,hastings,8
678,hastive,7
679,hasty,5
680,hat,3
681,hatable,7
682,hatband,7
683,hatbox,6
684,hatched,7
685,hatching,8
686,hatch,5
687,hatchel,7
688,hatcheled,9
689,hatchelled,10
690,hatcheling,10
691,hatchelling,11
692,hatcheler,9
693,hatcher,7
694,hatchery,8
695,hatchet,7
696,hatchettine,11
697,hatchettite,11
698,hatchment,9
699,hatchure,8
700,hatchway,8
701,hated,5
702,hating,6
703,hate,4
704,hateful,7
705,hatel,5
706,hater,5
707,hath,4
708,hatless,7
709,hatrack,7
710,hatred,6
711,hatstand,8
712,hatte,5
713,hatted,6
714,hatter,6
715,hatteria,8
716,hatting,7
717,hattree,7
718,haubergeon,10
719,hauberk,7
720,hauerite,8
721,haugh,5
722,haught,6
723,haughtily,9
724,haughtiness,11
725,haughty,7
726,hauled,6
727,hauling,7
728,haul,4
729,haulage,7
730,hauler,6
731,haulm,5
732,hauls,5
733,haulse,6
734,hault,5
735,haum,4
736,haunce,6
737,haunch,6
738,haunched,8
739,haunted,7
740,haunting,8
741,haunt,5
742,haunter,7
743,haurient,8
744,hausen,6
745,hausse,6
746,haustellata,11
747,haustellate,11
748,haustella,9
749,haustellum,10
750,haustoria,9
751,haustorium,10
752,haut,4
753,hautboy,7
754,hautboyist,10
755,hautein,7
756,hauteur,7
757,hautgout,8
758,hautpas,7
759,hauynite,8
760,havana,6
761,havanese,8
762,having,6
763,have,4
764,haveless,8
765,havelock,8
766,haven,5
767,havenage,8
768,havened,7
769,havener,7
770,haver,5
771,haversack,9
772,haversian,9
773,havildar,8
774,havior,6
775,havoc,5
776,haw,3
777,hawed,5
778,hawing,6
779,hawaiian,8
780,hawebake,8
781,hawfinch,8
782,hawhaw,6
783,hawk,4
784,hawked,6
785,hawking,7
786,hawkbill,8
787,hawkbit,7
788,hawker,6
789,hawkey,6
790,hawkweed,8
791,hawm,4
792,hawse,5
793,hawser,6
794,hawthorn,8
795,hay,3
796,haybird,7
797,haybote,7
798,haycock,7
799,hayfield,8
800,hayfork,7
801,hayloft,7
802,haymaker,8
803,haymaking,9
804,haymow,6
805,hayrack,7
806,hayrake,7
807,hayrick,7
808,haystack,8
809,haystalk,8
810,haythorn,8
811,haytian,7
812,hayward,7
813,hazard,6
814,hazarded,8
815,hazarding,9
816,hazardable,10
817,hazarder,8
818,hazardize,9
819,hazardous,9
820,hazardry,8
821,haze,4
822,hazed,5
823,hazing,6
824,hazel,5
825,hazeless,8
826,hazelly,7
827,hazelnut,8
828,hazelwort,9
829,hazily,6
830,haziness,8
831,hazle,5
832,hazy,4
833,he,2
834,head,4
835,headed,6
836,heading,7
837,headache,8
838,headachy,8
839,headband,8
840,headbeard,9
841,headborough,11
842,headborrow,10
843,headdress,9
844,header,6
845,headfirst,9
846,headforemost,12
847,headfish,8
848,headgear,8
849,headily,7
850,headiness,9
851,headland,8
852,headless,8
853,headlight,9
854,headline,8
855,headlong,8
856,headmen,7
857,headman,7
858,headmost,8
859,headnote,8
860,headpan,7
861,headpiece,9
862,headquarters,12
863,headrace,8
864,headroom,8
865,headrope,8
866,headsail,8
867,headshake,9
868,headship,8
869,headsmen,8
870,headsman,8
871,headspring,10
872,headstall,9
873,headstock,9
874,headstone,9
875,headstrong,10
876,headstrongness,14
877,headtire,8
878,headway,7
879,headwork,8
880,heady,5
881,heal,4
882,healed,6
883,healing,7
884,healable,8
885,healall,7
886,heald,5
887,healful,7
888,healingly,9
889,health,6
890,healthful,9
891,healthfully,11
892,healthfulness,13
893,healthily,9
894,healthiness,11
895,healthless,10
896,healthlessness,14
897,healthsome,10
898,healthward,10
899,healthy,7
900,heam,4
901,heap,4
902,heaped,6
903,heaping,7
904,heaper,6
905,heapy,5
906,heard,5
907,hearing,7
908,hear,4
909,hearer,6
910,hearkened,9
911,hearkening,10
912,hearken,7
913,hearkener,9
914,hearsal,7
915,hearsay,7
916,hearse,6
917,hearsecloth,11
918,hearselike,10
919,heart,5
920,heartache,9
921,heartbreak,10
922,heartbreaking,13
923,heartbroken,11
924,heartburn,9
925,heartburned,11
926,heartburning,12
927,heartdear,9
928,heartdeep,9
929,hearted,7
930,heartedness,11
931,hearten,7
932,heartener,9
933,heartfelt,9
934,heartgrief,10
935,hearth,6
936,hearthstone,11
937,heartily,8
938,heariness,9
939,heartless,9
940,heartlet,8
941,heartlings,10
942,heartpea,8
943,heartquake,10
944,heartrending,12
945,heartseed,9
946,heartshaped,11
947,heartsick,9
948,heartsome,9
949,heartstricken,13
950,heartstrike,11
951,heartstring,11
952,heartstruck,11
953,heartswelling,13
954,heartwood,9
955,hearty,6
956,hearties,8
957,heartyhale,10
958,heat,4
959,heated,6
960,heating,7
961,heater,6
962,heath,5
963,heathclad,9
964,heathens,8
965,heathen,7
966,heathendom,10
967,heathenesse,11
968,heathenish,10
969,heathenishly,12
970,heathenishness,14
971,heathenism,10
972,heathenized,11
973,heathenizing,12
974,heathenize,10
975,heathenness,11
976,heathenry,9
977,heather,7
978,heathery,8
979,heathy,6
980,heatingly,9
981,heatless,8
982,heaved,6
983,hove,4
984,hoven,5
985,heaving,7
986,heave,5
987,heaven,6
988,heavened,8
989,heavening,9
990,heavenize,9
991,heavenliness,12
992,heavenly,8
993,heavenlyminded,14
994,heavenward,10
995,heaver,6
996,heaves,6
997,heavily,7
998,heaviness,9
999,heavisome,9
1000,heavy,5
1001,hebdomad,8
1002,hebdomadal,10
1003,hebdomadary,11
1004,hebdomadally,12
1005,hebdomatical,12
1006,hebe,4
1007,heben,5
1008,hebenon,7
1009,hebetated,9
1010,hebetating,10
1011,hebetate,8
1012,hebetation,10
1013,hebete,6
1014,hebetude,8
1015,hebraic,7
1016,hebraically,11
1017,hebraism,8
1018,hebraist,8
1019,hebraistic,10
1020,hebraistically,14
1021,hebraize,8
1022,hebraized,9
1023,hebraizing,10
1024,hebrew,6
1025,hebrewess,9
1026,hebrician,9
1027,hebridean,9
1028,hebridian,9
1029,hecatomb,8
1030,hecatompedon,12
1031,hecdecane,9
1032,heck,4
1033,heckimal,8
1034,heckle,6
1035,hectare,7
1036,hectic,6
1037,hectocotylized,14
1038,hectocotyli,11
1039,hectocotylus,12
1040,hectogram,9
1041,hectogramme,11
1042,hectograph,10
1043,hectoliter,10
1044,hectolitre,10
1045,hectometer,10
1046,hectometre,10
1047,hector,6
1048,hectored,8
1049,hectoring,9
1050,hectorism,9
1051,hectorly,8
1052,hectostere,10
1053,heddles,7
1054,heddle,6
1055,heddling,8
1056,hederaceous,11
1057,hederal,7
1058,hederic,7
1059,hederiferous,12
1060,hederose,8
1061,hedge,5
1062,hedged,6
1063,hedging,7
1064,hedgeborn,9
1065,hedgebote,9
1066,hedgehog,8
1067,hedgeless,9
1068,hedgepig,8
1069,hedger,6
1070,hedgerow,8
1071,hedonic,7
1072,hedonistic,10
1073,heeded,6
1074,heeding,7
1075,heed,4
1076,heedful,7
1077,heedless,8
1078,heedy,5
1079,heel,4
1080,heeled,6
1081,heeling,7
1082,heelball,8
1083,heeler,6
1084,heelless,8
1085,heelpiece,9
1086,heelpost,8
1087,heelspur,8
1088,heeltap,7
1089,heeltapped,10
1090,heeltapping,11
1091,heeltool,8
1092,heep,4
1093,heer,4
1094,heft,4
1095,hefted,6
1096,hefting,7
1097,hefty,5
1098,hegelian,8
1099,hegelianism,11
1100,hegelism,8
1101,hegemonic,9
1102,hegemonical,11
1103,hegemony,8
1104,hegge,5
1105,hegira,6
1106,heifer,6
1107,height,6
1108,heightened,10
1109,heightening,11
1110,heighten,8
1111,heightener,10
1112,heinous,7
1113,heir,4
1114,heirdom,7
1115,heiress,7
1116,heirless,8
1117,heirloom,8
1118,heirship,8
1119,hejira,6
1120,hektare,7
1121,hektogram,9
1122,hektoliter,10
1123,hektometer,10
1124,hektograph,10
1125,helamys,7
1126,helcoplasty,11
1127,held,4
1128,hele,4
1129,helena,6
1130,helenin,7
1131,heliac,6
1132,heliacal,8
1133,heliacally,10
1134,helianthin,10
1135,helianthoid,11
1136,helianthoidea,13
1137,helical,7
1138,helichrysum,11
1139,heliciform,10
1140,helicin,7
1141,helicine,8
1142,helicograph,11
1143,helicoid,8
1144,helicoidal,10
1145,helicon,7
1146,heliconia,9
1147,heliconian,10
1148,helicotrema,11
1149,heliocentric,12
1150,heliocentrical,14
1151,heliochrome,11
1152,heliochromic,12
1153,heliochromy,11
1154,heliograph,10
1155,heliographic,12
1156,heliography,11
1157,heliogravure,12
1158,heliolater,10
1159,heliolatry,10
1160,heliolite,9
1161,heliometer,10
1162,heliometric,11
1163,heliometrical,13
1164,heliometry,10
1165,heliopora,9
1166,helioscope,10
1167,heliostat,9
1168,heliotrope,10
1169,heliotroper,11
1170,heliotropic,11
1171,heliotropism,12
1172,heliotype,9
1173,heliotypic,10
1174,heliotypy,9
1175,heliozoa,8
1176,helispheric,11
1177,helispherical,13
1178,helium,6
1179,helices,7
1180,helixes,7
1181,helix,5
1182,hell,4
1183,hellanodic,10
1184,hellbender,10
1185,hellborn,8
1186,hellbred,8
1187,hellbrewed,10
1188,hellbroth,9
1189,helldoomed,10
1190,hellebore,9
1191,helleborein,11
1192,helleborin,10
1193,helleborism,11
1194,hellene,7
1195,hellenian,9
1196,hellenic,8
1197,hellenism,9
1198,hellenist,9
1199,hellenistic,11
1200,hellenistical,13
1201,hellenistically,15
1202,hellenize,9
1203,hellenotype,11
1204,hellespont,10
1205,hellespontine,13
1206,hellgamite,10
1207,hellgramite,11
1208,hellhag,7
1209,hellhound,9
1210,hellier,7
1211,hellish,7
1212,hellkite,8
1213,hello,5
1214,hellward,8
1215,helly,5
1216,helm,4
1217,helmed,6
1218,helming,7
1219,helmage,7
1220,helmet,6
1221,helmeted,8
1222,helminth,8
1223,helminthagogue,14
1224,helminthes,10
1225,helminthiasis,13
1226,helminthic,10
1227,helminthite,11
1228,helminthoid,11
1229,helminthologic,14
1230,helminthological,16
1231,helminthologist,15
1232,helminthology,13
1233,helmless,8
1234,helmsmen,8
1235,helmsman,8
1236,helmwind,8
1237,helot,5
1238,helotism,8
1239,helotry,7
1240,helped,6
1241,holp,4
1242,holpen,6
1243,helping,7
1244,help,4
1245,helper,6
1246,helpful,7
1247,helpless,8
1248,helpmate,8
1249,helpmeet,8
1250,helve,5
1251,helved,6
1252,helving,7
1253,helvetian,9
1254,helvetic,8
1255,helvine,7
1256,helvite,7
1257,hem,3
1258,hemmed,6
1259,hemming,7
1260,hemachate,9
1261,hemachrome,10
1262,hemacite,8
1263,hemadrometer,12
1264,hemadromometer,14
1265,hemadrometry,12
1266,hemadromometry,14
1267,hemadynamics,12
1268,hemadynamometer,15
1269,hemal,5
1270,hemaphaein,10
1271,hemapophyses,12
1272,hemapophysis,12
1273,hemastatic,10
1274,hemastatical,12
1275,hemastatics,11
1276,hematachometer,14
1277,hematein,8
1278,hematemesis,11
1279,hematherm,9
1280,hemathermal,11
1281,hematic,7
1282,hematin,7
1283,hematinometer,13
1284,hematinometric,14
1285,hematinon,9
1286,hematite,8
1287,hematitic,9
1288,hemato,6
1289,hematocele,10
1290,hematocrya,10
1291,hematocrystallin,16
1292,hematoid,8
1293,hematoidin,10
1294,hematology,10
1295,hematoma,8
1296,hematophilia,12
1297,hematosin,9
1298,hematosis,9
1299,hematotherma,12
1300,hematothermal,13
1301,hematoxylin,11
1302,hematuria,9
1303,hemautography,13
1304,hemelytra,9
1305,hemelytron,10
1306,hemelytrum,10
1307,hemeralopia,11
1308,hemerobian,10
1309,hemerobid,9
1310,hemerocallis,12
1311,hemialbumin,11
1312,hemialbumose,12
1313,hemianaesthesia,15
1314,hemibranchi,11
1315,hemicardia,10
1316,hemicarp,8
1317,hemicerebrum,12
1318,hemicollin,10
1319,hemicrania,10
1320,hemicrany,9
1321,hemicycle,9
1322,hemidactyl,10
1323,hemiditone,10
1324,hemigamous,10
1325,hemiglyph,9
1326,hemihedral,10
1327,hemihedrism,11
1328,hemihedron,10
1329,hemiholohedral,14
1330,hemimellitic,12
1331,hemimetabola,12
1332,hemimetabolic,13
1333,hemimorphic,11
1334,hemin,5
1335,heminae,7
1336,hemina,6
1337,hemionus,8
1338,hemiopia,8
1339,hemiopsia,9
1340,hemiorthotype,13
1341,hemipeptone,11
1342,hemiplegia,10
1343,hemiplegy,9
1344,hemipode,8
1345,hemiprotein,11
1346,hemipter,8
1347,hemiptera,9
1348,hemipteral,10
1349,hemipterous,11
1350,hemipteran,10
1351,hemisected,10
1352,hemisecting,11
1353,hemisect,8
1354,hemisection,11
1355,hemisphere,10
1356,hemispheric,11
1357,hemispherical,13
1358,hemispheroid,12
1359,hemispheroidal,14
1360,hemispherule,12
1361,hemistich,9
1362,hemistichal,11
1363,hemisystole,11
1364,hemitone,8
1365,hemitropal,10
1366,hemitropous,11
1367,hemitrope,9
1368,hemitropy,9
1369,hemlock,7
1370,hemmel,6
1371,hemmer,6
1372,hemoglobin,10
1373,hemoglobinometer,16
1374,hemophilia,10
1375,hemoptysis,10
1376,hemorrhage,10
1377,hemorrhagic,11
1378,hemorrhoidal,12
1379,hemorrhoids,11
1380,hemostatic,10
1381,hemoothorax,11
1382,hemp,4
1383,hempen,6
1384,hempy,5
1385,hemself,7
1386,hemselven,9
1387,hemstitched,11
1388,hemstitching,12
1389,hemstitch,9
1390,hemuse,6
1391,hen,3
1392,henbane,7
1393,henbit,6
1394,hence,5
1395,henceforth,10
1396,henceforward,12
1397,henchboy,8
1398,henchman,8
1399,hencoop,7
1400,hende,5
1401,hendecagon,10
1402,hendecane,9
1403,hendecasyllabic,15
1404,hendecasyllable,15
1405,hendecatoic,11
1406,hendiadys,9
1407,hendy,5
1408,henen,5
1409,henfish,7
1410,heng,4
1411,henhouses,9
1412,henhouse,8
1413,henhussy,8
1414,heniquen,8
1415,henna,5
1416,hennery,7
1417,hennes,6
1418,hennotannic,11
1419,henogenesis,11
1420,henotheism,10
1421,henotic,7
1422,henpecked,9
1423,henpecking,10
1424,henpeck,7
1425,henroost,8
1426,henrys,6
1427,henry,5
1428,hente,5
1429,hent,4
1430,henware,7
1431,henxman,7
1432,hep,3
1433,hepar,5
1434,hepatic,7
1435,hepaticae,9
1436,hepatica,8
1437,hepatical,9
1438,hepatite,8
1439,hepatitis,9
1440,hepatization,12
1441,hepatized,9
1442,hepatizing,10
1443,hepatize,8
1444,hepatocele,10
1445,hepatocystic,12
1446,hepatogastric,13
1447,hepatogenic,11
1448,hepatogenous,12
1449,hepatology,10
1450,hepatorenal,11
1451,hepatoscopy,11
1452,heppen,6
1453,hepper,6
1454,hepta,5
1455,heptachord,10
1456,heptad,6
1457,heptade,7
1458,heptaglot,9
1459,heptagon,8
1460,heptagonal,10
1461,heptagynia,10
1462,heptagynian,11
1463,heptagynous,11
1464,heptahedron,11
1465,heptamerous,11
1466,heptandria,10
1467,heptandrian,11
1468,heptandrous,11
1469,heptane,7
1470,heptangular,11
1471,heptaphyllous,13
1472,heptarch,8
1473,heptarchic,10
1474,heptarchist,11
1475,heptarchy,9
1476,heptaspermous,13
1477,heptastich,10
1478,heptateuch,10
1479,heptavalent,11
1480,heptene,7
1481,heptine,7
1482,heptoic,7
1483,heptone,7
1484,heptyl,6
1485,heptylene,9
1486,heptylic,8
1487,her,3
1488,here,4
1489,heracleonite,12
1490,herakline,9
1491,herald,6
1492,heralded,8
1493,heralding,9
1494,heraldic,8
1495,heraldically,12
1496,heraldry,8
1497,heraldship,10
1498,herapathite,11
1499,heraud,6
1500,herb,4
1501,herbaceous,10
1502,herbage,7
1503,herbaged,8
1504,herbal,6
1505,herbalism,9
1506,herbalist,9
1507,herbar,6
1508,herbarian,9
1509,herbarist,9
1510,herbariums,10
1511,herbaria,8
1512,herbarium,9
1513,herbarize,9
1514,herbary,7
1515,herber,6
1516,herbergage,10
1517,herbergeour,11
1518,herbergh,8
1519,herberwe,8
1520,herbescent,10
1521,herbid,6
1522,herbiferous,11
1523,herbist,7
1524,herbivora,9
1525,herbivore,9
1526,herbivorous,11
1527,herbless,8
1528,herblet,7
1529,herborist,9
1530,herborization,13
1531,herborized,10
1532,herborizing,11
1533,herborize,9
1534,herborough,10
1535,herbose,7
1536,herbous,7
1537,herby,5
1538,hercogamous,11
1539,herculean,9
1540,hercules,8
1541,hercynian,9
1542,herd,4
1543,herded,6
1544,herding,7
1545,herdbook,8
1546,herder,6
1547,herderite,9
1548,herdess,7
1549,herdgroom,9
1550,herdic,6
1551,herdman,7
1552,herdsman,8
1553,women,5
1554,herdswoman,10
1555,hereabouts,10
1556,hereafter,9
1557,hereafterward,13
1558,hereby,6
1559,hereditability,14
1560,hereditable,11
1561,hereditably,11
1562,hereditament,12
1563,hereditarily,12
1564,hereditary,10
1565,heredity,8
1566,hereford,8
1567,herehence,9
1568,herein,6
1569,hereinafter,11
1570,hereinbefore,12
1571,hereinto,8
1572,heremit,7
1573,heremite,8
1574,heremitical,11
1575,heren,5
1576,hereof,6
1577,hereon,6
1578,hereout,7
1579,heresiarch,10
1580,heresiarchy,11
1581,heresiographer,14
1582,heresiography,13
1583,heresies,8
1584,heresy,6
1585,heretic,7
1586,heretical,9
1587,heretically,11
1588,hereticate,10
1589,heretification,14
1590,hereto,6
1591,heretoch,8
1592,heretog,7
1593,heretofore,10
1594,hereunto,8
1595,hereupon,8
1596,herewith,8
1597,herie,5
1598,heriot,6
1599,heriotable,10
1600,herisson,8
1601,heritability,12
1602,heritable,9
1603,heritage,8
1604,heritance,9
1605,heritor,7
1606,herl,4
1607,herling,7
1608,hirling,7
1609,hermae,6
1610,herma,5
1611,hermaphrodeity,14
1612,hermaphrodism,13
1613,hermaphrodite,13
1614,hermaphroditic,14
1615,hermaphroditical,16
1616,hermaphroditism,15
1617,hermeneutic,11
1618,hermeneutical,13
1619,hermeneutically,15
1620,hermeneutics,12
1621,hermes,6
1622,hermetic,8
1623,hermetical,10
1624,hermetically,12
1625,hermit,6
1626,hermitage,9
1627,hermitary,9
1628,hermitess,9
1629,hermitical,10
1630,hermodactyl,11
1631,hermogenian,11
1632,hern,4
1633,hernani,7
1634,herne,5
1635,hernias,7
1636,herniae,7
1637,hernia,6
1638,hernial,7
1639,herniotomy,10
1640,hernshaw,8
1641,heroes,6
1642,hero,4
1643,herodian,8
1644,herodiones,10
1645,heroess,7
1646,heroic,6
1647,heroical,8
1648,heroicness,10
1649,heroicomic,10
1650,heroicomical,12
1651,heroine,7
1652,heroism,7
1653,heron,5
1654,heroner,7
1655,heronry,7
1656,heronsew,8
1657,heronshaw,9
1658,heroologist,11
1659,heroship,8
1660,herpes,6
1661,herpetic,8
1662,herpetism,9
1663,herpetologic,12
1664,herpetological,14
1665,herpetologist,13
1666,herpetology,11
1667,herpetotomist,13
1668,herpetotomy,11
1669,herr,4
1670,herring,7
1671,herringbone,11
1672,herrnhuter,10
1673,hers,4
1674,hersal,6
1675,herschel,8
1676,herschelian,11
1677,herse,5
1678,herself,7
1679,hersillon,9
1680,hert,4
1681,herte,5
1682,hertely,7
1683,hery,4
1684,hesitancy,9
1685,hesitant,8
1686,hesitantly,10
1687,hesitated,9
1688,hesitating,10
1689,hesitate,8
1690,hesitatingly,12
1691,hesitation,10
1692,hesitative,10
1693,hesitatory,10
1694,hesp,4
1695,hesper,6
1696,hesperetin,10
1697,hesperian,9
1698,hesperid,8
1699,hesperidene,11
1700,hesperides,10
1701,hesperidin,10
1702,hesperidium,11
1703,hesperornis,11
1704,hesperus,8
1705,hessian,7
1706,hessite,7
1707,hest,4
1708,hestern,7
1709,hesternal,9
1710,hesychast,9
1711,hetairism,9
1712,hetarism,8
1713,hetchel,7
1714,hete,4
1715,het,3
1716,heteracanth,11
1717,heterarchy,10
1718,heterauxesis,12
1719,heterocarpism,13
1720,heterocarpous,13
1721,hetercephalous,14
1722,heterocera,10
1723,heterocercal,12
1724,heterocercy,11
1725,heterochromous,14
1726,heterochronism,14
1727,heterochrony,12
1728,heteroclite,11
1729,heteroclitic,12
1730,heteroclitical,14
1731,heteroclitous,13
1732,heterocyst,10
1733,heterodactyl,12
1734,heterodactylae,14
1735,heterodactylous,15
1736,heterodont,10
1737,heterodox,9
1738,heterodoxal,11
1739,heterodoxy,10
1740,heterodromous,13
1741,heterogamous,12
1742,heterogamy,10
1743,heterogangliate,15
1744,heterogene,10
1745,heterogeneal,12
1746,heterogeneity,13
1747,heterogeneous,13
1748,heterogenesis,13
1749,heterogenetic,13
1750,heterogenist,12
1751,heterogenous,12
1752,heterogeny,10
1753,heterogonous,12
1754,heterogony,10
1755,heterographic,13
1756,heterography,12
1757,heterogynous,12
1758,heterologous,12
1759,heterology,10
1760,heteromera,10
1761,heteromerous,12
1762,heteromorphic,13
1763,heteromorphism,14
1764,heteromorphy,12
1765,heteromorphous,14
1766,heteromyaria,12
1767,heteronereis,12
1768,heteronomous,12
1769,heteronomy,10
1770,heteronym,9
1771,heteronymous,12
1772,heteroousian,12
1773,heteroousious,13
1774,heteropathic,12
1775,heteropathy,11
1776,heteropelmous,13
1777,heterophagi,11
1778,heterophemist,13
1779,heterophemy,11
1780,heterophony,11
1781,heterophyllous,14
1782,heteroplasm,11
1783,heteroplastic,13
1784,heteropod,9
1785,heteropoda,10
1786,heteropodous,12
1787,heteropter,10
1788,heteroptera,11
1789,heteroptics,11
1790,heteroscian,11
1791,heterosis,9
1792,heterosomati,12
1793,heterosporic,12
1794,heterosporous,13
1795,heterostyled,12
1796,heterostylism,13
1797,heterotactous,13
1798,heterotaxy,10
1799,heterotopism,12
1800,heterotopy,10
1801,heterotricha,12
1802,heterotropal,12
1803,heterotropous,13
1804,hething,7
1805,hetmans,7
1806,hetman,6
1807,heugh,5
1808,heuk,4
1809,heulandite,10
1810,heuristic,9
1811,heved,5
1812,hewed,5
1813,hewn,4
1814,hewing,6
1815,hew,3
1816,hewe,4
1817,hewer,5
1818,hewhole,7
1819,hexa,4
1820,hexabasic,9
1821,hexacapsular,12
1822,hexachord,9
1823,hexacid,7
1824,hexactinellid,13
1825,hexactinelline,14
1826,hexactinia,10
1827,hexad,5
1828,hexadactylous,13
1829,hexade,6
1830,hexadecane,10
1831,hexagon,7
1832,hexagonal,9
1833,hexagonally,11
1834,hexagony,8
1835,hexagynia,9
1836,hexagynian,10
1837,hexagynous,10
1838,hexahedral,10
1839,hexahedrons,11
1840,hexahedra,9
1841,hexahedron,10
1842,hexahemeron,11
1843,hexamerous,10
1844,hexameter,9
1845,hexametric,10
1846,hexametrical,12
1847,hexametrist,11
1848,hexandria,9
1849,hexandrian,10
1850,hexane,6
1851,hexangular,10
1852,hexapetalous,12
1853,hexaphyllous,12
1854,hexapla,7
1855,hexapod,7
1856,hexapoda,8
1857,hexapodous,10
1858,hexapterous,11
1859,hexastich,9
1860,hexastichon,11
1861,hexastyle,9
1862,hexateuch,9
1863,hexatomic,9
1864,hexavalent,10
1865,hexdecyl,8
1866,hexdecylic,10
1867,hexeikosane,11
1868,hexene,6
1869,hexicology,10
1870,hexine,6
1871,hexoctahedron,13
1872,hexoic,6
1873,hexone,6
1874,hexyl,5
1875,hexylene,8
1876,hexylic,7
1877,hey,3
1878,heyday,6
1879,heydeguy,8
1880,heyh,4
1881,heygh,5
1882,heyne,5
1883,heyten,6
1884,hiation,7
1885,hiatus,6
1886,hiatuses,8
1887,hibernacle,10
1888,hibernaculum,12
1889,hibernal,8
1890,hibernated,10
1891,hibernating,11
1892,hibernate,9
1893,hibernation,11
1894,hibernian,9
1895,hibernicism,11
1896,hibernianism,12
1897,hibiscus,8
1898,hiccough,8
1899,hiccoughed,10
1900,hiccoughing,11
1901,hickory,7
1902,hicksite,8
1903,hickup,6
1904,hickwall,8
1905,hickway,7
1906,hid,3
1907,hidage,6
1908,hidalgo,7
1909,hidden,6
1910,hiddenite,9
1911,hiddenly,8
1912,hiding,6
1913,hide,4
1914,hided,5
1915,hidebound,9
1916,hideous,7
1917,hider,5
1918,hied,4
1919,hying,5
1920,hie,3
1921,hiems,5
1922,hierapicra,10
1923,hierarch,8
1924,hierarchal,10
1925,hierarchic,10
1926,hierarchical,12
1927,hierarchism,11
1928,hierarchies,11
1929,hierarchy,9
1930,hieratic,8
1931,hierocracy,10
1932,hieroglyph,10
1933,hieroglyphic,12
1934,hieroglyphical,14
1935,hieroglyphically,16
1936,hieroglyphist,13
1937,hierogram,9
1938,hierogrammatic,14
1939,hierogrammatist,15
1940,hierographic,12
1941,hierographical,14
1942,hierography,11
1943,hierolatry,10
1944,hierologic,10
1945,hierological,12
1946,hierologist,11
1947,hierology,9
1948,hieromancy,10
1949,hiermartyr,10
1950,hieromnemon,11
1951,hieron,6
1952,hieronymite,11
1953,hierophant,10
1954,hierophantic,12
1955,hieroscopy,10
1956,hierotheca,10
1957,hierourgy,9
1958,hifalutin,9
1959,higgled,7
1960,higgling,8
1961,higgle,6
1962,higgler,7
1963,high,4
1964,highbinder,10
1965,highborn,8
1966,highering,9
1967,highfaluting,12
1968,highflier,9
1969,highflying,10
1970,highland,8
1971,highlander,10
1972,highlandry,10
1973,highly,6
1974,highmen,7
1975,highmost,8
1976,highness,8
1977,highroad,8
1978,hight,5
1979,hot,3
1980,hote,4
1981,hoten,5
1982,hightener,9
1983,highth,6
1984,highway,7
1985,highwaymen,10
1986,highwayman,10
1987,higre,5
1988,hijera,6
1989,hijra,5
1990,hilal,5
1991,hilar,5
1992,hilarious,9
1993,hilarity,8
1994,hilding,7
1995,hile,4
1996,hill,4
1997,hilled,6
1998,hilling,7
1999,hilliness,9
2000,hillock,7
2001,hillside,8
2002,hilltop,7
2003,hilly,5
2004,hilt,4
2005,hilted,6
2006,hilum,5
2007,hilus,5
2008,him,3
2009,himalayan,9
2010,himpne,6
2011,himself,7
2012,himselven,9
2013,himselve,8
2014,himyaric,8
2015,himyaritic,10
2016,hin,3
2017,hind,4
2018,hindberry,9
2019,hindbrain,9
2020,hinder,6
2021,hindered,8
2022,hindering,9
2023,hinderance,10
2024,hinderer,8
2025,hinderest,9
2026,hinderling,10
2027,hindermost,10
2028,hindmost,8
2029,hindgut,7
2030,hindi,5
2031,hindoos,7
2032,hindus,6
2033,hindoo,6
2034,hindu,5
2035,hindooism,9
2036,hinduism,8
2037,hindoostanee,12
2038,hindustani,10
2039,hindrance,9
2040,hine,4
2041,hinge,5
2042,hinged,6
2043,hinging,7
2044,hingeless,9
2045,hink,4
2046,hinniate,8
2047,hinny,5
2048,hinnies,7
2049,hinted,6
2050,hinting,7
2051,hint,4
2052,hintingly,9
2053,hip,3
2054,hipped,6
2055,hipping,7
2056,hipps,5
2057,hiphalt,7
2058,hippa,5
2059,hippe,5
2060,hipparion,9
2061,hippish,7
2062,hippobosca,10
2063,hippocamp,9
2064,hippocampal,11
2065,hippocampus,11
2066,hippocentaur,12
2067,hippocras,9
2068,hippocrates,11
2069,hippocratic,11
2070,hippocratism,12
2071,hippocrene,10
2072,hippocrepian,12
2073,hippocrepiform,14
2074,hippodame,9
2075,hippodrome,10
2076,hippogriff,10
2077,hippolith,9
2078,hippopathology,14
2079,hippophagi,10
2080,hippophagism,12
2081,hippophagist,12
2082,hippophagous,12
2083,hippophagy,10
2084,hippophile,10
2085,hippopotamuses,14
2086,hippopotami,11
2087,hippopotamus,12
2088,hippotomy,9
2089,hippuric,8
2090,hippurite,9
2091,hipshot,7
2092,hir,3
2093,hircic,6
2094,hircin,6
2095,hircine,7
2096,hircinous,9
2097,hire,4
2098,hired,5
2099,hiring,6
2100,hireless,8
2101,hireling,8
2102,hirer,5
2103,hires,5
2104,hirs,4
2105,hirsute,7
2106,hirsuteness,11
2107,hirtellous,10
2108,hirudine,8
2109,hirudinea,9
2110,hirudo,6
2111,hirundine,9
2112,hirundo,7
2113,his,3
2114,hisingerite,11
2115,hispanic,8
2116,hispanicism,11
2117,hispanicize,11
2118,hispid,6
2119,hispidulous,11
2120,hissed,6
2121,hissing,7
2122,hiss,4
2123,hissingly,9
2124,hist,4
2125,histiology,10
2126,histogenesis,12
2127,histogenetic,12
2128,histogeny,9
2129,histographer,12
2130,histographical,14
2131,histography,11
2132,histohaematin,13
2133,histoid,7
2134,histologic,10
2135,histological,12
2136,histologist,11
2137,histology,9
2138,histolysis,10
2139,histolytic,10
2140,histonomy,9
2141,histophyly,10
2142,historial,9
2143,historian,9
2144,historic,8
2145,historical,10
2146,historically,12
2147,historicize,11
2148,historied,9
2149,historier,9
2150,historiette,11
2151,histority,9
2152,historiographer,15
2153,historiographership,19
2154,historiography,14
2155,historiology,12
2156,historionomer,13
2157,historize,9
2158,histories,9
2159,history,7
2160,histotomy,9
2161,histozyme,9
2162,histrion,8
2163,histrionic,10
2164,histrionical,12
2165,histrionicism,13
2166,histrionism,11
2167,histrionize,11
2168,hit,3
2169,hitting,7
2170,hit.,4
2171,hitch,5
2172,hitched,7
2173,hitching,8
2174,hitchel,7
2175,hithe,5
2176,hither,6
2177,hithermost,10
2178,hitherto,8
2179,hitherward,10
2180,hitter,6
2181,hive,4
2182,hived,5
2183,hiving,6
2184,hiveless,8
2185,hiver,5
2186,hives,5
2187,hizz,4
2188,ho,2
2189,hoa,3
2190,hoar,4
2191,hoard,5
2192,hoarded,7
2193,hoarding,8
2194,hoarder,7
2195,hoared,6
2196,hoarfrost,9
2197,hoarhound,9
2198,hoariness,9
2199,hoarse,6
2200,hoarsely,8
2201,hoarsened,9
2202,hoarsening,10
2203,hoarsen,7
2204,hoarseness,10
2205,hoarstone,9
2206,hoary,5
2207,hoatzin,7
2208,hoax,4
2209,hoaxed,6
2210,hoaxing,7
2211,hoaxer,6
2212,hoazin,6
2213,hob,3
2214,hobanob,7
2215,hobandnob,9
2216,hobbism,7
2217,hobbist,7
2218,hobbled,7
2219,hobbling,8
2220,hobble,6
2221,hobblebush,10
2222,hobbledehoy,11
2223,hobbletehoy,11
2224,hobbler,7
2225,hobblingly,10
2226,hobbly,6
2227,hobbies,7
2228,hobby,5
2229,hobbyhorse,10
2230,hobbyhorsical,13
2231,hobgoblin,9
2232,hobiler,7
2233,hobit,5
2234,hobnail,7
2235,hobnailed,9
2236,hobnob,6
2237,hornobbed,9
2238,hornobbing,10
2239,hobornob,8
2240,hoboy,5
2241,hocco,5
2242,hochepot,8
2243,hock,4
2244,hough,5
2245,hockamore,9
2246,hockday,7
2247,hockey,6
2248,hockherb,8
2249,hockled,7
2250,hockling,8
2251,hockle,6
2252,hocus,5
2253,hocuspocus,10
2254,hod,3
2255,hoddengray,10
2256,hoddy,5
2257,hoddydoddy,10
2258,hodgepodge,10
2259,hodiern,7
2260,hodiernal,9
2261,hodmen,6
2262,hodman,6
2263,hodmandod,9
2264,hodograph,9
2265,hodometer,9
2266,hoe,3
2267,hoed,4
2268,hoeing,6
2269,hoecake,7
2270,hoemother,9
2271,hoful,5
2272,hog,3
2273,hogged,6
2274,hogging,7
2275,hogback,7
2276,hogchain,8
2277,hogchoker,9
2278,hogcote,7
2279,hogfish,7
2280,hogframe,8
2281,hogger,6
2282,hoggerel,8
2283,hoggerpipe,10
2284,hoggery,7
2285,hogget,6
2286,hoggish,7
2287,hogh,4
2288,hogherd,7
2289,hogmanay,8
2290,hognosesnake,12
2291,hognut,6
2292,hogo,4
2293,hogpen,6
2294,hogreeve,8
2295,hogringer,9
2296,hogscore,8
2297,hogshead,8
2298,hogskin,7
2299,hogsties,8
2300,hogsty,6
2301,hogwash,7
2302,hogweed,7
2303,hoiden,6
2304,hoidenhood,10
2305,hoidenish,9
2306,hoise,5
2307,hoisted,7
2308,hoisting,8
2309,hoist,5
2310,hoistaway,9
2311,hoistway,8
2312,hoit,4
2313,hokeday,7
2314,hoker,5
2315,hol,3
2316,holaspidean,11
2317,holcad,6
2318,hold,4
2319,holding,7
2320,holden,6
2321,holdback,8
2322,holder,6
2323,holdfast,8
2324,hole,4
2325,holethnic,9
2326,holethnos,9
2327,holibut,7
2328,holidam,7
2329,holiday,7
2330,holily,6
2331,holiness,8
2332,holing,6
2333,holla,5
2334,hollaed,7
2335,hollaing,8
2336,holland,7
2337,hollander,9
2338,hollandish,10
2339,hollands,8
2340,hollo,5
2341,holloed,7
2342,holloing,8
2343,holloa,6
2344,hollow,6
2345,hollowed,8
2346,hollowing,9
2347,hollowly,8
2348,hollowness,10
2349,holly,5
2350,hollyhock,9
2351,holm,4
2352,holmia,6
2353,holmium,7
2354,holmos,6
2355,holoblast,9
2356,holoblastic,11
2357,holocaust,9
2358,holocephali,11
2359,holocryptic,11
2360,holocrystalline,15
2361,holograph,9
2362,holographic,11
2363,holohedral,10
2364,holohemihedral,14
2365,holometabola,12
2366,holometabolic,13
2367,holometer,9
2368,holophanerous,13
2369,holophotal,10
2370,holophote,9
2371,holophrastic,12
2372,holophytic,10
2373,holorhinal,10
2374,holosiderite,12
2375,holostean,9
2376,holostei,8
2377,holosteric,10
2378,holostomata,11
2379,holostomate,11
2380,holostomatous,13
2381,holostome,9
2382,holostraca,10
2383,holothure,9
2384,holothurian,11
2385,holothurioidea,14
2386,holotricha,10
2387,holour,6
2388,holsom,6
2389,holster,7
2390,holstered,9
2391,holt,4
2392,holwe,5
2393,holy,4
2394,holyday,7
2395,holystone,9
2396,homacanth,9
2397,homage,6
2398,homaged,7
2399,homaging,8
2400,homageable,10
2401,homager,7
2402,homalographic,13
2403,homaloid,8
2404,homaloidal,10
2405,homarus,7
2406,homatropine,11
2407,homaxonial,10
2408,home,4
2409,homeborn,8
2410,homefield,9
2411,homeless,8
2412,homelike,8
2413,homelily,8
2414,homeliness,10
2415,homeling,8
2416,homely,6
2417,homelyn,7
2418,homemade,8
2419,homeopath,9
2420,homeopathic,11
2421,homeopathically,15
2422,homeopathist,12
2423,homeopathy,10
2424,homer,5
2425,homeric,7
2426,homesick,8
2427,homespun,8
2428,homestall,9
2429,homestead,9
2430,homesteader,11
2431,homeward,8
2432,homewards,9
2433,homicidal,9
2434,homicide,8
2435,homiform,8
2436,homilete,8
2437,homiletic,9
2438,homiletical,11
2439,homiletics,10
2440,homilist,8
2441,homilite,8
2442,homilies,8
2443,homily,6
2444,homing,6
2445,hominy,6
2446,homish,6
2447,hommock,7
2448,hommocky,8
2449,homocategoric,13
2450,homocentric,11
2451,homocercal,10
2452,homocercy,9
2453,homocerebrin,12
2454,homochromous,12
2455,homodemic,9
2456,homodermic,10
2457,homodermy,9
2458,homodont,8
2459,homodromal,10
2460,homodromous,11
2461,homodynamic,11
2462,homodynamous,12
2463,homodynamy,10
2464,homoeomeria,11
2465,homoeomeric,11
2466,homoeomerical,13
2467,homoeomerous,12
2468,homoeomery,10
2469,homoeomorphism,14
2470,homoeomorphous,14
2471,homoeopathic,12
2472,homoeopathist,13
2473,homoeopathy,11
2474,homoeothermal,13
2475,homoeozoic,10
2476,homogamous,10
2477,homogamy,8
2478,homogangliate,13
2479,homogene,8
2480,homogeneal,10
2481,homogenealness,14
2482,homogeneity,11
2483,homogeneous,11
2484,homogeneousness,15
2485,homogenesis,11
2486,homogenetic,11
2487,homogenous,10
2488,homogeny,8
2489,homogonous,10
2490,homogony,8
2491,homograph,9
2492,homographic,11
2493,homography,10
2494,homoioptoton,12
2495,homoiothermal,13
2496,homoiousian,11
2497,homologated,11
2498,homologating,12
2499,homologate,10
2500,homologation,12
2501,homological,11
2502,homologinic,11
2503,homologize,10
2504,homologon,9
2505,homologoumena,13
2506,homologous,10
2507,homolographic,13
2508,homologue,9
2509,homology,8
2510,homomallous,11
2511,homomorphic,11
2512,homomorphous,12
2513,homomorphism,12
2514,homomorphy,10
2515,homonomous,10
2516,homonomy,8
2517,homonym,7
2518,homonymous,10
2519,homonymously,12
2520,homonymy,8
2521,homoorgan,9
2522,homoousian,10
2523,homophone,9
2524,homophonic,10
2525,homophonous,11
2526,homophony,9
2527,homophylic,10
2528,homophyly,9
2529,homoplasmy,10
2530,homoplast,9
2531,homoplastic,11
2532,homoplasty,10
2533,homoplasy,9
2534,homopolic,9
2535,homopter,8
2536,homoptera,9
2537,homopteran,10
2538,homopterous,11
2539,homostyled,10
2540,homosystemic,12
2541,homotaxia,9
2542,homotaxial,10
2543,homotaxic,9
2544,homotaxis,9
2545,homotaxy,8
2546,homothermic,11
2547,homothermous,12
2548,homotonous,10
2549,homotropal,10
2550,homotropous,11
2551,homotypal,9
2552,homotype,8
2553,homotypic,9
2554,homotypical,11
2555,homotypy,8
2556,homunculi,9
2557,homunculus,10
2558,hond,4
2559,hone,4
2560,honed,5
2561,honing,6
2562,honest,6
2563,honestation,11
2564,honestetee,10
2565,honestly,8
2566,honesty,7
2567,honewort,8
2568,honey,5
2569,honeyed,7
2570,honeying,8
2571,honeybee,8
2572,honeybird,9
2573,honeycomb,9
2574,honeycombed,11
2575,honeydew,8
2576,honeyless,9
2577,honeymoon,9
2578,honeystone,10
2579,honeysucker,11
2580,honeysuckle,11
2581,honeysuckled,12
2582,honeyware,9
2583,honeywort,9
2584,hong,4
2585,honied,6
2586,honk,4
2587,honor,5
2588,honored,7
2589,honoring,8
2590,honorable,9
2591,honorableness,13
2592,honorably,9
2593,honorarium,10
2594,honorary,8
2595,honorer,7
2596,honorific,9
2597,honorless,9
2598,hont,4
2599,hoo,3
2600,hood,4
2601,hooded,6
2602,hooding,7
2603,hoodcap,7
2604,hoodless,8
2605,hoodlum,7
2606,hoodman,7
2607,hoodoo,6
2608,hoodwink,8
2609,hoody,5
2610,hoofs,5
2611,hooves,6
2612,hoof,4
2613,hoofbound,9
2614,hoofed,6
2615,hoofless,8
2616,hook,4
2617,hooked,6
2618,hooking,7
2619,hookah,6
2620,hookedness,10
2621,hooker,6
2622,hookey,6
2623,hooklet,7
2624,hooky,5
2625,hool,4
2626,hoolock,7
2627,hoom,4
2628,hoonoomaun,10
2629,hoop,4
2630,hooped,6
2631,hooping,7
2632,hooper,6
2633,hoopoe,6
2634,hoopoo,6
2635,hoosier,7
2636,hooted,6
2637,hooting,7
2638,hoot,4
2639,hoove,5
2640,hooven,6
2641,hopped,6
2642,hopping,7
2643,hop,3
2644,hopbine,7
2645,hopbind,7
2646,hope,4
2647,hoped,5
2648,hoping,6
2649,hopeful,7
2650,hopeite,7
2651,hopeless,8
2652,hoper,5
2653,hopingly,8
2654,hoplite,7
2655,hopper,6
2656,hopperings,10
2657,hoppestere,10
2658,hoppet,6
2659,hoppled,7
2660,hoppling,8
2661,hopple,6
2662,hopplebush,10
2663,hoppo,5
2664,hopscotch,9
2665,hopyard,7
2666,horal,5
2667,horaly,6
2668,horary,6
2669,horatian,8
2670,horde,5
2671,hordeic,7
2672,hordein,7
2673,hordeolum,9
2674,hordock,7
2675,hore,4
2676,horehound,9
2677,horizon,7
2678,horizontal,10
2679,horizontality,13
2680,horizontally,12
2681,hormogonium,11
2682,horn,4
2683,hornbeak,8
2684,hornbeam,8
2685,hornbill,8
2686,hornblende,10
2687,hornblendic,11
2688,hornblower,10
2689,hornbook,8
2690,hornbug,7
2691,horned,6
2692,hornedness,10
2693,hornel,6
2694,horner,6
2695,hornet,6
2696,hornfish,8
2697,hornfoot,8
2698,hornify,7
2699,horning,7
2700,hornish,7
2701,hornito,7
2702,hornless,8
2703,hornotine,9
2704,hornowl,7
2705,hornpike,8
2706,hornpipe,8
2707,hornpout,8
2708,hornsnake,9
2709,hornstone,9
2710,horntail,8
2711,hornwork,8
2712,hornwort,8
2713,hornwrack,9
2714,horny,5
2715,hornyhead,9
2716,horography,10
2717,horologe,8
2718,horologer,9
2719,horological,11
2720,horologiographer,16
2721,horologiographic,16
2722,horologiography,15
2723,horologist,10
2724,horology,8
2725,horometer,9
2726,horometrical,12
2727,horometry,9
2728,horopter,8
2729,horopteric,10
2730,horoscope,9
2731,horoscoper,10
2732,horoscopist,11
2733,horoscopy,9
2734,horrendous,10
2735,horrent,7
2736,horrible,8
2737,horribleness,12
2738,horribly,8
2739,horrid,6
2740,horridly,8
2741,horridness,10
2742,horrific,8
2743,horrification,13
2744,horrified,9
2745,horrifying,10
2746,horrify,7
2747,horripilation,13
2748,horrisonant,11
2749,horrisonous,11
2750,horror,6
2751,horse,5
2752,horsed,6
2753,horsing,7
2754,horseback,9
2755,horsefish,9
2756,horseflesh,10
2757,horseflies,10
2758,horsefly,8
2759,horsefeet,9
2760,horsefoot,9
2761,horsehair,9
2762,horsehead,9
2763,horsehide,9
2764,horseknop,9
2765,horselaugh,10
2766,horsemen,8
2767,horseman,8
2768,horsemanship,12
2769,horsemint,9
2770,horsenail,9
2771,horseplay,9
2772,horsepond,9
2773,horserake,9
2774,horseshoe,9
2775,horseshoer,10
2776,horseshoeing,12
2777,horsetail,9
2778,horseweed,9
2779,horsewhip,9
2780,horsewomen,10
2781,horsewoman,10
2782,horsewood,9
2783,horseworm,9
2784,horsiness,9
2785,horsly,6
2786,horsy,5
2787,hortation,9
2788,hortative,9
2789,hortatory,9
2790,hortensial,10
2791,horticultor,11
2792,horticultural,13
2793,horticulture,12
2794,horticulturist,14
2795,hortulan,8
2796,hortyard,8
2797,hosannas,8
2798,hosanna,7
2799,hose,4
2800,hosen,5
2801,hosier,6
2802,hosiery,7
2803,hospice,7
2804,hospitable,10
2805,hospitableness,14
2806,hospitably,10
2807,hospitage,9
2808,hospital,8
2809,hospitaler,10
2810,hospitalism,11
2811,hospitalities,13
2812,hospitality,11
2813,hospitalize,11
2814,hospitate,9
2815,hospitium,9
2816,hospodar,8
2817,host,4
2818,hostage,7
2819,hostel,6
2820,hosteler,8
2821,hostelry,8
2822,hostess,7
2823,hostie,6
2824,hostile,7
2825,hostilely,9
2826,hostilities,11
2827,hostility,9
2828,hostilize,9
2829,hosting,7
2830,hostler,7
2831,hostless,8
2832,hostry,6
2833,hotbed,6
2834,hotchpot,8
2835,hotchpotch,10
2836,hotcockles,10
2837,hotel,5
2838,hotfoot,7
2839,hothouse,8
2840,hotly,5
2841,hotness,7
2842,hotpress,8
2843,hotpressed,10
2844,hotspur,7
2845,hotspurred,10
2846,hottentot,9
2847,hottentotism,12
2848,houdah,6
2849,houghed,7
2850,houghing,8
2851,houlet,6
2852,hoult,5
2853,hound,5
2854,hounded,7
2855,hounding,8
2856,houndfish,9
2857,houp,4
2858,hour,4
2859,hourglass,9
2860,houris,6
2861,houri,5
2862,hourly,6
2863,hours,5
2864,housage,7
2865,houses,6
2866,house,5
2867,housed,6
2868,housing,7
2869,housebote,9
2870,housebreaker,12
2871,housebreaking,13
2872,housebuilder,12
2873,housecarl,9
2874,household,9
2875,householder,11
2876,housekeeper,11
2877,housekeeping,12
2878,housel,6
2879,houseleek,9
2880,houseless,9
2881,houselessness,13
2882,houseline,9
2883,houseling,9
2884,housemaid,9
2885,housemate,9
2886,houseroom,9
2887,housewarming,12
2888,housewife,9
2889,housewive,9
2890,housewifely,11
2891,housewifery,11
2892,housework,9
2893,housewright,11
2894,housling,8
2895,houss,5
2896,houtou,6
2897,houve,5
2898,houyhnhnm,9
2899,hovel,5
2900,hoveled,7
2901,hovelled,8
2902,hoveling,8
2903,hovelling,9
2904,hoveler,7
2905,hover,5
2906,hovered,7
2907,hovering,8
2908,hoverer,7
2909,hoveringly,10
2910,how,3
2911,howadji,7
2912,howbeit,7
2913,howdah,6
2914,howdy,5
2915,howel,5
2916,howell,6
2917,however,7
2918,howitz,6
2919,howitzer,8
2920,howker,6
2921,howled,6
2922,howling,7
2923,howl,4
2924,howler,6
2925,howlet,6
2926,howp,4
2927,howso,5
2928,howsoever,9
2929,howve,5
2930,hox,3
2931,hoy,3
2932,hoyden,6
2933,hoymen,6
2934,hoyman,6
2935,huanaco,7
2936,hub,3
2937,hubbub,6
2938,hubby,5
2939,hubner,6
2940,huch,4
2941,huchen,6
2942,huck,4
2943,huckaback,9
2944,huckle,6
2945,huckleberry,11
2946,huckster,8
2947,huckstered,10
2948,huckstering,11
2949,hucksterage,11
2950,hucksterer,10
2951,huckstress,10
2952,hud,3
2953,huddled,7
2954,huddling,8
2955,huddle,6
2956,huddler,7
2957,hudge,5
2958,hudibrastic,11
2959,hudsonian,9
2960,hue,3
2961,hued,4
2962,hueless,7
2963,huer,4
2964,huffed,6
2965,huffing,7
2966,huff,4
2967,huffcap,7
2968,huffer,6
2969,huffiness,9
2970,huffingly,9
2971,huffish,7
2972,huffy,5
2973,hugged,6
2974,hugging,7
2975,hug,3
2976,huge,4
2977,hugger,6
2978,huggle,6
2979,huguenot,8
2980,huguenotism,11
2981,hugy,4
2982,huisher,7
2983,huke,4
2984,hulan,5
2985,hulch,5
2986,hulchy,6
2987,hulk,4
2988,hulking,7
2989,hulky,5
2990,hull,4
2991,hulled,6
2992,hulling,7
2993,hullabaloo,10
2994,huller,6
2995,hullo,5
2996,hully,5
2997,huloist,7
2998,hulotheism,10
2999,hulver,6
3000,hummed,6
3001,humming,7
3002,hum,3
3003,human,5
3004,humanate,8
3005,humane,6
3006,humanics,8
3007,humanify,8
3008,humanism,8
3009,humanist,8
3010,humanistic,10
3011,humanitarian,12
3012,humanitarianism,15
3013,humanitian,10
3014,humanities,10
3015,humanity,8
3016,humanization,12
3017,humanized,9
3018,humanizing,10
3019,humanize,8
3020,humanizer,9
3021,humankind,9
3022,humanly,7
3023,humanness,9
3024,humate,6
3025,humation,8
3026,humbird,7
3027,humble,6
3028,humbled,7
3029,humbling,8
3030,humblebee,9
3031,humblehead,10
3032,humbleness,10
3033,humbler,7
3034,humbles,7
3035,humblesse,9
3036,humbly,6
3037,humbug,6
3038,humbugged,9
3039,humbugging,10
3040,humbugger,9
3041,humbuggery,10
3042,humdrum,7
3043,humect,6
3044,humectate,9
3045,humectant,9
3046,humectation,11
3047,humective,9
3048,humeral,7
3049,humeri,6
3050,humerus,7
3051,humic,5
3052,humicubation,12
3053,humid,5
3054,humidity,8
3055,humidness,9
3056,humifuse,8
3057,humiliant,9
3058,humiliated,10
3059,humiliating,11
3060,humiliate,9
3061,humiliation,11
3062,humilities,10
3063,humility,8
3064,humin,5
3065,humiri,6
3066,humite,6
3067,hummel,6
3068,hummeler,8
3069,hummer,6
3070,hummock,7
3071,hummocking,10
3072,hummocky,8
3073,hummum,6
3074,humor,5
3075,humored,7
3076,humoring,8
3077,humoral,7
3078,humoralism,10
3079,humoralist,10
3080,humorism,8
3081,humorist,8
3082,humoristic,10
3083,humorize,8
3084,humorless,9
3085,humorous,8
3086,humorously,10
3087,humorousness,12
3088,humorsome,9
3089,humorsomely,11
3090,humorsomeness,13
3091,hump,4
3092,humpback,8
3093,humpbacked,10
3094,humped,6
3095,humph,5
3096,humpless,8
3097,humpy,5
3098,humstrum,8
3099,humulin,7
3100,humus,5
3101,hun,3
3102,hunch,5
3103,hunched,7
3104,hunching,8
3105,hunchback,9
3106,hunchbacked,11
3107,hundred,7
3108,hundreder,9
3109,hundredfold,11
3110,hundredth,9
3111,hundredweight,13
3112,hungarian,9
3113,hungary,7
3114,hunger,6
3115,hungered,8
3116,hungering,9
3117,hungerer,8
3118,hungerly,8
3119,hungred,7
3120,hungrily,8
3121,hungry,6
3122,hunk,4
3123,hunker,6
3124,hunkerism,9
3125,hunks,5
3126,hunted,6
3127,hunting,7
3128,hunt,4
3129,hunte,5
3130,hunter,6
3131,hunterian,9
3132,huntress,8
3133,huntsmen,8
3134,huntsman,8
3135,huntsmanship,12
3136,hurden,6
3137,hurdle,6
3138,hurdleed,8
3139,hurdleing,9
3140,hurdlework,10
3141,hurds,5
3142,hurkaru,7
3143,hurled,6
3144,hurling,7
3145,hurl,4
3146,hurlbat,7
3147,hurlbone,8
3148,hurler,6
3149,hurlwind,8
3150,hurly,5
3151,huronian,8
3152,hurons,6
3153,hurr,4
3154,hurrah,6
3155,hurra,5
3156,hurricane,9
3157,hurricanoes,11
3158,hurricano,9
3159,hurried,7
3160,hurrier,7
3161,hurries,7
3162,hurrying,8
3163,hurry,5
3164,hurryingly,10
3165,hurst,5
3166,hurt,4
3167,hurting,7
3168,hurter,6
3169,hurtful,7
3170,hurtled,7
3171,hurtling,8
3172,hurtle,6
3173,hurtleberry,11
3174,hurtless,8
3175,husband,7
3176,husbanded,9
3177,husbanding,10
3178,husbandable,11
3179,husbandage,10
3180,husbandless,11
3181,husbandly,9
3182,husbandmen,10
3183,husbandman,10
3184,husbandry,9
3185,hushed,6
3186,hushing,7
3187,hush,4
3188,husher,6
3189,husk,4
3190,husked,6
3191,husking,7
3192,huskily,7
3193,huskiness,9
3194,husky,5
3195,huso,4
3196,hussar,6
3197,hussite,7
3198,hussy,5
3199,hustings,8
3200,hustled,7
3201,hustling,8
3202,hustle,6
3203,huswife,7
3204,huswifely,9
3205,huswifery,9
3206,hut,3
3207,hutted,6
3208,hutting,7
3209,hutch,5
3210,hutched,7
3211,hutching,8
3212,hutchunsonian,13
3213,huttonian,9
3214,huxter,6
3215,huyghenian,10
3216,huzz,4
3217,huzza,5
3218,huzzaed,7
3219,huzzaing,8
3220,hy,2
3221,hyacine,7
3222,hyacinth,8
3223,hyacinthian,11
3224,hyacinthine,11
3225,hyades,6
3226,hyads,5
3227,hyaena,6
3228,hyalea,6
3229,hyalescence,11
3230,hyaline,7
3231,hyalite,7
3232,hyalograph,10
3233,hyalography,11
3234,hyaloid,7
3235,hyalonema,9
3236,hyalophane,10
3237,hyalospongia,12
3238,hyalotype,9
3239,hybernacle,10
3240,hybernate,9
3241,hybernation,11
3242,hyblaean,8
3243,hybodont,8
3244,hybodus,7
3245,hybrid,6
3246,hybridism,9
3247,hybridist,9
3248,hybridity,9
3249,hybridizable,12
3250,hybridization,13
3251,hybridized,10
3252,hybridizing,11
3253,hybridize,9
3254,hybridizer,10
3255,hybridous,9
3256,hydage,6
3257,hydantoic,9
3258,hydantoin,9
3259,hydatid,7
3260,hydatiform,10
3261,hydatoid,8
3262,hydras,6
3263,hydrae,6
3264,hydra,5
3265,hydrachnid,10
3266,hydracid,8
3267,hydracrylic,11
3268,hydractinian,12
3269,hydraemia,9
3270,hydragogue,10
3271,hydramide,9
3272,hydramine,9
3273,hydrangea,9
3274,hydrant,7
3275,hydranth,8
3276,hydrargochloride,16
3277,hydrargyrate,12
3278,hydrargyrism,12
3279,hydrargyrum,11
3280,hydrarthrosis,13
3281,hydrastine,10
3282,hydrate,7
3283,hydrated,8
3284,hydrating,9
3285,hydration,9
3286,hydraulic,9
3287,hydraulical,11
3288,hydraulicon,11
3289,hydraulics,10
3290,hydrazine,9
3291,hydrencephsloid,15
3292,hydria,6
3293,hydriad,7
3294,hydric,6
3295,hydride,7
3296,hydriform,9
3297,hydrina,7
3298,hydriodate,10
3299,hydriodic,9
3300,hydriodide,10
3301,hydrobarometer,14
3302,hydrobilirubin,14
3303,hydrobranchiata,15
3304,hydrobromate,12
3305,hydrobromic,11
3306,hydrobromide,12
3307,hydrocarbon,11
3308,hydrocarbonaceous,17
3309,hydrocarbonate,14
3310,hydrocarbostyril,16
3311,hydrocarburet,13
3312,hydrocauli,10
3313,hydrocaulus,11
3314,hydrocele,9
3315,hydrocephalic,13
3316,hydrocephaloid,14
3317,hydrocephalous,14
3318,hydrocephalus,13
3319,hydrochlorate,13
3320,hydrochloric,12
3321,hydrochloride,13
3322,hydrocorallia,13
3323,hydrocyanate,12
3324,hydrocyanic,11
3325,hydrocyanide,12
3326,hydrodynamic,12
3327,hydrodynamical,14
3328,hydrodynamics,13
3329,hydrodynamometer,16
3330,hydroferricyanic,16
3331,hydroferrocyanic,16
3332,hydrofluate,11
3333,hydrofluoric,12
3334,hydrofluosilicate,17
3335,hydrofluosilicic,16
3336,hydrogalvanic,13
3337,hydrogen,8
3338,hydrogenated,12
3339,hydrogenating,13
3340,hydrogenate,11
3341,hydrogenation,13
3342,hydrogenide,11
3343,hydrogenium,11
3344,hydrogenized,12
3345,hydrogenizing,13
3346,hydrogenize,11
3347,hydrogenous,11
3348,hydrognosy,10
3349,hydrogode,9
3350,hydrographer,12
3351,hydrographic,12
3352,hydrographical,14
3353,hydrography,11
3354,hydroguret,10
3355,hydroid,7
3356,hydroidea,9
3357,hydrokinetic,12
3358,hydrological,12
3359,hydrologist,11
3360,hydrology,9
3361,hydrolytic,10
3362,hydromagnesite,14
3363,hydromancy,10
3364,hydromantic,11
3365,hydromechanics,14
3366,hydromedusae,12
3367,hydromedusa,11
3368,hydromel,8
3369,hydromellonic,13
3370,hydrometallurgical,18
3371,hydrometallurgy,15
3372,hydrometeor,11
3373,hydrometeorological,19
3374,hydrometeorology,16
3375,hydrometer,10
3376,hydrometric,11
3377,hydrometrical,13
3378,hydrometrograph,15
3379,hydrometry,10
3380,hydromica,9
3381,hydronephrosis,14
3382,hydropath,9
3383,hydropathic,11
3384,hydropathical,13
3385,hydropathist,12
3386,hydropathy,10
3387,hydroperitoneum,15
3388,hydrophane,10
3389,hydrophanous,12
3390,hydrophid,9
3391,hydrophlorone,13
3392,hydrophobia,11
3393,hydrophobic,11
3394,hydrophoby,10
3395,hydrophora,10
3396,hydrophore,10
3397,hydrophyllia,12
3398,hydrophylliums,14
3399,hydrophyllium,13
3400,hydrophyte,10
3401,hydrophytology,14
3402,hydropic,8
3403,hydropical,10
3404,hydropically,12
3405,hydropiper,10
3406,hydropneumatic,14
3407,hydropsy,8
3408,hydropult,9
3409,hydroquinone,12
3410,hydrorhizae,11
3411,hydrorhizas,11
3412,hydrorhiza,10
3413,hydrosalt,9
3414,hydroscope,10
3415,hydrosome,9
3416,hydrosoma,9
3417,hydrosorbic,11
3418,hydrostat,9
3419,hydrostatic,11
3420,hydrostatical,13
3421,hydrostatically,15
3422,hydrostatician,14
3423,hydrostatics,12
3424,hydrosulphate,13
3425,hydrosulphide,13
3426,hydrosulphite,13
3427,hydrosulphuret,14
3428,hydrosulphureted,16
3429,hydrosulphuric,14
3430,hydrosulphurous,15
3431,hydrotellurate,14
3432,hydrotelluric,13
3433,hydrothecae,11
3434,hydrothecas,11
3435,hydrotheca,10
3436,hydrotherapy,12
3437,hydrothermal,12
3438,hydrothorax,11
3439,hydrotic,8
3440,hydrotical,10
3441,hydrotrope,10
3442,hydrotropic,11
3443,hydrotropism,12
3444,hydrous,7
3445,hydroxanthane,13
3446,hydroxanthic,12
3447,hydroxide,9
3448,hydroxyl,8
3449,hydroxylamine,13
3450,hydrozoa,8
3451,hydrozoal,9
3452,hydrozoons,10
3453,hydrozoon,9
3454,hydruret,8
3455,hydrus,6
3456,hye,3
3457,hyemal,6
3458,hyemate,7
3459,hyemation,9
3460,hyen,4
3461,hyenas,6
3462,hyena,5
3463,hyetal,6
3464,hyetograph,10
3465,hyetographic,12
3466,hyetography,11
3467,hygeia,6
3468,hygeian,7
3469,hygeist,7
3470,hygieist,8
3471,hygiene,7
3472,hygienic,8
3473,hygienics,9
3474,hygienism,9
3475,hygienist,9
3476,hygiology,9
3477,hygrine,7
3478,hygrodeik,9
3479,hygrograph,10
3480,hygrology,9
3481,hygrometer,10
3482,hygrometric,11
3483,hygrometrical,13
3484,hygrometry,10
3485,hygrophanous,12
3486,hygrophthalmic,14
3487,hygroplasm,10
3488,hygroscope,10
3489,hygroscopic,11
3490,hygroscopicity,14
3491,hygrostatics,12
3492,hyke,4
3493,hylaeosaur,10
3494,hylaeosaurus,12
3495,hylarchical,11
3496,hyleosaur,9
3497,hylic,5
3498,hylicist,8
3499,hylism,6
3500,hylobate,8
3501,hylodes,7
3502,hyloism,7
3503,hyloist,7
3504,hylopathism,11
3505,hylopathist,11
3506,hylophagous,11
3507,hylotheism,10
3508,hylotheist,10
3509,hylozoic,8
3510,hylozoism,9
3511,hylozoist,9
3512,hymar,5
3513,hymen,5
3514,hymeneal,8
3515,hymenean,8
3516,hymenia,7
3517,hymeniums,9
3518,hymenium,8
3519,hymenogeny,10
3520,hymenomycetes,13
3521,hymenophore,11
3522,hymenopter,10
3523,hymenoptera,11
3524,hymenopteral,12
3525,hymenopterous,13
3526,hymenopteran,12
3527,hymn,4
3528,hymned,6
3529,hymning,7
3530,hymnal,6
3531,hymnic,6
3532,hymnist,7
3533,hymnody,7
3534,hymnographer,12
3535,hymnography,11
3536,hymnologist,11
3537,hymnology,9
3538,hympne,6
3539,hyndreste,9
3540,hyne,4
3541,hyoganoidei,11
3542,hyoglossal,10
3543,hyoglossus,10
3544,hyoid,5
3545,hyoideal,8
3546,hyoidean,8
3547,hyomandibular,13
3548,hyomental,9
3549,hyopastron,10
3550,hyoscine,8
3551,hyoscyamine,11
3552,hyoscyamus,10
3553,hyosternal,10
3554,hyosternum,10
3555,hyostylic,9
3556,hyp,3
3557,hypaethral,10
3558,hypethral,9
3559,hypallage,9
3560,hypanthia,9
3561,hypanthiums,11
3562,hypanthium,10
3563,hypapophyles,12
3564,hypapophysis,12
3565,hyparterial,11
3566,hypaspist,9
3567,hypaxial,8
3568,hyperaemia,10
3569,hyperaesthesia,14
3570,hyperapophyses,14
3571,hyperapophysis,14
3572,hyperaspist,11
3573,hyperbatic,10
3574,hyperbaton,10
3575,hyperbola,9
3576,hyperbole,9
3577,hyperbolic,10
3578,hyperbolical,12
3579,hyperbolically,14
3580,hyperboliform,13
3581,hyperbolism,11
3582,hyperbolist,11
3583,hyperbolized,12
3584,hyperbolizing,13
3585,hyperbolize,11
3586,hyperboloid,11
3587,hyperborean,11
3588,hypercarbureted,15
3589,hypercatalectic,15
3590,hyperchloric,12
3591,hyperchromatism,15
3592,hypercritic,11
3593,hypercritical,13
3594,hypercritically,15
3595,hypercriticise,14
3596,hypercriticism,14
3597,hyperdicrotic,13
3598,hyperdicrotism,14
3599,hyperdicrotous,14
3600,hyperdulia,10
3601,hyperduly,9
3602,hyperesthesia,13
3603,hypericum,9
3604,hyperinosis,11
3605,hyperion,8
3606,hyperkinesis,12
3607,hyperkinetic,12
3608,hypermetamorphosis,18
3609,hypermeter,10
3610,hypermetrical,13
3611,hypermetropia,13
3612,hypermetropy,12
3613,hypermyriorama,14
3614,hyperoartia,11
3615,hyperopia,9
3616,hyperorganic,12
3617,hyperorthodoxy,14
3618,hyperotreta,11
3619,hyperoxide,10
3620,hyperoxygenated,15
3621,hyperoxygenized,15
3622,hyperoxymuriate,15
3623,hyperoxymuriatic,16
3624,hyperphysical,13
3625,hyperplasia,11
3626,hyperplastic,12
3627,hypernoea,9
3628,hyperpyrexia,12
3629,hypersecretion,14
3630,hypersensibility,16
3631,hyperspace,10
3632,hypersthene,11
3633,hypersthenic,12
3634,hyperthetical,13
3635,hyperthyrion,12
3636,hypertrophic,12
3637,hypertrophical,14
3638,hypertrophied,13
3639,hypertrophy,11
3640,hyphae,6
3641,hyphen,6
3642,hyphened,8
3643,hyphening,9
3644,hyphenated,10
3645,hyphomycetes,12
3646,hypidiomorphic,14
3647,hypinosis,9
3648,hypnagogic,10
3649,hypnobate,9
3650,hypnocyst,9
3651,hypnogenic,10
3652,hypnologist,11
3653,hypnology,9
3654,hypnosis,8
3655,hypnotic,8
3656,hypnotism,9
3657,hypnotization,13
3658,hypnotized,10
3659,hypnotizing,11
3660,hypnotize,9
3661,hypnotizer,10
3662,hypnum,6
3663,hypo,4
3664,hypoarian,9
3665,hypoaria,8
3666,hypoarion,9
3667,hypoblast,9
3668,hypoblastic,11
3669,hypobole,8
3670,hypobranchial,13
3671,hypocarp,8
3672,hypocarpium,11
3673,hypocarpogean,13
3674,hypocaust,9
3675,hypochlorite,12
3676,hypochlorous,12
3677,hypochondres,12
3678,hypochondria,12
3679,hypochondriac,13
3680,hypochondriacal,15
3681,hypochondriacism,16
3682,hypochondriasis,15
3683,hypochondriasm,14
3684,hypochondriums,14
3685,hypochondrium,13
3686,hypochondry,11
3687,hypocist,8
3688,hypocleida,10
3689,hypocleidiums,13
3690,hypocleidium,12
3691,hypocoristic,12
3692,hypocrateriform,15
3693,hypocraterimorphous,19
3694,hypocrisies,11
3695,hypocrisy,9
3696,hypocrite,9
3697,hypocritely,11
3698,hypocritic,10
3699,hypocritical,12
3700,hypocrystalline,15
3701,hypocycloid,11
3702,hypodactylum,12
3703,hypoderm,8
3704,hypoderma,9
3705,hypodermatic,12
3706,hypodermic,10
3707,hypodermis,10
3708,hypodicrotic,12
3709,hypodicrotous,13
3710,hypogaeic,9
3711,hypogastric,11
3712,hypogastrium,12
3713,hypogean,8
3714,hypogene,8
3715,hypogeous,9
3716,hypogea,7
3717,hypogeum,8
3718,hypoglossal,11
3719,hypognatous,11
3720,hypogyn,7
3721,hypogynous,10
3722,hypohyal,8
3723,hyponastic,10
3724,hyponasty,9
3725,hyponitrite,11
3726,hyponitrous,11
3727,hypopharynx,11
3728,hypophosphate,13
3729,hypophosphite,13
3730,hypophosphoric,14
3731,hypophosphorous,15
3732,hypophyllous,12
3733,hypophysial,11
3734,hypophysis,10
3735,hypoplastra,11
3736,hypoplastron,12
3737,hypoptila,9
3738,hypoptilums,11
3739,hypoptilum,10
3740,hyporadii,9
3741,hyporadius,10
3742,hyporhachides,13
3743,hyporhachis,11
3744,hyposkeletal,12
3745,hypospadias,11
3746,hypostases,10
3747,hypostasis,10
3748,hypostasize,11
3749,hypostatic,10
3750,hypostatical,12
3751,hypostatically,14
3752,hypostatize,11
3753,hyposterna,10
3754,hyposternums,12
3755,hyposternum,11
3756,hypostome,9
3757,hypostoma,9
3758,hypostrophe,11
3759,hypostyle,9
3760,hyposulphate,12
3761,hyposulphite,12
3762,hyposulphuric,13
3763,hyposulphurous,14
3764,hypotarsi,9
3765,hypotarsus,10
3766,hypotenuse,10
3767,hypothenuse,11
3768,hypothec,8
3769,hypotheca,9
3770,hypothecated,12
3771,hypothecating,13
3772,hypothecate,11
3773,hypothecation,13
3774,hypothecator,12
3775,hypothenal,10
3776,hypothenar,10
3777,hypothenusal,12
3778,hypotheses,10
3779,hypothesis,10
3780,hypothetic,10
3781,hypothetical,12
3782,hypothetist,11
3783,hypotrachelium,14
3784,hypotricha,10
3785,hypotrochoid,12
3786,hypotyposis,11
3787,hypoxanthin,11
3788,hypozoic,8
3789,hyppish,7
3790,hyppogriff,10
3791,hypsiloid,9
3792,hypsometer,10
3793,hypsometric,11
3794,hypsometrical,13
3795,hypsometry,10
3796,hypural,7
3797,hyracoid,8
3798,hyracoidea,10
3799,hyrax,5
3800,hyrcanian,9
3801,hyrcan,6
3802,hyrse,5
3803,hyrst,5
3804,hyson,5
3805,hyssop,6
3806,hysteranthous,13
3807,hysteresis,10
3808,hysteria,8
3809,hysteric,8
3810,hysterical,10
3811,hysterics,9
3812,hysteroepilepsy,15
3813,hysterogenic,12
3814,hysterology,11
3815,hysterophyte,12
3816,hysterotomy,11
3817,hystricine,10
3818,hystricomorphous,16
3819,hystrix,7
3820,hythe,5
