,I
0,we
1,our
2,ours
3,us
4,iamatology
5,iamb
6,iambic
7,iambical
8,iambically
9,iambize
10,iambi
11,iambuses
12,iambus
13,ianthinae
14,ianthinas
15,ianthina
16,iatraliptic
17,iatric
18,iatrical
19,iatrochemical
20,iatrochemist
21,iatrochemistry
22,iatromathematical
23,iatromathematician
24,iberian
25,ibexes
26,ibices
27,ibex
28,ibidem
29,ibis
30,icarian
31,ice
32,iced
33,icing
34,iceberg
35,icebird
36,icebound
37,icefall
38,icelander
39,icelandic
40,icemen
41,iceman
42,icequake
43,ich
44,ichneumon
45,ichneumonidan
46,ichneumonides
47,ichnite
48,ichnographic
49,ichnographical
50,ichnography
51,ichnolite
52,ichnolithology
53,ichnological
54,ichnology
55,ichnoscopy
56,ichor
57,ichorhaemia
58,ichorous
59,ichthidin
60,ichthin
61,ichthulin
62,ichthus
63,ichthyic
64,ichthyocol
65,ichthyocolla
66,ichthyocoprolite
67,ichthyodorulite
68,ichthyography
69,ichthyoid
70,ichthyoidal
71,ichthyolatry
72,ichthyolite
73,ichthyologic
74,ichthyological
75,ichthyologist
76,ichthyology
77,ichthyomancy
78,ichthyomorpha
79,ichthyomorphic
80,ichthyomorphous
81,ichthyophagist
82,ichthyophagous
83,ichthyohagy
84,ichthyophthalmite
85,ichthyophthira
86,ichthyopsida
87,ichthyopterygia
88,ichthyopterygium
89,ichthyornis
90,ichthyosaur
91,ichthyosauria
92,ichthyosaurian
93,ichthyosauri
94,ichthyosaurus
95,ichthyosis
96,ichthyotomist
97,ichthyoomy
98,ichthys
99,icicle
100,icicled
101,icily
102,iciness
103,ickle
104,icon
105,iconical
106,iconism
107,iconize
108,iconoclasm
109,iconoclast
110,iconoclastic
111,iconodule
112,iconodulist
113,iconographer
114,iconographic
115,iconography
116,iconolater
117,iconolatry
118,iconology
119,iconomachy
120,iconomical
121,iconophilist
122,icosahedral
123,icosahedron
124,icosandria
125,icosandrian
126,icosandrous
127,icositetrahedron
128,icteric
129,icterical
130,icteritious
131,icteritous
132,icteroid
133,icterus
134,ictic
135,ictus
136,icy
137,id
138,idalian
139,ide
140,ideas
141,idea
142,ideal
143,idealess
144,idealism
145,idealist
146,idealistic
147,idealities
148,ideality
149,idealization
150,idealized
151,idealizing
152,idealize
153,idealizer
154,ideally
155,idealogic
156,idealogue
157,ideat
158,ideate
159,ideation
160,ideational
161,idem
162,identic
163,identical
164,identically
165,identicalness
166,identifiable
167,identification
168,identified
169,identifying
170,identify
171,identism
172,identities
173,identity
174,ideogenical
175,ideogeny
176,ideogram
177,ideograph
178,ideographic
179,ideographical
180,ideographics
181,ideography
182,ideological
183,ideologist
184,ideology
185,ides
186,idioblast
187,idiocrasis
188,idiocrasies
189,idiocracy
190,idiocratic
191,idiocratical
192,idiocy
193,idiocyclophanous
194,idioelectric
195,idiograph
196,idiographic
197,idiographical
198,idiolatry
199,idiom
200,idiomatic
201,idiomatical
202,idiomorphic
203,idiomorphous
204,idiomuscular
205,idiopathetic
206,idiopathic
207,idiopathical
208,idiopathies
209,idiopathy
210,idiophanous
211,idioplasm
212,idioplasma
213,idiorepulsive
214,idiosyncrasies
215,idiosyncrasy
216,idiosyncratic
217,idiosyncratical
218,idiot
219,idiotcy
220,idioted
221,idiothermic
222,idiotic
223,idiotical
224,idiotically
225,idioticon
226,idiotish
227,idiotism
228,idiotize
229,idiotry
230,idle
231,idled
232,idling
233,idleness
234,idler
235,idless
236,idlesse
237,idly
238,idocrase
239,idol
240,idolastre
241,idolater
242,idolatress
243,idolatrical
244,idolatrized
245,idolatrizing
246,idolatrize
247,idolatrous
248,idolatrously
249,idolatries
250,idolatry
251,idolish
252,idolism
253,idolist
254,idolized
255,idolizing
256,idolize
257,idolizer
258,idoloclast
259,idolographical
260,idolous
261,idoneous
262,idorgan
263,idrialine
264,idrialite
265,idumean
266,idyl
267,idyllic
268,if
269,ifere
270,igasuric
271,igasurine
272,igloo
273,igneous
274,ignescent
275,ignicolist
276,igniferous
277,ignifluous
278,ignified
279,ignifying
280,ignify
281,ignigenous
282,ignipotence
283,ignipotent
284,ignited
285,igniting
286,ignite
287,ignitible
288,ignition
289,ignitor
290,ignivomous
291,ignobility
292,ignoble
293,ignobleness
294,ignobly
295,ignominious
296,ignominiously
297,ignominies
298,ignominy
299,ignomy
300,ignoramus
301,ignoramuses
302,ignorance
303,ignorant
304,ignorantism
305,ignorantist
306,ignorantly
307,ignored
308,ignoring
309,ignore
310,ignoscible
311,ignote
312,iguana
313,iguanian
314,iguanid
315,iguanodon
316,iguanodont
317,iguanoid
318,ihram
319,ik
320,ile
321,ileac
322,ileocaecal
323,ileocolic
324,ileum
325,ileus
326,ilex
327,iliac
328,iliacal
329,liad
330,ilial
331,iliche
332,ilicic
333,ilicin
334,iliofemoral
335,iliolumbar
336,iliopsoas
337,ilium
338,ilixanthin
339,ilk
340,ilke
341,ilkon
342,ilkoon
343,ill
344,illabile
345,illacerable
346,illacrymable
347,illapsable
348,illapsed
349,illapsing
350,illapse
351,illaqueable
352,illaqueated
353,illaqueating
354,illaqueate
355,illaqueation
356,illation
357,illative
358,illatively
359,illaudable
360,illecebration
361,illecebrous
362,illegal
363,illegalities
364,illegality
365,illegalized
366,illegalizing
367,illegalize
368,illegally
369,illegalness
370,illegibility
371,illegible
372,illegitimacy
373,illegitimate
374,illegitimated
375,illegitimating
376,illegitimately
377,illegitimation
378,illegitimatize
379,illesive
380,illeviable
381,illiberal
382,illiberalism
383,illiberality
384,illiberalized
385,illiberalizing
386,illiberalize
387,illiberally
388,illiberalness
389,illicit
390,illicitous
391,illicium
392,illighten
393,illimitable
394,illimitation
395,illimited
396,illinition
397,illinois
398,illiquation
399,illish
400,illision
401,illiteracies
402,illiteracy
403,illiteral
404,illiterate
405,illiterature
406,illness
407,illocality
408,illogical
409,illtreat
410,illuded
411,illuding
412,illude
413,illumed
414,illuming
415,illume
416,illuminable
417,illuminant
418,illuminary
419,illuminated
420,illuminating
421,illuminate
422,illuminati
423,illumination
424,illuminatism
425,illuminative
426,illuminator
427,illumine
428,illuminee
429,illuminer
430,illuminism
431,illuministic
432,illuminized
433,illuminizing
434,illuminize
435,illuminous
436,illure
437,illusion
438,illusionable
439,illusionist
440,illusive
441,illusively
442,illusiveness
443,illusory
444,illustrable
445,illustrated
446,illustrating
447,illustrate
448,illustration
449,illustrative
450,illustratively
451,illustrator
452,illustratory
453,illustrious
454,illustriously
455,illustriousness
456,illustrous
457,illutation
458,illuxurious
459,ilmenite
460,ilmenium
461,ilvaite
462,image
463,imaged
464,imaging
465,imageable
466,imageless
467,imager
468,imagery
469,imaginability
470,imaginable
471,imaginal
472,imaginant
473,imaginarily
474,imaginariness
475,imaginary
476,imaginate
477,imagination
478,imaginational
479,imaginationalism
480,imaginative
481,imagined
482,imagining
483,imagine
484,imaginer
485,imaginous
486,imagoes
487,imago
488,imam
489,iman
490,imaum
491,imaret
492,imbalm
493,imban
494,imband
495,imbanked
496,imbanking
497,imbank
498,imbankment
499,imbannered
500,imbar
501,imbargo
502,imbark
503,imbarn
504,imbase
505,imbastardize
506,imbathe
507,imbay
508,imbecile
509,imbecilitate
510,imbecilities
511,imbecility
512,imbedded
513,imbedding
514,imbed
515,imbellic
516,imbenching
517,imbezzle
518,imbibed
519,imbibing
520,imbibe
521,imbiber
522,imbibition
523,imbittered
524,imbittering
525,imbitter
526,imbitterer
527,imbitterment
528,imblaze
529,imblazon
530,imbody
531,imboil
532,imbolden
533,imbonity
534,imbordered
535,imbordering
536,imborder
537,imbosked
538,imbosking
539,imbosk
540,imbosomed
541,imbosoming
542,imbosom
543,imboss
544,imbosture
545,imbound
546,imbow
547,imbowel
548,imbower
549,imbowment
550,imbox
551,imbracery
552,imbraid
553,imbrangle
554,imbreed
555,imbricate
556,imbricated
557,imbrication
558,imbricative
559,imbrocadoes
560,imbrocado
561,imbrocata
562,imbroccata
563,imbroglios
564,imbroglio
565,imbrown
566,imbureed
567,imbureing
568,imbrue
569,imbruement
570,imbruted
571,imbruting
572,imbrute
573,imbrutement
574,imbued
575,imbuing
576,imbue
577,imbuement
578,imburse
579,imbursement
580,imbution
581,imesatin
582,imide
583,imido
584,imitability
585,imitable
586,imitableness
587,imitancy
588,imitated
589,imitating
590,imitate
591,imitation
592,imitational
593,imitative
594,imitater
595,imitatorship
596,imitatress
597,imitatrix
598,immaculate
599,immailed
600,immalleable
601,immanacled
602,immanacling
603,immanacle
604,immanation
605,immane
606,immanence
607,immanency
608,immanent
609,immanifest
610,immanity
611,immantle
612,immanuel
613,immarcescible
614,immarcescibly
615,immarginate
616,immartial
617,immask
618,immatchable
619,immaterial
620,immaterialism
621,immaterialist
622,immaterialities
623,immateriality
624,immaterialize
625,immaterially
626,immaterialness
627,immateriate
628,immature
629,immatured
630,immaturely
631,immatureness
632,immaturity
633,immeability
634,immeasurability
635,immeasurable
636,immeasurableness
637,immeasurably
638,immeasured
639,immechanical
640,immediacy
641,immediate
642,immediately
643,immediateness
644,immedeatism
645,immedicable
646,immelodious
647,immemorable
648,immemorial
649,immemorially
650,immense
651,immensely
652,immenseness
653,immensible
654,immensities
655,immensity
656,immensive
657,immensurability
658,immensurable
659,immensurate
660,immerged
661,immerging
662,immerge
663,immerit
664,immerited
665,immeritous
666,immersable
667,immerse
668,immersed
669,immersing
670,immersible
671,immersion
672,immersionist
673,immeshed
674,immeshing
675,immesh
676,immethodical
677,immethodically
678,immethodicalness
679,immethodize
680,immetrical
681,immew
682,immigrant
683,immigrated
684,immigrating
685,immigrate
686,immigration
687,imminence
688,imminent
689,imminently
690,immingle
691,imminution
692,immiscibility
693,immiscible
694,immission
695,immitted
696,immiting
697,immit
698,immitigable
699,immitigably
700,immix
701,immixable
702,immixed
703,immixture
704,immobile
705,immobility
706,immobilize
707,immoble
708,immoderacy
709,immoderancy
710,immoderate
711,immoderately
712,immoderateness
713,immoderation
714,immodest
715,immodestly
716,immodesty
717,immolated
718,immolating
719,immolate
720,immolation
721,immolator
722,immold
723,immould
724,immoment
725,immomentous
726,immoral
727,immoralities
728,immorality
729,immorally
730,immorigerous
731,immortal
732,immortalist
733,immortalities
734,immortality
735,immortalization
736,immortalized
737,immortalizing
738,immortalize
739,immortally
740,immortelles
741,immortelle
742,immortification
743,immovability
744,immovable
745,immovableness
746,immovably
747,immund
748,immundicity
749,immune
750,immunities
751,immunity
752,immured
753,immuring
754,immure
755,immurement
756,immusical
757,immutability
758,immutable
759,immutate
760,immutation
761,immute
762,imp
763,imped
764,imping
765,impacable
766,impackment
767,impacted
768,impacting
769,impact
770,impaction
771,impaint
772,impaired
773,impairing
774,impair
775,impairer
776,impairment
777,impalatable
778,impaled
779,impaling
780,impale
781,impalement
782,impalla
783,impallid
784,impalm
785,impalpability
786,impalpable
787,impalpably
788,impalsy
789,impanate
790,impanated
791,impanating
792,impanation
793,impanator
794,impaneled
795,impanelled
796,impaneling
797,impanelling
798,impanel
799,impanelment
800,imparadised
801,imparadising
802,imparadise
803,imparalleled
804,impardonable
805,imparidigitate
806,imparipinnate
807,imparisyllabic
808,imparity
809,imparked
810,imparking
811,impark
812,imparl
813,imparlance
814,imparsonee
815,imparted
816,imparting
817,impart
818,impartance
819,impartation
820,imparter
821,impartial
822,impartialist
823,impartiality
824,impartially
825,impartialness
826,impartibility
827,impartible
828,impartment
829,impassable
830,impassibility
831,impassible
832,impassibleness
833,impassion
834,impassionable
835,impassionate
836,impassioned
837,impassive
838,impassivity
839,impastation
840,impasted
841,impasting
842,impaste
843,impasto
844,impasture
845,impatible
846,impatience
847,impatiency
848,impatiens
849,impatient
850,impatiently
851,impatronization
852,impatronized
853,impatronizing
854,impatronize
855,impave
856,impavid
857,impawned
858,impawning
859,impawn
860,impeached
861,impeaching
862,impeach
863,impeachable
864,impeacher
865,impeachment
866,impearled
867,impearling
868,impearl
869,impeccability
870,impeccable
871,impeccancy
872,impeccant
873,impecuniosity
874,impecunious
875,impeded
876,impeding
877,impede
878,impedible
879,impediment
880,impedimental
881,impedite
882,impedition
883,impeditive
884,impelled
885,impelling
886,impel
887,impellent
888,impeller
889,impenned
890,impent
891,impenning
892,impen
893,impend
894,impended
895,impending
896,impendence
897,impendency
898,impendent
899,impenetrability
900,impenetrable
901,impenetrableness
902,impenetrably
903,impenitence
904,impenitency
905,impenitent
906,impenitently
907,impennate
908,impennes
909,impennous
910,impeopled
911,impeopling
912,impeople
913,imperant
914,imperate
915,imperatival
916,imperative
917,imperatively
918,imperator
919,imperatorial
920,imperatorian
921,imperatory
922,imperceivable
923,imperceived
924,imperceptibility
925,imperceptible
926,imperception
927,imperceptive
928,impercipient
929,imperdibility
930,imperdible
931,imperfect
932,imperfectibility
933,imperfectible
934,imperfection
935,imperfectness
936,imperforable
937,imperforata
938,imperforate
939,imperforated
940,imperforation
941,imperial
942,imperialism
943,imperialist
944,imperialities
945,imperiality
946,imperialized
947,imperializing
948,imperialize
949,imperially
950,imperiled
951,imperilled
952,imperiling
953,imperilling
954,imperil
955,imperilment
956,imperious
957,imperiously
958,imperiousnes
959,imperishability
960,imperishable
961,imperiwigged
962,impermanence
963,impermanency
964,impermanent
965,impermeability
966,impermeable
967,impermissible
968,imperscrutable
969,imperseverant
970,impersonal
971,impersonality
972,impersonally
973,impersonated
974,impersonating
975,impersonate
976,impersonation
977,impersonification
978,impersonator
979,imperspicuity
980,imperspicuous
981,impersuadable
982,impersuasible
983,impertinence
984,impertinency
985,impertinent
986,impertinently
987,impertransibility
988,impertransible
989,impertrubable
990,imperturbably
991,imperturbation
992,imperturbed
993,imperviability
994,imperviable
995,impervious
996,impery
997,impest
998,impester
999,impetiginous
1000,impetigo
1001,impetrable
1002,impetrate
1003,impetrated
1004,impetrating
1005,impetration
1006,impetrative
1007,impetratory
1008,impetuosity
1009,impetuous
1010,impetus
1011,imphee
1012,impictured
1013,impierce
1014,impierceable
1015,impieties
1016,impiety
1017,impignorate
1018,impignoration
1019,impinged
1020,impinging
1021,impinge
1022,impingement
1023,impingent
1024,impinguate
1025,impinguation
1026,impious
1027,impire
1028,impishly
1029,imppiteous
1030,implacability
1031,implacable
1032,implacableness
1033,implacably
1034,implacental
1035,implacentalia
1036,implanted
1037,implanting
1038,implant
1039,implantation
1040,implated
1041,implating
1042,implate
1043,implausibility
1044,implausible
1045,impleach
1046,impleaded
1047,impleading
1048,implead
1049,impleadable
1050,impleader
1051,impleasing
1052,impledge
1053,implement
1054,implemental
1055,impletion
1056,implex
1057,implexion
1058,impliable
1059,implicated
1060,implicating
1061,implicate
1062,implication
1063,implicative
1064,implicatively
1065,implicit
1066,implicitly
1067,implicitness
1068,implicity
1069,implied
1070,impliedly
1071,imploded
1072,implodent
1073,imploration
1074,implorator
1075,imploratory
1076,implored
1077,imploring
1078,implore
1079,implorer
1080,implosion
1081,implosive
1082,implumed
1083,implunge
1084,impluvium
1085,implying
1086,imply
1087,impoison
1088,impoisoner
1089,impoisonment
1090,impolarily
1091,impolarly
1092,impolicy
1093,impolite
1094,impolitic
1095,impolitical
1096,impoliticly
1097,impoliticness
1098,imponderability
1099,imponderable
1100,imponderableness
1101,imponderous
1102,impone
1103,impoofo
1104,impoon
1105,impoor
1106,imporosity
1107,imporous
1108,imported
1109,importing
1110,import
1111,importable
1112,importance
1113,importancy
1114,important
1115,importantly
1116,importation
1117,importer
1118,importless
1119,importunable
1120,importunacy
1121,importunate
1122,importunator
1123,importunee
1124,importuned
1125,importuning
1126,importune
1127,importunely
1128,importuner
1129,importunities
1130,importunity
1131,importuous
1132,imposable
1133,imposableness
1134,imposed
1135,imposing
1136,impose
1137,imposement
1138,imposer
1139,imposingly
1140,imposingness
1141,imposition
1142,impossibilities
1143,impossibility
1144,impossible
1145,impossibly
1146,impost
1147,imposthumate
1148,imposthumated
1149,imposthumating
1150,imposthumation
1151,imposthume
1152,impostor
1153,impostorship
1154,impostress
1155,impostrix
1156,impostrous
1157,imposturage
1158,imposture
1159,impostured
1160,imposturous
1161,impostury
1162,impotence
1163,impotency
1164,impotent
1165,impotently
1166,impounded
1167,impounding
1168,impound
1169,impoundage
1170,impounder
1171,impoverished
1172,impoverishing
1173,impoverish
1174,impoverisher
1175,impoverishment
1176,impower
1177,impracticabilities
1178,impracticability
1179,impracticable
1180,impracticableness
1181,impracticably
1182,impractical
1183,imprecated
1184,imprecating
1185,imprecate
1186,imprecation
1187,imprecatory
1188,imprecision
1189,impregn
1190,impregnability
1191,impregnable
1192,impregnant
1193,impregnated
1194,impregnating
1195,impregnate
1196,impregnation
1197,imprejudicate
1198,imprenable
1199,impreparation
1200,impresa
1201,impresarios
1202,impresario
1203,imprescriptibility
1204,imprescriptible
1205,imprescriptibly
1206,imprese
1207,impressed
1208,impressing
1209,impress
1210,impresses
1211,impressibility
1212,impressible
1213,impression
1214,impressionability
1215,impresionable
1216,impressionableness
1217,impressionism
1218,impressionist
1219,impressionistic
1220,impressionless
1221,impressive
1222,impressment
1223,impressor
1224,impressure
1225,imprested
1226,impresting
1227,imprest
1228,imprevalence
1229,imprevalency
1230,impreventability
1231,impreventable
1232,imprimatur
1233,imprimery
1234,impriming
1235,imprimis
1236,imptrinted
1237,imprinting
1238,imprint
1239,imprisoned
1240,imprisoning
1241,imprison
1242,imprisoner
1243,improbabilities
1244,improbability
1245,improbable
1246,improbate
1247,improbation
1248,improbative
1249,improbatory
1250,improbity
1251,improficience
1252,improficiency
1253,improfitable
1254,improgressive
1255,improlific
1256,improlificate
1257,imprompt
1258,impromptu
1259,improper
1260,improperation
1261,improperia
1262,improperly
1263,improperty
1264,impropitious
1265,improportionable
1266,improportionate
1267,impropriated
1268,impropriating
1269,impropriate
1270,impropriation
1271,impropriator
1272,impropriatrix
1273,improprieties
1274,impropriety
1275,improsperity
1276,improsperous
1277,improvability
1278,improvable
1279,improve
1280,improved
1281,improving
1282,improvement
1283,improver
1284,improvided
1285,improvidence
1286,improvident
1287,improvidentially
1288,improvidently
1289,improvisate
1290,improvisated
1291,improvisating
1292,improvisation
1293,improvisatize
1294,improvisator
1295,improvisatore
1296,improvisatorial
1297,improvisatory
1298,improvisatrice
1299,improvised
1300,improvising
1301,improvise
1302,improviser
1303,improvision
1304,improviso
1305,improvvisatori
1306,improvvisatore
1307,improvvisatrici
1308,improvvisatrice
1309,imprudence
1310,imprudent
1311,impuberal
1312,impuberty
1313,impudence
1314,impudency
1315,impudent
1316,impudently
1317,impudicity
1318,impugned
1319,impugning
1320,impugn
1321,impugnable
1322,impugnation
1323,impugner
1324,impugnment
1325,impuissance
1326,impuissant
1327,impulse
1328,impulsion
1329,impulsive
1330,impulsively
1331,impulsiveness
1332,impulsor
1333,impunctate
1334,impunctual
1335,impunctuality
1336,impune
1337,impunibly
1338,impunity
1339,impuration
1340,impure
1341,impurely
1342,impureness
1343,impurity
1344,impurpled
1345,impurpling
1346,impurple
1347,imputability
1348,imputable
1349,imputableness
1350,imputably
1351,imputation
1352,imputative
1353,imputed
1354,imputing
1355,impute
1356,imputer
1357,imputrescible
1358,imrigh
1359,in
1360,inability
1361,inable
1362,inablement
1363,inabstinence
1364,inabstracted
1365,inabusively
1366,inaccessibility
1367,inaccessible
1368,inaccordant
1369,inaccuracies
1370,inaccuracy
1371,inaccurate
1372,inaccurately
1373,inacquaintance
1374,inacquiescent
1375,inaction
1376,inactive
1377,inactively
1378,inactivity
1379,inactose
1380,inactuate
1381,inactuation
1382,inadaptation
1383,inadequacy
1384,inadequate
1385,inadequation
1386,inadherent
1387,inadhesion
1388,inadmissibility
1389,inadmissible
1390,inadvertence
1391,inadvertency
1392,inadvertent
1393,inadvisable
1394,inaffability
1395,inaffable
1396,inaffectation
1397,inaffected
1398,inaidable
1399,inalienability
1400,inalienable
1401,inalienableness
1402,inalienably
1403,inalimental
1404,inalterability
1405,inalterable
1406,inamiable
1407,inamissible
1408,inamorata
1409,inamorate
1410,inamoratos
1411,inamorato
1412,inamovable
1413,inane
1414,inangular
1415,inaniloquent
1416,inaniloquous
1417,inanimate
1418,inanimated
1419,inanimateness
1420,inanimation
1421,inanitiate
1422,inanitiation
1423,inanition
1424,inanities
1425,inanity
1426,inantherate
1427,inapathy
1428,inappealable
1429,inappeasable
1430,inappellability
1431,inappellable
1432,inappetence
1433,inappetency
1434,inapplicability
1435,inapplicable
1436,inapplication
1437,inapposite
1438,inappreciable
1439,inappreciation
1440,inapprehensible
1441,inapprehension
1442,inapprehensive
1443,inapproachable
1444,inappropriate
1445,inapt
1446,inaptitude
1447,inaquate
1448,inaquation
1449,inarable
1450,inarched
1451,inarching
1452,inarch
1453,inarticulate
1454,inarticulated
1455,inarticulately
1456,inarticulateness
1457,inarticulation
1458,inartificial
1459,inasmuch
1460,inattention
1461,inattentive
1462,inaudibility
1463,inaudible
1464,inaugur
1465,inaugural
1466,inaugurate
1467,inaugurated
1468,inaugurating
1469,inauguration
1470,inaugurator
1471,inauguratory
1472,inaurate
1473,inauration
1474,inauspicate
1475,inauspicious
1476,inauthoritative
1477,inbarge
1478,inbeaming
1479,inbeing
1480,inbind
1481,inblown
1482,inboard
1483,inborn
1484,inbreak
1485,inbreaking
1486,inbreathed
1487,inbreathing
1488,inbreathe
1489,inbred
1490,inbreeding
1491,inbreed
1492,inburning
1493,inburnt
1494,inburst
1495,inc
1496,inca
1497,incaged
1498,incaging
1499,incage
1500,incagement
1501,incalculability
1502,incalculable
1503,incalescence
1504,incalescency
1505,incalescent
1506,incameration
1507,incan
1508,incandescence
1509,incandescent
1510,incanescent
1511,incanous
1512,incantation
1513,incantatory
1514,incanting
1515,incanton
1516,incapability
1517,incapable
1518,incapableness
1519,incapably
1520,incapacious
1521,incapacitated
1522,incapacitating
1523,incapacitate
1524,incapacitation
1525,incapacities
1526,incapacity
1527,incapsulate
1528,incapsulation
1529,incarcerated
1530,incarcerating
1531,incarcerate
1532,incarceration
1533,incarcerator
1534,incarn
1535,incarnadine
1536,incarnate
1537,incarnated
1538,incarnating
1539,incarnation
1540,incarnative
1541,incarnification
1542,incased
1543,incasing
1544,incase
1545,incasement
1546,incask
1547,incastellated
1548,incastelled
1549,incatenation
1550,incaution
1551,incautious
1552,incavated
1553,incavation
1554,incaved
1555,incaverned
1556,incedingly
1557,incelebrity
1558,incend
1559,incendiarism
1560,incendiaries
1561,incendiary
1562,incendious
1563,incensant
1564,incensation
1565,incensed
1566,incensing
1567,incense
1568,incensebreathing
1569,incensement
1570,incenser
1571,incension
1572,incensive
1573,incensor
1574,incensories
1575,incensory
1576,incensurable
1577,incenter
1578,incentive
1579,incentively
1580,inception
1581,inceptive
1582,inceptor
1583,inceration
1584,incerative
1585,incertain
1586,incertainty
1587,incertitude
1588,incertum
1589,incessable
1590,incessancy
1591,incessant
1592,incessantly
1593,incession
1594,incest
1595,incesttuous
1596,inch
1597,inched
1598,inching
1599,inchambered
1600,inchambering
1601,inchamber
1602,inchangeability
1603,inchant
1604,incharitable
1605,incharity
1606,inchase
1607,inchastity
1608,inchest
1609,inchipin
1610,inchmeal
1611,inchoate
1612,inchoation
1613,inchoative
1614,inchpin
1615,inchworm
1616,incicurable
1617,incide
1618,incidence
1619,incidency
1620,incident
1621,incindental
1622,incendental
1623,incidently
1624,incinerable
1625,incinerate
1626,incinerated
1627,incinerating
1628,incineration
1629,incipience
1630,incipiency
1631,incipient
1632,incircle
1633,incirclet
1634,incircumscriptible
1635,incircumscription
1636,incircumspect
1637,incircumspection
1638,incised
1639,incising
1640,incise
1641,incisely
1642,incision
1643,incisive
1644,incisor
1645,incisory
1646,incisure
1647,incitant
1648,incitation
1649,incitative
1650,incited
1651,inciting
1652,incite
1653,incitement
1654,inciter
1655,incitingly
1656,incivil
1657,incivilities
1658,incivility
1659,incivilization
1660,incivilly
1661,incivism
1662,inclamation
1663,inclasp
1664,inclaudent
1665,inclavated
1666,inclave
1667,incle
1668,inclemencies
1669,inclemency
1670,inclement
1671,inclemently
1672,inclinable
1673,inclinableness
1674,inclinnation
1675,inclinatory
1676,inclined
1677,inclining
1678,incline
1679,incliner
1680,inclinnometer
1681,inclip
1682,incloister
1683,inclosed
1684,inclosing
1685,inclose
1686,incloser
1687,inclosure
1688,incloud
1689,included
1690,including
1691,include
1692,includible
1693,inclusa
1694,inclusion
1695,inclusive
1696,inclusively
1697,incoach
1698,incoact
1699,incoacted
1700,incoagulable
1701,incoalescence
1702,incocted
1703,incoercible
1704,incoexistence
1705,incog
1706,incogitable
1707,incogitance
1708,incogitancy
1709,incogitant
1710,incogitantly
1711,incogitative
1712,incogitativity
1713,incognita
1714,incognitant
1715,incognito
1716,incognitos
1717,incognizable
1718,incognizance
1719,incognizant
1720,incognoscible
1721,incoherence
1722,incoherency
1723,incoherent
1724,incoherentific
1725,incoherently
1726,incoherentness
1727,incoincidence
1728,incoincident
1729,incolumity
1730,incomber
1731,incombine
1732,incombustibility
1733,incombustible
1734,income
1735,incomer
1736,incoming
1737,incomity
1738,incommensurability
1739,incommensurable
1740,incommensurate
1741,incommiscible
1742,incommixture
1743,incommodated
1744,incommodating
1745,incommodate
1746,incommodation
1747,incommoded
1748,incommoding
1749,incommode
1750,incommodement
1751,incommodious
1752,incommodities
1753,incommodity
1754,incommunicability
1755,incommunicable
1756,incommunicated
1757,incommunicating
1758,incommunicative
1759,incommutability
1760,incommutable
1761,incompact
1762,incompacted
1763,incomparable
1764,incompared
1765,incompass
1766,incompassion
1767,incompassionate
1768,incompatibility
1769,incompatible
1770,incompatibleness
1771,incompatibly
1772,incompetence
1773,incompetency
1774,incompetent
1775,incompetently
1776,incompetibility
1777,incompetible
1778,incomplete
1779,incompletely
1780,incompleteness
1781,incompletion
1782,incomplex
1783,incompliable
1784,incompliance
1785,incompliant
1786,incomposed
1787,incomposite
1788,incompossible
1789,incomprehense
1790,incomprehensibility
1791,incomprehensible
1792,incomprehension
1793,incomprehensive
1794,incompressibility
1795,incompressible
1796,incomputable
1797,inconcealable
1798,inconceivability
1799,inconceivable
1800,inconceptible
1801,inconcerning
1802,inconcinne
1803,inconcinnity
1804,inconcinnous
1805,inconcludent
1806,inconcluding
1807,inconclusive
1808,inconcoct
1809,inconcocted
1810,inconcoction
1811,inconcrete
1812,inconcurring
1813,inconcussible
1814,incondensability
1815,incondensibility
1816,incondensable
1817,incondensible
1818,incondite
1819,inconditional
1820,inconditionate
1821,inconform
1822,inconformable
1823,inconformity
1824,inconfused
1825,inconfusion
1826,inconfutable
1827,incongealable
1828,incongenial
1829,incongruence
1830,incongruent
1831,incongruities
1832,incongruity
1833,incongruous
1834,inconnected
1835,inconnection
1836,inconnexedly
1837,inconscionable
1838,inconscious
1839,inconsecutiveness
1840,inconsequence
1841,inconsequent
1842,inconsequential
1843,inconsequentiality
1844,inconsequentness
1845,inconsiderable
1846,inconsideracy
1847,inconsiderate
1848,inconsiderately
1849,inconsiderateness
1850,inconsideration
1851,inconsistence
1852,inconsistencies
1853,inconsistency
1854,inconsistent
1855,inconsistently
1856,inconsistentness
1857,inconsisting
1858,inconsolable
1859,inconsonance
1860,inconsonancy
1861,inconsonant
1862,inconspicuous
1863,inconstance
1864,inconstancy
1865,inconstant
1866,inconstantly
1867,incomsumable
1868,inconsummate
1869,inconsumptible
1870,incontaminate
1871,incontentation
1872,incontestability
1873,incontestable
1874,incontested
1875,incontiguous
1876,incontinence
1877,incontinency
1878,incontinent
1879,incontinently
1880,incontracted
1881,incontrollable
1882,incontrovertibility
1883,incontrovertible
1884,inconvenience
1885,inconveniency
1886,inconvenient
1887,inconveniently
1888,inconversable
1889,inconversant
1890,inconverted
1891,inconvertibility
1892,inconvertible
1893,inconvertibleness
1894,inconvertibly
1895,inconvincible
1896,inconvincibly
1897,incony
1898,incoordinate
1899,incoordination
1900,incoronate
1901,incorporal
1902,incorporality
1903,incorporally
1904,incorporate
1905,incorporated
1906,incorporating
1907,incorporation
1908,incorporative
1909,incorporator
1910,incorporeal
1911,incorporealism
1912,incorporealist
1913,incorporeality
1914,incorporeally
1915,incorporeity
1916,incorpse
1917,incorrect
1918,incorrection
1919,incorrectly
1920,incorrectness
1921,incorrespondence
1922,incorrespondency
1923,incorresponding
1924,incorrigibility
1925,incorrigible
1926,incorrigibleness
1927,incorrigibly
1928,incorrodible
1929,incorrupt
1930,incorrupted
1931,incorruptibility
1932,incorruptible
1933,incorruptibly
1934,incorruption
1935,incorruptive
1936,incorruptly
1937,incorruptness
1938,incrassated
1939,incrassating
1940,incrassate
1941,incrassation
1942,incrassative
1943,increasable
1944,increased
1945,increasing
1946,increase
1947,increaseful
1948,increasement
1949,increaser
1950,increasingly
1951,increated
1952,increating
1953,increate
1954,incredibility
1955,incredible
1956,incredibleness
1957,incredibly
1958,incredited
1959,incredulity
1960,incredulous
1961,incredulously
1962,incredulousness
1963,incremable
1964,incremate
1965,incremation
1966,increment
1967,incremental
1968,increpate
1969,increpation
1970,increscent
1971,increst
1972,incriminated
1973,incriminating
1974,incriminate
1975,incrimination
1976,incriminatory
1977,incruental
1978,incrusted
1979,incrusting
1980,incrust
1981,incrustate
1982,incrustation
1983,incrustment
1984,incrystallizable
1985,incubated
1986,incubating
1987,incubate
1988,incubation
1989,incubative
1990,incubator
1991,incubatory
1992,incube
1993,incubiture
1994,incubous
1995,incubuses
1996,incubi
1997,incubus
1998,inculcated
1999,inculcating
2000,inculcate
2001,inculcation
2002,inculcator
2003,inculk
2004,inculp
2005,inculpable
2006,inculpableness
2007,inculpably
2008,inculpated
2009,inculpating
2010,inculpate
2011,inculpation
2012,inculpatory
2013,incult
2014,incultivated
2015,incultivation
2016,inculture
2017,incumbencies
2018,incumbency
2019,incumbent
2020,incumbently
2021,incumbered
2022,incumbering
2023,incumber
2024,incumbition
2025,incumbrance
2026,incumbrancer
2027,incumbrous
2028,incunabula
2029,incunabulum
2030,incurred
2031,incurring
2032,incur
2033,incurability
2034,incurable
2035,incurableness
2036,incurably
2037,incuriosity
2038,incurious
2039,incuriously
2040,incuriousness
2041,incurrence
2042,incurrent
2043,incursion
2044,incursive
2045,incurtain
2046,incurvate
2047,incurvated
2048,incurvating
2049,incurvation
2050,incurved
2051,incurving
2052,incurve
2053,incurvity
2054,incus
2055,incuse
2056,incuss
2057,incute
2058,incyst
2059,incysted
2060,ind
2061,indagate
2062,indagation
2063,indagative
2064,indagator
2065,indamage
2066,indamaged
2067,indart
2068,indazol
2069,inde
2070,indear
2071,indebted
2072,indebting
2073,indebt
2074,indebtedness
2075,indebtment
2076,indecence
2077,indecencies
2078,indecency
2079,indecent
2080,indecently
2081,indeciduate
2082,indeciduous
2083,indecimable
2084,indecipherable
2085,indecision
2086,indecisive
2087,indecisively
2088,indecisiveness
2089,indecinable
2090,indecinably
2091,indecomposable
2092,indecomposableness
2093,indecorous
2094,indecorously
2095,indecorousness
2096,indecorum
2097,indeed
2098,indefatigability
2099,indefatigable
2100,indefatigableness
2101,indefatigably
2102,indefatigation
2103,indefeasibility
2104,indefeasible
2105,indefectibility
2106,indefectible
2107,indefective
2108,indefeisible
2109,indefensibility
2110,indefensible
2111,indefensibly
2112,indefensive
2113,indeficiency
2114,indeficient
2115,indefinable
2116,indefinably
2117,indefinite
2118,indefinitely
2119,indefiniteness
2120,indefinitude
2121,indehiscence
2122,indehiscent
2123,indelectable
2124,indeliberate
2125,indeliberated
2126,indelibility
2127,indelible
2128,indelicacies
2129,indelicacy
2130,indelicate
2131,indemnification
2132,indemnified
2133,indemnifying
2134,indemnify
2135,indemnities
2136,indemnity
2137,indemonstrability
2138,indemonstrable
2139,indenization
2140,indenize
2141,indenizened
2142,indenizening
2143,indenizen
2144,indented
2145,indenting
2146,indent
2147,indentation
2148,indentedly
2149,indention
2150,indentment
2151,indenture
2152,indentured
2153,indenturing
2154,independence
2155,independency
2156,independent
2157,independentism
2158,independently
2159,indeposable
2160,indepravate
2161,indeprecable
2162,indeprehensible
2163,indeprivable
2164,indescribable
2165,indescriptive
2166,indesert
2167,indesinent
2168,indesirable
2169,indestructibility
2170,indestructible
2171,indeterminable
2172,indeterminate
2173,indetermination
2174,indetermined
2175,indevirginate
2176,indevote
2177,indevotion
2178,indevout
2179,indew
2180,indexes
2181,indices
2182,index
2183,indexed
2184,indexing
2185,indexer
2186,indexical
2187,indexically
2188,indexterity
2189,india
2190,indiadem
2191,indiamen
2192,indiaman
2193,indian
2194,indianeer
2195,indical
2196,indican
2197,indicant
2198,indicated
2199,indicating
2200,indicate
2201,indication
2202,indicative
2203,indicatively
2204,indicator
2205,indicatory
2206,indicatrix
2207,indicavit
2208,indice
2209,indicia
2210,indicible
2211,indicolite
2212,indicted
2213,indicting
2214,indict
2215,indictable
2216,indictee
2217,indicter
2218,indiction
2219,indictive
2220,indictment
2221,indictor
2222,indies
2223,indifference
2224,indifferency
2225,indifferent
2226,indifferentism
2227,indifferentist
2228,indifferently
2229,indifulvin
2230,indifuscin
2231,indigeen
2232,indigence
2233,indigency
2234,indigene
2235,indigenous
2236,indigent
2237,indigently
2238,indigest
2239,indigested
2240,indigestedness
2241,indigestibility
2242,indigestible
2243,indigestion
2244,indigitate
2245,indigitated
2246,indigitating
2247,indigitation
2248,indiglucin
2249,indign
2250,indignance
2251,indignancy
2252,indignant
2253,indignantly
2254,indignation
2255,indignify
2256,indignities
2257,indignity
2258,indignly
2259,indigoes
2260,indigo
2261,indigofera
2262,indigogen
2263,indigometer
2264,indigometry
2265,indigotic
2266,indigotin
2267,indigrubin
2268,indihumin
2269,indilatory
2270,indiligence
2271,indiligent
2272,indiminishable
2273,indin
2274,indirect
2275,indirected
2276,indirection
2277,indirectly
2278,indirectness
2279,indiretin
2280,indirubin
2281,indiscernible
2282,indiscerpibility
2283,indiscerptibility
2284,indiscerpible
2285,indiscerptible
2286,indisciplinable
2287,indiscipline
2288,indiscoverable
2289,indiscovery
2290,indiscreet
2291,indiscrete
2292,indiscretion
2293,indiscriminate
2294,indiscriminating
2295,indiscrimination
2296,indiscriminative
2297,indiscussed
2298,indispensability
2299,indispensable
2300,indispensableness
2301,indispensably
2302,indispersed
2303,indisposed
2304,indisposing
2305,indispose
2306,indisposedness
2307,indisposition
2308,indisputability
2309,indisputable
2310,indisputed
2311,indissipable
2312,indisdolubility
2313,indissoluble
2314,indissolubleness
2315,indissolubly
2316,indissolvable
2317,indissolvableness
2318,indistancy
2319,indistinct
2320,indistinctible
2321,indistinction
2322,indistinctive
2323,indistinctly
2324,indistinctness
2325,indistinguishable
2326,indistinguishably
2327,indistinguished
2328,indistinguishing
2329,indisturbance
2330,inditch
2331,indited
2332,inditing
2333,indite
2334,inditement
2335,inditer
2336,indium
2337,indivertible
2338,individable
2339,individed
2340,individual
2341,individualism
2342,individualistic
2343,individualities
2344,individuality
2345,individualization
2346,individualized
2347,individualizing
2348,individualize
2349,individualizer
2350,individually
2351,individuate
2352,individua
2353,individuating
2354,individuation
2355,individuator
2356,individuity
2357,indivinity
2358,indivisibility
2359,indivisible
2360,indivisibleness
2361,indivisibly
2362,indivision
2363,indoaniline
2364,indobriton
2365,indocibility
2366,indocible
2367,indocile
2368,indocility
2369,indoctrinated
2370,indoctrinating
2371,indoctrinate
2372,indoctrination
2373,indogen
2374,indogenide
2375,indoin
2376,indol
2377,indolence
2378,indolency
2379,indolent
2380,indolently
2381,indoles
2382,indolin
2383,indomable
2384,indomitable
2385,indomite
2386,indomptable
2387,indoor
2388,indoors
2389,indophenol
2390,indorsable
2391,indorsation
2392,indorsed
2393,indorsing
2394,indorse
2395,indorsee
2396,indorsement
2397,indorser
2398,indorsor
2399,indow
2400,indowment
2401,indoxyl
2402,indoxylic
2403,indraught
2404,indrawn
2405,indrench
2406,indris
2407,indri
2408,indubious
2409,indubitable
2410,indubitableness
2411,indubitably
2412,indubitate
2413,induced
2414,inducing
2415,induce
2416,inducement
2417,inducer
2418,inducible
2419,inducted
2420,inducting
2421,induct
2422,inducteous
2423,inductile
2424,inductility
2425,induction
2426,inductional
2427,inductive
2428,inductively
2429,inductometer
2430,inductor
2431,inductoriums
2432,inductoria
2433,inductorium
2434,inductric
2435,inductrical
2436,indued
2437,induing
2438,indue
2439,induement
2440,indulged
2441,indulging
2442,indulge
2443,indulgement
2444,indulgence
2445,indulgency
2446,indulgent
2447,indulgential
2448,indulgently
2449,indulger
2450,indulgiate
2451,induline
2452,indult
2453,indulto
2454,indument
2455,induplicate
2456,induplicative
2457,indurance
2458,indurate
2459,indurated
2460,indurating
2461,induration
2462,indusial
2463,indusiate
2464,indusiated
2465,indusia
2466,indusium
2467,industrial
2468,industrialism
2469,industrially
2470,industrious
2471,industries
2472,industry
2473,indutive
2474,induviae
2475,induviate
2476,indwelt
2477,indwelling
2478,indwell
2479,indweller
2480,inearth
2481,inebriant
2482,inebriated
2483,inebriating
2484,inebriate
2485,inebriation
2486,inebriety
2487,inebrious
2488,inedited
2489,inee
2490,ineffability
2491,ineffable
2492,ineffableness
2493,ineffably
2494,ineffaceable
2495,ineffaceably
2496,ineffectible
2497,ineffective
2498,ineffectively
2499,ineffectiveness
2500,ineffectual
2501,ineffectuality
2502,ineffectually
2503,ineffectualness
2504,ineffervescence
2505,ineffervescent
2506,ineffervescibility
2507,ineffervescible
2508,inefficacious
2509,inefficaciously
2510,inefficaciousness
2511,inefficacy
2512,inefficiency
2513,inefficient
2514,inefficiently
2515,inelaborate
2516,inelastic
2517,inelasticity
2518,inelegances
2519,inelegancies
2520,inelegance
2521,inelegancy
2522,inelegant
2523,inelegantly
2524,ineligibility
2525,ineligible
2526,inelligibly
2527,ineloquent
2528,ineloquently
2529,ineluctable
2530,ineludible
2531,inembryonate
2532,inernarrable
2533,inept
2534,ineptitude
2535,ineptly
2536,ineptness
2537,inequable
2538,inequal
2539,inequalities
2540,inequality
2541,inequation
2542,inequidistant
2543,inequilateral
2544,inequilobate
2545,inequitable
2546,inequitate
2547,inequity
2548,inequivalve
2549,inequivalvular
2550,ineradicable
2551,ineradicably
2552,inergetic
2553,inergetical
2554,inergetically
2555,inerm
2556,inermous
2557,inermis
2558,inerrability
2559,inerrable
2560,inerrableness
2561,inerrably
2562,inerrancy
2563,inerratic
2564,inerringly
2565,inert
2566,inertia
2567,inertion
2568,inertitude
2569,inertly
2570,inertness
2571,inerudite
2572,inescapable
2573,inescate
2574,inescation
2575,inescutcheon
2576,inessential
2577,inestimable
2578,inestimably
2579,inevasible
2580,inevidence
2581,inevident
2582,inevitability
2583,inevitable
2584,inevitableness
2585,inevitably
2586,inexact
2587,inexactitude
2588,inexactly
2589,inexactness
2590,inexcitability
2591,inexcitable
2592,inexcusable
2593,inexcusableness
2594,inexcusably
2595,inexecrable
2596,inexecutable
2597,inexecution
2598,inexertion
2599,inexhalable
2600,inexhausted
2601,inexhaustedly
2602,inexhaustibility
2603,inexhaustible
2604,inexhaustive
2605,inexist
2606,inexistant
2607,inexistence
2608,inexistent
2609,inexorability
2610,inexorable
2611,inexorableness
2612,inexorably
2613,inexpansible
2614,inexpectable
2615,inexpectant
2616,inexpectation
2617,inexpected
2618,inexpectedly
2619,inexpectedness
2620,inexpedience
2621,inexpediency
2622,inexpedient
2623,inexpediently
2624,inexpensive
2625,inexperience
2626,inexperienced
2627,inexpert
2628,inexpertness
2629,inexpiable
2630,inexpiableness
2631,inexpiably
2632,inexpiate
2633,inexplainable
2634,inexpleably
2635,inexplicability
2636,inexplicable
2637,inexplicableness
2638,inexplicably
2639,inexplicit
2640,inexplorable
2641,inexplosive
2642,inexposure
2643,inexpressible
2644,inexpressibles
2645,inexpressibly
2646,inexpressive
2647,inexpressiveness
2648,inexpugnable
2649,inexpugnably
2650,inexsuperable
2651,inextended
2652,inextensible
2653,inextension
2654,inexterminable
2655,inextinct
2656,inextinguible
2657,inextinguishable
2658,inextinguishably
2659,inextirpable
2660,inextricable
2661,inextricableness
2662,inextricably
2663,ineyed
2664,ineyeing
2665,ineye
2666,infabricated
2667,infallibilist
2668,infallibility
2669,infallible
2670,infallibleness
2671,infallibly
2672,infame
2673,infamized
2674,infamizing
2675,infamize
2676,infamous
2677,infamously
2678,infamousness
2679,infamies
2680,infamy
2681,infancy
2682,infandous
2683,infangthef
2684,infant
2685,infanta
2686,infante
2687,infanthood
2688,infanticidal
2689,infanticide
2690,infantile
2691,infantine
2692,infantlike
2693,infantly
2694,infantry
2695,infarce
2696,infarction
2697,infare
2698,infashionable
2699,infatigable
2700,infatuate
2701,infatuated
2702,infatuating
2703,infatuation
2704,infaust
2705,infausting
2706,infeasibility
2707,infeasible
2708,infeasibleness
2709,infect
2710,infected
2711,infecting
2712,infecter
2713,infectible
2714,infection
2715,infectious
2716,infectiously
2717,infectiousness
2718,infective
2719,infecund
2720,infecundity
2721,infecundous
2722,infeeble
2723,infelicitous
2724,infelicities
2725,infelicity
2726,infelonious
2727,infelt
2728,infeodation
2729,infeoff
2730,infeoffment
2731,inferred
2732,inferring
2733,infer
2734,inferable
2735,inference
2736,inferential
2737,inferentially
2738,inferiae
2739,inferior
2740,inferiority
2741,inferiorly
2742,infernal
2743,infernally
2744,inferobranchian
2745,inferobranchiata
2746,inferobranchiate
2747,inferrible
2748,infertile
2749,infertilely
2750,infertility
2751,infest
2752,infested
2753,infesting
2754,infesttation
2755,infester
2756,infestive
2757,infestivity
2758,infestuous
2759,infeudation
2760,infibulation
2761,infidel
2762,infidelities
2763,infidelity
2764,infield
2765,infile
2766,infilm
2767,infiltered
2768,infiltering
2769,infilter
2770,infiltrated
2771,infiltrating
2772,infiltrate
2773,infiltration
2774,infiltrative
2775,infinite
2776,infinitely
2777,infiniteness
2778,infinitesimal
2779,infinitesimally
2780,infinitival
2781,infinitive
2782,infinito
2783,infinitude
2784,infinituple
2785,infinities
2786,infinity
2787,infirm
2788,infirmarian
2789,infirmaries
2790,infirmary
2791,infirmative
2792,infirmatory
2793,infirmities
2794,infirmity
2795,infirmly
2796,infirmness
2797,infixed
2798,infixing
2799,infix
2800,inflamed
2801,inflaming
2802,inflame
2803,inflamer
2804,inflammabillty
2805,inflammable
2806,inflammableness
2807,inflammbly
2808,inflammation
2809,inflammative
2810,inflammatory
2811,inflatable
2812,inflate
2813,inflated
2814,inflating
2815,inflater
2816,inflatingly
2817,inflation
2818,inflationist
2819,inflatus
2820,inflected
2821,inflecting
2822,inflect
2823,inflection
2824,inflectional
2825,inflective
2826,inflesh
2827,inflex
2828,inflexed
2829,inflexibility
2830,inflexible
2831,inflexibleness
2832,inflexibly
2833,inflexion
2834,inflexive
2835,inflexure
2836,inflicted
2837,inflicting
2838,inflict
2839,inflicter
2840,infliction
2841,inflictive
2842,inflorescence
2843,inflow
2844,influence
2845,influenced
2846,influencing
2847,influencer
2848,influencive
2849,influent
2850,inflential
2851,influentially
2852,influenza
2853,influx
2854,influxion
2855,influxious
2856,influxive
2857,influxively
2858,infolded
2859,infolding
2860,infold
2861,infoldment
2862,infoliate
2863,inform
2864,informed
2865,informing
2866,informal
2867,informalities
2868,informality
2869,informally
2870,informant
2871,information
2872,informative
2873,informatory
2874,informer
2875,informidable
2876,informity
2877,informous
2878,infortunate
2879,infortune
2880,infortuned
2881,infound
2882,infra
2883,infrabranchial
2884,infraclavicular
2885,infract
2886,infracted
2887,infracting
2888,infractible
2889,infraction
2890,infractor
2891,infragrant
2892,infrahyoid
2893,infralabial
2894,infralapsarian
2895,infralapsarianism
2896,inframarginal
2897,inframaxillary
2898,inframedian
2899,inframundane
2900,infranchise
2901,infrangibility
2902,infrangible
2903,infrangibleness
2904,infraocular
2905,infraorbital
2906,infrapose
2907,infraposition
2908,infrascapular
2909,infraspinal
2910,infraspinate
2911,infraspinous
2912,infrastapedial
2913,infrasternal
2914,infratemporal
2915,infraterritorial
2916,infratrochlear
2917,infrequence
2918,infrequency
2919,infrequent
2920,infrequently
2921,infrigidate
2922,infrigidation
2923,infringed
2924,infringing
2925,infringe
2926,infringement
2927,infringer
2928,infructuose
2929,infrugal
2930,infrugiferous
2931,infucate
2932,infucation
2933,infule
2934,infula
2935,infumated
2936,infumating
2937,infumate
2938,infumation
2939,infumed
2940,infundibular
2941,infundibulate
2942,infundibuliform
2943,infundibula
2944,infundibulums
2945,infundibulum
2946,infuneral
2947,infurcation
2948,infuriate
2949,infuriated
2950,infuriating
2951,infuscate
2952,infuscated
2953,infuscation
2954,infused
2955,infusing
2956,infuse
2957,infuser
2958,infusibility
2959,infusible
2960,infusibleness
2961,infusion
2962,infusionism
2963,infusive
2964,infusoria
2965,infusorial
2966,infusorian
2967,infusory
2968,infusories
2969,ing
2970,ingannation
2971,ingate
2972,ingathering
2973,ingelable
2974,ingeminate
2975,ingeminated
2976,ingeminating
2977,ingemination
2978,ingena
2979,ingender
2980,ingenerabillty
2981,ingenerable
2982,ingenerably
2983,ingenerate
2984,ingenerat
2985,ingenerating
2986,ingeneration
2987,ingeniate
2988,ingenie
2989,ingeniosity
2990,ingenious
2991,ingeniously
2992,ingeniousness
2993,ingenite
2994,ingenit
2995,ingenuity
2996,ingenuous
2997,ingenuously
2998,ingenuousness
2999,ingeny
3000,ingerminate
3001,ingest
3002,ingesta
3003,ingestion
3004,inghalla
3005,ingirt
3006,ingle
3007,inglobate
3008,inglobe
3009,inglorious
3010,ingloriously
3011,ingloriousness
3012,inglut
3013,ingluvial
3014,ingluvies
3015,ingluvious
3016,ingorge
3017,ingot
3018,ingrace
3019,ingracious
3020,ingraff
3021,ingrafted
3022,ingrafting
3023,ingraft
3024,ingrafter
3025,ingraftment
3026,ingrain
3027,ingrained
3028,ingraining
3029,ingrapple
3030,ingrate
3031,ingrateful
3032,ingrately
3033,ingratiated
3034,ingratiating
3035,ingratiate
3036,ingratitude
3037,ingrave
3038,ingravidate
3039,ingravidation
3040,ingreat
3041,ingredience
3042,ingrediency
3043,ingredient
3044,ingress
3045,ingression
3046,ingrieve
3047,ingroove
3048,ingross
3049,ingrowing
3050,ingrowth
3051,inguen
3052,inguilty
3053,inguinal
3054,ingulfed
3055,ingulfing
3056,ingulf
3057,ingulfment
3058,ingurgitate
3059,ingurgitation
3060,ingustable
3061,inhabile
3062,inhability
3063,inhabited
3064,inhabiting
3065,inhabit
3066,inhabitable
3067,inhabitance
3068,inhabitancy
3069,inhabitant
3070,inhabitate
3071,inhabitation
3072,inhabitativeness
3073,inhabiter
3074,inhabitiveness
3075,inhabitress
3076,inhalant
3077,inhalation
3078,inhaled
3079,inhaling
3080,inhale
3081,inhalent
3082,inhaler
3083,inhance
3084,inharmonic
3085,inharmonical
3086,inharmonious
3087,inharmoniously
3088,inharmoniousness
3089,inharmony
3090,inhaul
3091,inhauler
3092,inhearsed
3093,inhearsing
3094,inhearse
3095,inhered
3096,inhering
3097,inhere
3098,inherence
3099,inherency
3100,inherent
3101,inherently
3102,inherited
3103,inheriting
3104,inherit
3105,inheritability
3106,inheritable
3107,inheritably
3108,inheritance
3109,inheritor
3110,inheritress
3111,inheritrix
3112,inherse
3113,inhesion
3114,inhiation
3115,inhibited
3116,inhibiting
3117,inhibit
3118,inhibition
3119,inhibitor
3120,inhibitory
3121,inhive
3122,inheld
3123,inholding
3124,inhold
3125,inholder
3126,inhoop
3127,inhospitable
3128,inhospitality
3129,inhuman
3130,inhumanities
3131,inhumanity
3132,inhumanly
3133,inhumate
3134,inhumation
3135,inhumed
3136,inhuming
3137,inhume
3138,inia
3139,inial
3140,inimaginable
3141,inimical
3142,inimicality
3143,inimically
3144,inimicitious
3145,inimicous
3146,inimitability
3147,inimitable
3148,inion
3149,iniquitous
3150,iniquitously
3151,iniquities
3152,iniquity
3153,iniquous
3154,inirritable
3155,inirritative
3156,inisle
3157,initial
3158,initialed
3159,initialing
3160,initially
3161,initiated
3162,initiating
3163,initiate
3164,initiation
3165,initiative
3166,initiator
3167,initiatory
3168,inition
3169,injected
3170,injecting
3171,inject
3172,injection
3173,injector
3174,injelly
3175,injoin
3176,injoint
3177,injucundity
3178,injudicable
3179,injudicial
3180,injudicious
3181,injudiciously
3182,injudiciousness
3183,injunction
3184,injured
3185,injuring
3186,injure
3187,injurer
3188,injurie
3189,injuria
3190,injurious
3191,injuriously
3192,injuriousness
3193,injuries
3194,injury
3195,injustice
3196,ink
3197,inked
3198,inking
3199,inker
3200,inkfish
3201,inkhorn
3202,inkhornism
3203,inkiness
3204,inkle
3205,inkling
3206,inknee
3207,inkneed
3208,inknot
3209,inkstand
3210,inkstone
3211,inky
3212,inlaced
3213,inlacing
3214,inlace
3215,inlagation
3216,inlaid
3217,inland
3218,inlander
3219,inlandish
3220,inlapidate
3221,inlard
3222,inlaw
3223,inlaied
3224,inlaying
3225,inlay
3226,inlayer
3227,inleagued
3228,inleaguing
3229,inleague
3230,inleaguer
3231,inlet
3232,inlighten
3233,inlist
3234,inlive
3235,inlock
3236,inlumine
3237,inly
3238,inmacy
3239,inmate
3240,inmeats
3241,inmeshed
3242,inmeshing
3243,inmesh
3244,inmew
3245,inmost
3246,inn
3247,inned
3248,inning
3249,innate
3250,innately
3251,innateness
3252,innative
3253,innavigable
3254,inne
3255,inner
3256,innerly
3257,innermost
3258,innermostly
3259,innervate
3260,innervation
3261,innerved
3262,innerving
3263,innerve
3264,innholder
3265,innitency
3266,innixion
3267,innkeeper
3268,innocence
3269,innocency
3270,innocent
3271,innocently
3272,innocuity
3273,innocuous
3274,innodated
3275,innodating
3276,innodate
3277,innominable
3278,innominate
3279,innovated
3280,innovating
3281,innovate
3282,innovation
3283,innovationist
3284,innovative
3285,innovator
3286,innoxious
3287,innubilous
3288,innuedoes
3289,innuendo
3290,innuent
3291,innuit
3292,innumerability
3293,innumerable
3294,innumerous
3295,innutrition
3296,innutritious
3297,innutritive
3298,innyard
3299,inobedience
3300,inobedient
3301,inobservable
3302,inobservance
3303,inobservant
3304,inobservation
3305,inobtrusive
3306,inocarpin
3307,inoccupation
3308,inoceramus
3309,inoculability
3310,inoculable
3311,inocular
3312,inoculated
3313,inoculating
3314,inoculate
3315,inoculation
3316,inoculator
3317,inodiate
3318,inodorate
3319,inodorous
3320,inoffensive
3321,inofficial
3322,inofficially
3323,inofficious
3324,inofficiously
3325,inogen
3326,inoperation
3327,inoperative
3328,inopercular
3329,inoperculate
3330,inopinable
3331,inopinate
3332,inopportune
3333,inopportunely
3334,inopportunity
3335,inoppressive
3336,inopulent
3337,inordinacy
3338,inordinate
3339,inordination
3340,inorganic
3341,inorganical
3342,inorganically
3343,inorganity
3344,inorganization
3345,inorganized
3346,inorthography
3347,inosculated
3348,inosculating
3349,inosculate
3350,inosculation
3351,inosinic
3352,inosite
3353,inoxidizable
3354,inoxidize
3355,inquartation
3356,inquest
3357,inquiet
3358,inquietation
3359,inquietness
3360,inquietude
3361,inquiline
3362,inquinate
3363,inquination
3364,inquirable
3365,inquirance
3366,inquired
3367,inquiring
3368,inquire
3369,inquirent
3370,inquirer
3371,inquiringly
3372,inquiries
3373,inquiry
3374,inquisible
3375,inquisition
3376,inquisitional
3377,inquisitionary
3378,inquisitive
3379,inquisitively
3380,inquisitiveness
3381,inquisitor
3382,inquisitorial
3383,inquisitorially
3384,inquisitorious
3385,inquisiturient
3386,inracinate
3387,inrailed
3388,inrailing
3389,inrail
3390,inreristered
3391,inregistering
3392,inregister
3393,inroad
3394,inroaded
3395,inroading
3396,inroll
3397,inrunning
3398,inrush
3399,insabbatati
3400,insafety
3401,insalivation
3402,insalubrious
3403,insalubrity
3404,insalutary
3405,insanability
3406,insanable
3407,insanableness
3408,insanably
3409,insane
3410,insanely
3411,insaneness
3412,insaniate
3413,insanie
3414,insanitary
3415,insanitation
3416,insanity
3417,insapory
3418,insatiability
3419,insatiable
3420,insatiableness
3421,insatiably
3422,insatiate
3423,insatiately
3424,insatiateness
3425,insatiety
3426,insatisfaction
3427,insaturable
3428,inscience
3429,inscient
3430,insconce
3431,inscribable
3432,inscribableness
3433,inscribed
3434,inscribing
3435,inscribe
3436,inscriber
3437,inscriptible
3438,inscription
3439,inscriptive
3440,inscrolled
3441,inscrolling
3442,inscroll
3443,inscrutability
3444,inscrutable
3445,inscrutableness
3446,inscrutably
3447,insculp
3448,insculption
3449,insculpture
3450,insculptured
3451,inseamed
3452,inseaming
3453,inseam
3454,insearch
3455,insecable
3456,insect
3457,insecta
3458,insectary
3459,insectation
3460,insectator
3461,insected
3462,insecticide
3463,insectile
3464,insection
3465,insectivora
3466,insectivores
3467,insectivore
3468,insectivorous
3469,insectologer
3470,insectology
3471,insecure
3472,insecurely
3473,insecureness
3474,insecurities
3475,insecurity
3476,insecution
3477,inseminate
3478,insemination
3479,insensate
3480,insense
3481,insensibility
3482,insensible
3483,insensibleness
3484,insensibly
3485,insensitive
3486,insensuous
3487,insentiment
3488,inseparability
3489,inseparable
3490,inseparableness
3491,inseparably
3492,inseparate
3493,inseparately
3494,inserted
3495,inserting
3496,insert
3497,insertion
3498,inserve
3499,inservient
3500,insession
3501,insessores
3502,insessor
3503,insessorial
3504,inset
3505,inseverable
3506,inshaded
3507,inshave
3508,insheathe
3509,inshell
3510,inship
3511,inshore
3512,inshrine
3513,insiccation
3514,inside
3515,insidiate
3516,insidiator
3517,insidious
3518,insight
3519,insignia
3520,insignificance
3521,insignificancy
3522,insignificant
3523,insignificantly
3524,insignificative
3525,insignment
3526,insimulate
3527,insincere
3528,insincerely
3529,insincerity
3530,insinewed
3531,insinewing
3532,insinew
3533,insinuant
3534,insinuated
3535,insinuating
3536,insinuate
3537,insinuatingly
3538,insinuation
3539,insinuative
3540,insinuator
3541,insinuatory
3542,insipid
3543,insipidity
3544,insipidness
3545,insipidly
3546,insipience
3547,insipient
3548,insisted
3549,insisting
3550,insist
3551,insistence
3552,insistent
3553,insistently
3554,insisture
3555,insitency
3556,insition
3557,insnared
3558,insnaring
3559,insnare
3560,insnarer
3561,insnarl
3562,insobriety
3563,insociability
3564,insociable
3565,insociably
3566,insociate
3567,insolated
3568,insolating
3569,insolate
3570,insolation
3571,insole
3572,insolence
3573,insolency
3574,insolent
3575,insolently
3576,insolidity
3577,insolubility
3578,insoluble
3579,insolubleness
3580,insolvable
3581,insolvencies
3582,insolvency
3583,insolvent
3584,insomnia
3585,insomnious
3586,insomnolence
3587,insomuch
3588,insonorous
3589,insooth
3590,insouciance
3591,insouciant
3592,insoul
3593,inspan
3594,inspected
3595,inspecting
3596,inspect
3597,inspecttion
3598,inspective
3599,inspector
3600,inspectorate
3601,inspectorial
3602,inspectorship
3603,inspectress
3604,insperse
3605,inspersion
3606,inspeximus
3607,insphered
3608,insphering
3609,insphere
3610,inspirable
3611,inspiration
3612,inspirational
3613,inspirationist
3614,inspirator
3615,inspirtory
3616,inspire
3617,inspired
3618,inspiring
3619,inspirer
3620,inspirited
3621,inspiriting
3622,inspirit
3623,inspissated
3624,inspissating
3625,inspissate
3626,inspissation
3627,instabilities
3628,instability
3629,instable
3630,instableness
3631,installed
3632,installing
3633,install
3634,installation
3635,installment
3636,instamp
3637,instance
3638,instanced
3639,instancing
3640,instancy
3641,instant
3642,instantaneity
3643,instantaneous
3644,instanter
3645,instantly
3646,instar
3647,instated
3648,instating
3649,instate
3650,instaurated
3651,instaurating
3652,instaurate
3653,instauration
3654,instaurator
3655,instaure
3656,instead
3657,insteeped
3658,insteeping
3659,insteep
3660,instep
3661,instigated
3662,instigating
3663,instigate
3664,instigatingly
3665,instigation
3666,instigator
3667,instilled
3668,instilling
3669,instill
3670,instillation
3671,instilllator
3672,instilllatory
3673,instiller
3674,instillment
3675,instimulate
3676,instimulation
3677,instinct
3678,instinction
3679,instinctive
3680,instinctively
3681,instinctivity
3682,instipulate
3683,institute
3684,instituted
3685,instituting
3686,instituter
3687,institution
3688,institutional
3689,institutionary
3690,institutist
3691,institutive
3692,institutively
3693,institutor
3694,instop
3695,instore
3696,instratified
3697,instruct
3698,instructed
3699,instructing
3700,instructer
3701,instructible
3702,instruction
3703,instructional
3704,instructive
3705,instructor
3706,instructress
3707,instrument
3708,instrumental
3709,instrumentalist
3710,instrumentalities
3711,instrumentality
3712,instrumentally
3713,instrumentalness
3714,instrumentary
3715,instrumentation
3716,instrumentist
3717,instyle
3718,insuavity
3719,insubjection
3720,insubmergible
3721,insubmission
3722,insubordinate
3723,insubordination
3724,insubstantial
3725,insubstantiality
3726,insuccation
3727,insuccess
3728,insue
3729,insuetude
3730,insufferable
3731,insufferably
3732,insufficience
3733,insufficiency
3734,insufficient
3735,insufficiently
3736,insufflation
3737,insuitable
3738,insular
3739,insularity
3740,insularly
3741,insulary
3742,insulated
3743,insulating
3744,insulate
3745,insulation
3746,insulator
3747,insulite
3748,insulous
3749,insulse
3750,insulsity
3751,insult
3752,insulted
3753,insulting
3754,insultable
3755,insultation
3756,insulter
3757,insultment
3758,insume
3759,insuperability
3760,insuperable
3761,insupportable
3762,insupposable
3763,insuppressible
3764,insuppressive
3765,insurable
3766,insurance
3767,insurancer
3768,insurant
3769,insured
3770,insuring
3771,insure
3772,insurer
3773,insurgence
3774,insurgency
3775,insurgent
3776,insurmountability
3777,insurmountable
3778,insurmountableness
3779,insurmountably
3780,insurrection
3781,insurrectional
3782,insurrectionary
3783,insurrectionist
3784,insusceptibility
3785,insusceptible
3786,insusceptive
3787,insusurration
3788,inswathed
3789,inswating
3790,inswathe
3791,intact
3792,intactible
3793,intactable
3794,intagliated
3795,intaglius
3796,intagli
3797,intaglio
3798,intail
3799,intake
3800,intaminated
3801,intangibilities
3802,intangibility
3803,intangible
3804,intangle
3805,intastable
3806,integer
3807,integrability
3808,integrable
3809,integral
3810,integrality
3811,integrally
3812,integrant
3813,integrated
3814,integrating
3815,integrate
3816,integration
3817,integrator
3818,integrity
3819,integropallial
3820,integumation
3821,integument
3822,integumentary
3823,integumentation
3824,intellect
3825,intellected
3826,intellection
3827,intellective
3828,intellectively
3829,intellectual
3830,intellectualism
3831,intellectualist
3832,intellectuality
3833,intellectualize
3834,intellectually
3835,intelligence
3836,intelligencer
3837,intelligencing
3838,intelligency
3839,intelligent
3840,intelligential
3841,intelligentiary
3842,intelligently
3843,intelligibility
3844,intelligible
3845,intelligibleness
3846,intelligibly
3847,intemerate
3848,intemerated
3849,intemerateness
3850,intemerament
3851,intemperance
3852,intemperancy
3853,intemperant
3854,intemperate
3855,intemperately
3856,intemperateness
3857,intemperature
3858,intempestive
3859,intempestively
3860,intempestivity
3861,intenable
3862,intended
3863,intending
3864,intend
3865,intendancies
3866,intendancy
3867,intendant
3868,intendedly
3869,intendent
3870,intender
3871,intendiment
3872,intendment
3873,intenerated
3874,intenerating
3875,intenerate
3876,inteneration
3877,intenible
3878,intensated
3879,intensating
3880,intensate
3881,intensation
3882,intensative
3883,intense
3884,intensely
3885,intenseness
3886,intensification
3887,intensifier
3888,intensified
3889,intensifying
3890,intensify
3891,intension
3892,intensitive
3893,intensity
3894,intensive
3895,intensively
3896,intensiveness
3897,intent
3898,intentation
3899,intention
3900,intentional
3901,intentionality
3902,intentionally
3903,intentioned
3904,intentive
3905,intentively
3906,intentiveness
3907,intently
3908,intentness
3909,interred
3910,interring
3911,inter
3912,interact
3913,interaction
3914,interadditive
3915,interagency
3916,interagent
3917,interall
3918,interalveolar
3919,interambulacral
3920,interambulacra
3921,interambulacrums
3922,interambulacrum
3923,interamnian
3924,interanimate
3925,interarboration
3926,interarticular
3927,interatomic
3928,interaulic
3929,interauricular
3930,interaxal
3931,interaxillary
3932,interaxes
3933,interaxis
3934,interbastation
3935,interbrachial
3936,interbrain
3937,interbranchial
3938,interbreed
3939,intercalar
3940,intercalary
3941,intercalated
3942,intercalating
3943,intercalate
3944,intercalation
3945,intercarotid
3946,intercarpal
3947,intercartilaginous
3948,intercavernous
3949,interceded
3950,interceding
3951,intercede
3952,intercedence
3953,intercedent
3954,interceder
3955,intercellular
3956,intercentral
3957,intercentra
3958,intercentrum
3959,intercepted
3960,intercepting
3961,intercept
3962,intercepter
3963,interception
3964,interceptive
3965,intercession
3966,intercessional
3967,intercessionate
3968,intercessor
3969,intercessorial
3970,intercessory
3971,interchained
3972,interchaining
3973,interchain
3974,interchanged
3975,interchanging
3976,interchange
3977,interchangeability
3978,interchangeable
3979,interchangement
3980,interchapter
3981,intercidence
3982,intercident
3983,intercipient
3984,inrecision
3985,intercitizenship
3986,interclavicle
3987,interclavicular
3988,interclose
3989,intercloud
3990,intercluded
3991,intercluding
3992,interclude
3993,interclusion
3994,intercollegiate
3995,intercolline
3996,intercolonial
3997,intercolumnar
3998,intercolumniation
3999,intercombat
4000,intercoming
4001,intercommoned
4002,intercommoning
4003,intercommon
4004,intercommonage
4005,intercommuned
4006,intercommuning
4007,intercommune
4008,intercommunicable
4009,intercommunicate
4010,intercommunication
4011,intercommunion
4012,intercommunity
4013,intercomparison
4014,intercondylar
4015,intercondyloid
4016,interconnect
4017,interconnection
4018,intercontinental
4019,interconvertible
4020,intercostal
4021,intercourse
4022,intercrossed
4023,intercrossing
4024,intercross
4025,intercrural
4026,intercur
4027,intercurrence
4028,intercurrent
4029,intercutaneous
4030,interdashed
4031,interdashing
4032,interdash
4033,interdeal
4034,interdental
4035,interdentil
4036,interdependence
4037,interdependency
4038,interdependent
4039,interdicted
4040,interdicting
4041,interdict
4042,interdiction
4043,interdictive
4044,interdictory
4045,interdigital
4046,interdigitate
4047,interdigitation
4048,interdome
4049,interduce
4050,interepimeral
4051,interequinoctial
4052,interess
4053,interesse
4054,interested
4055,interesting
4056,interest
4057,interestedness
4058,interestingly
4059,interestingness
4060,interfacial
4061,interfascicular
4062,interferant
4063,interfered
4064,interfering
4065,interfere
4066,interference
4067,interferer
4068,interferingly
4069,interflow
4070,interfluent
4071,interfluous
4072,interfolded
4073,interfoliaceous
4074,interfoliate
4075,interfollicular
4076,interfretted
4077,interfulgent
4078,interfuse
4079,interfusion
4080,interganglionic
4081,interglobular
4082,intergraved
4083,intergraven
4084,intergraving
4085,intergrave
4086,interhemal
4087,interhaemal
4088,interhyal
4089,interim
4090,interior
4091,interiority
4092,interiorly
4093,interjacence
4094,interjacency
4095,interjacent
4096,interjaculate
4097,interjangle
4098,interjected
4099,interjecting
4100,interject
4101,interjection
4102,interjectional
4103,interjectionalize
4104,interjectionally
4105,interjectionary
4106,interjoined
4107,interjoining
4108,interjoin
4109,interjoist
4110,interjunction
4111,interknit
4112,interknow
4113,interknowledge
4114,interlaced
4115,interlacing
4116,interlace
4117,interlacement
4118,interlamellar
4119,interlaminar
4120,interlaminated
4121,interlamination
4122,interlapse
4123,interlarded
4124,interlarding
4125,interlard
4126,interlaid
4127,interlaying
4128,interlay
4129,interleaves
4130,interleaf
4131,interleaved
4132,interleaving
4133,interleave
4134,interlibel
4135,interlined
4136,interlining
4137,interline
4138,interlineal
4139,interlinear
4140,interlineary
4141,interlineation
4142,interlink
4143,interlobar
4144,interlobular
4145,interlocation
4146,interlock
4147,interlocution
4148,interlocutor
4149,interlocutory
4150,interlocutrice
4151,interloped
4152,interloping
4153,interlope
4154,interloper
4155,interlucate
4156,interlucation
4157,interlucent
4158,interlude
4159,interluded
4160,interluder
4161,interluency
4162,interlunar
4163,interlunary
4164,intermandibular
4165,intermarriage
4166,intermarry
4167,intermaxillae
4168,intermaxilla
4169,intermaxillary
4170,intermean
4171,intermeation
4172,intermeddle
4173,intermeddler
4174,intermeddlesome
4175,intermeddling
4176,intermede
4177,intermediacy
4178,intermediae
4179,intermedial
4180,intermedian
4181,intermediary
4182,intermediaries
4183,intermediate
4184,intermediately
4185,intermediation
4186,intermediator
4187,intermedious
4188,intermediums
4189,intermedia
4190,intermedium
4191,intermell
4192,intermembral
4193,intermembranous
4194,interment
4195,intermention
4196,intermesenteric
4197,intermetacarpal
4198,intermetatarsal
4199,intermezzo
4200,intermicate
4201,intermication
4202,intermigration
4203,interminable
4204,interminableness
4205,interminably
4206,interminate
4207,interminated
4208,intermination
4209,intermine
4210,intermingle
4211,intermise
4212,intermission
4213,intermissive
4214,intermitted
4215,intermitting
4216,intermit
4217,intermittence
4218,intermittent
4219,intermittently
4220,intermittingly
4221,intermix
4222,intermixedly
4223,intermixture
4224,intermobility
4225,intermodillion
4226,intermontane
4227,intermundane
4228,intermundian
4229,intermural
4230,intermured
4231,intermuring
4232,intermure
4233,intermuscular
4234,intermutation
4235,intermutual
4236,intern
4237,internal
4238,internality
4239,internally
4240,internasal
4241,international
4242,internationalism
4243,internationalist
4244,internationalize
4245,internationally
4246,interne
4247,interneciary
4248,internecinal
4249,internecine
4250,internecion
4251,internecive
4252,internection
4253,interneural
4254,internity
4255,internment
4256,internodal
4257,internode
4258,internodial
4259,internuncial
4260,internunciess
4261,internuncios
4262,internuncio
4263,internuncioship
4264,internuncius
4265,interoceanic
4266,interocular
4267,interpercular
4268,interoperculum
4269,interorbital
4270,interosculant
4271,interosculate
4272,interosseal
4273,interosseous
4274,interpale
4275,interparietal
4276,interpause
4277,interpeal
4278,interpedencular
4279,interpel
4280,interpellant
4281,interpellate
4282,interpellation
4283,interpenetrate
4284,interpenetration
4285,interpenetrative
4286,interpetalary
4287,interpetiolar
4288,interphalangeal
4289,interpilaster
4290,interplace
4291,interplanetary
4292,interplay
4293,interplead
4294,interpleader
4295,interpledge
4296,interpoint
4297,interpolable
4298,interpolated
4299,interpolating
4300,interpolate
4301,interpolation
4302,interpolator
4303,interpone
4304,interponent
4305,interposal
4306,interposed
4307,interposing
4308,interpose
4309,interposer
4310,interposit
4311,interposition
4312,interposure
4313,interpreted
4314,interpreting
4315,interpret
4316,interpretable
4317,interpretament
4318,interpretation
4319,interpretative
4320,interpretatively
4321,interpreter
4322,interpretive
4323,interpubic
4324,interpunction
4325,interradial
4326,interramal
4327,interreceive
4328,interregency
4329,interregent
4330,interregnums
4331,interregnum
4332,interreign
4333,interrelated
4334,interrelation
4335,interrenal
4336,interrepellent
4337,interrer
4338,interrexes
4339,interreges
4340,interrex
4341,interrogating
4342,interrogate
4343,interrogatee
4344,interrogation
4345,interrogative
4346,interrogatively
4347,interrogator
4348,interrogatories
4349,interrogatory
4350,interrupted
4351,interrupting
4352,interrupt
4353,interruptedly
4354,interrupter
4355,interruption
4356,interruptive
4357,interscapular
4358,interscapulars
4359,interscendent
4360,interscinded
4361,interscinding
4362,interscind
4363,interscribed
4364,interscribing
4365,interscribe
4366,intersecant
4367,intersected
4368,intersecting
4369,intersect
4370,intersection
4371,intersectional
4372,interseminate
4373,interseptal
4374,interserted
4375,interserting
4376,intersert
4377,interserttion
4378,intersesamoid
4379,interset
4380,intershock
4381,intersidereal
4382,intersocial
4383,intersomnious
4384,interspace
4385,interspeech
4386,interspersed
4387,interspersing
4388,intersperse
4389,interspersion
4390,interspinal
4391,interspinous
4392,interspiration
4393,interstapedial
4394,interstate
4395,interstellar
4396,interstellary
4397,intersternal
4398,interstices
4399,interstice
4400,intersticed
4401,interstinctive
4402,interstitial
4403,interstition
4404,interstratification
4405,interstratified
4406,interstratify
4407,intertalk
4408,intertangle
4409,intertarsal
4410,intertex
4411,intertexture
4412,interthoracic
4413,intertie
4414,intertissued
4415,intertraffic
4416,intertranspicuous
4417,intertransverse
4418,intertrigo
4419,intertrochanteric
4420,intertropical
4421,intertubular
4422,intertwine
4423,intertwiningly
4424,intertwist
4425,intertwistingly
4426,interungular
4427,interungulate
4428,interval
4429,intervale
4430,intervallums
4431,intervalla
4432,intervallum
4433,intervary
4434,interveined
4435,intervened
4436,intervening
4437,intervene
4438,intervener
4439,intervenience
4440,interveniency
4441,intervenient
4442,intervent
4443,intervention
4444,interventor
4445,interventricular
4446,intervenue
4447,intervert
4448,intervertebral
4449,interview
4450,interviewer
4451,interviewing
4452,intervisible
4453,intervisit
4454,intervital
4455,intervolution
4456,intervolved
4457,intervolving
4458,intervolve
4459,interwove
4460,interwoven
4461,interweaving
4462,interweave
4463,interwish
4464,interworking
4465,interworld
4466,interwreathe
4467,intestable
4468,intestacy
4469,intestate
4470,intestinal
4471,intestine
4472,intestines
4473,intext
4474,intextine
4475,intextured
4476,inthirst
4477,inthralled
4478,inthralling
4479,inthrall
4480,inthrallment
4481,inthrone
4482,inthrong
4483,inthronization
4484,inthronize
4485,intice
4486,intimacies
4487,intimacy
4488,intimate
4489,intimated
4490,intimating
4491,intimately
4492,intimation
4493,intime
4494,intimidated
4495,intimidating
4496,intimidate
4497,intimidation
4498,intimidatory
4499,intinction
4500,intinctivity
4501,intine
4502,intire
4503,intirely
4504,intitle
4505,intituled
4506,intituling
4507,intitule
4508,into
4509,intolerability
4510,intolerable
4511,intolerance
4512,intolerancy
4513,intolerant
4514,intolerantly
4515,intolerated
4516,intolerating
4517,intoleration
4518,intombed
4519,intombing
4520,intomb
4521,intombment
4522,intonate
4523,intonated
4524,intonating
4525,intonation
4526,intoned
4527,intoning
4528,intone
4529,intorsion
4530,intorted
4531,intorting
4532,intort
4533,intortion
4534,intoxicant
4535,intoxicate
4536,intoxicated
4537,intoxicating
4538,intoxicatedness
4539,intoxication
4540,intraaxillary
4541,intracellular
4542,intracolic
4543,intracranial
4544,intractability
4545,intractable
4546,intractile
4547,intrados
4548,intrafoliaceous
4549,intrafusion
4550,intralobular
4551,intramarginal
4552,intramercurial
4553,intramolecular
4554,intramundane
4555,intramural
4556,intranquillity
4557,intranscalent
4558,intransgressible
4559,intranssient
4560,intransigent
4561,intransigentes
4562,intransitive
4563,intransitively
4564,intransmissible
4565,intransmutability
4566,intransmutable
4567,intrant
4568,intranuclear
4569,intrap
4570,intraparietal
4571,intrapetiolar
4572,intraterritorial
4573,intrathoracic
4574,intratropical
4575,intrauterine
4576,intravalvular
4577,intravenous
4578,intraventricular
4579,intreasure
4580,intreat
4581,intreatable
4582,intreatance
4583,intreatful
4584,intrenched
4585,intrenching
4586,intrench
4587,intrenchant
4588,intrenchment
4589,intrepid
4590,intrepidity
4591,intrepidly
4592,intricable
4593,intricacies
4594,intricacy
4595,intricate
4596,intricately
4597,intricateness
4598,intrication
4599,intrigante
4600,intrigued
4601,intriguing
4602,intrigue
4603,intriguer
4604,intriguery
4605,intriguingly
4606,intrinse
4607,intrinsic
4608,intrinsical
4609,intrinsicality
4610,intrinsically
4611,intrinsicalness
4612,intrinsicate
4613,introcession
4614,introduced
4615,introducing
4616,introduce
4617,introducement
4618,introducer
4619,introduct
4620,introduction
4621,introductive
4622,introductor
4623,introductorily
4624,introductory
4625,introductress
4626,introflexed
4627,introgression
4628,introit
4629,intromission
4630,intromitted
4631,intromitting
4632,intromit
4633,intromittent
4634,intromitter
4635,intropression
4636,introreception
4637,introrse
4638,introspect
4639,introspection
4640,introspectionist
4641,introspective
4642,introsume
4643,introsusception
4644,introvenient
4645,introversion
4646,introverted
4647,introverting
4648,introvert
4649,intrude
4650,intruded
4651,intruding
4652,intruder
4653,intrudress
4654,intrunk
4655,intrusion
4656,intrusional
4657,intrusionist
4658,intrusive
4659,intrusted
4660,intrusting
4661,intrust
4662,intubation
4663,intuition
4664,intuitional
4665,intuitionalism
4666,intuitionalist
4667,intuitionism
4668,intuitionist
4669,intuitive
4670,intuitively
4671,intuitivism
4672,intumesced
4673,intumescing
4674,intumesce
4675,intumescence
4676,intumescent
4677,intumulated
4678,intune
4679,inturbidated
4680,inturbidating
4681,inturbidate
4682,inturgescence
4683,intuse
4684,intussuscepted
4685,intussusception
4686,intwine
4687,intwinement
4688,intwist
4689,inuendo
4690,inulin
4691,inuloid
4692,inumbrate
4693,inuncted
4694,inunction
4695,inunctuosity
4696,inundant
4697,inundated
4698,inundating
4699,inundate
4700,inundation
4701,inunderstanding
4702,inurbane
4703,inurbanity
4704,inured
4705,inuring
4706,inure
4707,inurement
4708,inurned
4709,inurning
4710,inurn
4711,inusitate
4712,inusitation
4713,inust
4714,inustion
4715,inutile
4716,inutility
4717,inutterable
4718,invaded
4719,invading
4720,invade
4721,invader
4722,invaginate
4723,invaginated
4724,invagination
4725,invalescence
4726,invaletudinary
4727,invalid
4728,invalidated
4729,invalidating
4730,invalidate
4731,invalidation
4732,invalide
4733,invalidism
4734,invalidity
4735,invalidness
4736,invalorous
4737,invaluable
4738,invaluably
4739,invalued
4740,invariability
4741,invariable
4742,invariance
4743,invariant
4744,invasion
4745,invasive
4746,invect
4747,invected
4748,invection
4749,invective
4750,invectively
4751,inveighed
4752,inveighing
4753,inveigh
4754,inveigher
4755,inveigled
4756,inveigling
4757,inveigle
4758,inveiglement
4759,inveigler
4760,inveil
4761,invendibility
4762,invendible
4763,invenom
4764,invented
4765,inventing
4766,invent
4767,inventer
4768,inventful
4769,inventible
4770,inventibleness
4771,invention
4772,inventious
4773,inventive
4774,inventor
4775,inventorial
4776,inventories
4777,inventory
4778,inventoried
4779,inventorying
4780,inventress
4781,inveracity
4782,inverisimilitude
4783,inverse
4784,inversely
4785,inversion
4786,inverted
4787,inverting
4788,invert
4789,invertebral
4790,invertebrata
4791,invertebrate
4792,invertebrated
4793,invertedly
4794,invertible
4795,invertin
4796,invested
4797,investing
4798,invest
4799,investient
4800,investigable
4801,investigated
4802,investigating
4803,investigate
4804,investigation
4805,investigative
4806,investigator
4807,investiture
4808,investive
4809,investment
4810,investor
4811,investure
4812,inveteracy
4813,inveterate
4814,inveterately
4815,inveterateness
4816,inveteration
4817,invict
4818,invidious
4819,invigilance
4820,invigilancy
4821,invigor
4822,invigorated
4823,invigorating
4824,invigorate
4825,invigoration
4826,invile
4827,invillaged
4828,invincibility
4829,invincible
4830,inviolability
4831,inviolable
4832,inviolableness
4833,inviolably
4834,inviolacy
4835,inviolate
4836,inviolated
4837,inviolately
4838,inviolaness
4839,invious
4840,invirile
4841,invirility
4842,inviscated
4843,inviscating
4844,inviscate
4845,inviscerated
4846,inviscerating
4847,inviscerate
4848,invisibilities
4849,invisibility
4850,invisible
4851,invisibleness
4852,invisibly
4853,invision
4854,invitation
4855,invitatory
4856,invitatories
4857,invited
4858,inviting
4859,invite
4860,invitement
4861,inviter
4862,invitiate
4863,invitrifiable
4864,invocated
4865,invocating
4866,invocate
4867,invocation
4868,invocatory
4869,invoice
4870,invoiced
4871,invoicing
4872,invoked
4873,invoking
4874,invoke
4875,involucel
4876,involucellate
4877,involucella
4878,involucellum
4879,involucral
4880,involucrate
4881,involucrated
4882,involucre
4883,involucred
4884,involucret
4885,involucra
4886,involucrums
4887,involucrum
4888,involuntarily
4889,involuntariness
4890,involuntary
4891,involute
4892,involuted
4893,involution
4894,involved
4895,involving
4896,involve
4897,involvedness
4898,involvement
4899,invulgar
4900,invulnerability
4901,invulnerable
4902,invulnerableness
4903,invulnerate
4904,inwalled
4905,inwalling
4906,inwall
4907,inward
4908,inwards
4909,inwardly
4910,inwardness
4911,inweave
4912,inwheel
4913,inwit
4914,inwith
4915,inwork
4916,itworn
4917,inwrap
4918,inwreathe
4919,inwrought
4920,ios
4921,io
4922,iodal
4923,iodate
4924,iodhydrin
4925,iodic
4926,iodide
4927,iodine
4928,iodism
4929,iodized
4930,iodizing
4931,iodize
4932,iodizer
4933,iodoform
4934,iodoquinine
4935,iodous
4936,ioduret
4937,iodyrite
4938,iolite
4939,ion
4940,ionian
4941,ionic
4942,ionidium
4943,iota
4944,iotacism
4945,iowas
4946,ipecac
4947,ipecacuanha
4948,ipocras
4949,ipomoea
4950,ipomoeic
4951,iracund
4952,irade
4953,iran
4954,iranian
4955,iranic
4956,irascibility
4957,irascible
4958,irate
4959,ire
4960,ireful
4961,irefulness
4962,irenarch
4963,irenic
4964,irenical
4965,irenicon
4966,irenics
4967,irestone
4968,irian
4969,iricism
4970,iridaceous
4971,irideous
4972,iridal
4973,iridectomy
4974,iridescence
4975,iridescent
4976,iridian
4977,iridiated
4978,iridic
4979,iridioscope
4980,iridious
4981,iridium
4982,iridized
4983,iridizing
4984,iridize
4985,iridoline
4986,iridosmine
4987,iridosmium
4988,irises
4989,irides
4990,iris
4991,irisated
4992,iriscope
4993,irised
4994,irish
4995,irishism
4996,irishmen
4997,irishman
4998,irishry
4999,iritis
5000,irk
5001,irksome
5002,iron
5003,ironed
5004,ironing
5005,ironbound
5006,ironclad
5007,ironer
5008,ironheads
5009,ironic
5010,ironical
5011,ironish
5012,ironist
5013,ironmaster
5014,ironmonger
5015,ironmongery
5016,ironsides
5017,ironsmith
5018,ironstone
5019,ironware
5020,ironweed
5021,ironwood
5022,ironwork
5023,ironwort
5024,irony
5025,iroquois
5026,irous
5027,irp
5028,irpe
5029,irradiance
5030,irradiancy
5031,irradiant
5032,irradiated
5033,irradiating
5034,irradiate
5035,irradiation
5036,irradicate
5037,irrational
5038,irrationality
5039,irrationally
5040,irrationalness
5041,irrebuttable
5042,irreceptive
5043,irreclaimable
5044,irrecognition
5045,irrecognizable
5046,irreconcilability
5047,irreconcilable
5048,irreconcile
5049,irreconcilement
5050,irreconciliation
5051,irrecordable
5052,irrecoverable
5053,irrecuperable
5054,irrecured
5055,irrecusable
5056,irredeemability
5057,irredeemable
5058,irreducibility
5059,irreducible
5060,irreflection
5061,irreflective
5062,irrefromable
5063,irrefragability
5064,irrefragable
5065,irrefrangibility
5066,irrefrangible
5067,irrefutable
5068,irregeneracy
5069,irregeneration
5070,irregular
5071,irregularist
5072,irregularities
5073,irregularity
5074,irregularly
5075,irregulate
5076,irregulous
5077,irrejectable
5078,irrelapsable
5079,irrelate
5080,irrelation
5081,irrelative
5082,irrelavance
5083,irrelavancy
5084,irrelavant
5085,irrelievable
5086,irreligion
5087,irreligionist
5088,irreligious
5089,irreligiously
5090,irreligiousness
5091,irremeable
5092,irremediable
5093,irremediableness
5094,irremediably
5095,irremissible
5096,irremission
5097,irremissive
5098,irremittable
5099,irremobability
5100,irremovable
5101,irremoval
5102,irremunerable
5103,irrenowned
5104,irreparability
5105,irreparable
5106,irreparableness
5107,irreparably
5108,irrepealability
5109,irrepealable
5110,irrepentance
5111,irrepleviable
5112,irreplevisable
5113,irreprehensible
5114,irrepresentable
5115,irrepressible
5116,irrepressibly
5117,irreproachable
5118,irreproachableness
5119,irreproachably
5120,irreprovable
5121,irreptitious
5122,irreputable
5123,irresilient
5124,irresistance
5125,irresistibility
5126,irresistible
5127,irresistibleness
5128,irresistibly
5129,irresistless
5130,irresoluble
5131,irresolubleness
5132,irresolute
5133,irresolution
5134,irresolvability
5135,irresolvable
5136,irresolvableness
5137,irresolvedly
5138,irrespective
5139,irrespectively
5140,irrespirable
5141,irresponsibility
5142,irresponsible
5143,irresponsibly
5144,irresponsive
5145,irresuscitable
5146,irretention
5147,irretentive
5148,irretraceable
5149,irretractile
5150,irretrievable
5151,irretrievableness
5152,irretrievably
5153,irreturnable
5154,irrevealable
5155,irreverence
5156,irreverend
5157,irreverent
5158,irreverently
5159,irreversibility
5160,irreversible
5161,irreversibleness
5162,irreversibly
5163,irrevocability
5164,irrevocable
5165,irrevokable
5166,irrevoluble
5167,irrhetorical
5168,irrigated
5169,irrigating
5170,irrigate
5171,irrigation
5172,irriguous
5173,irrisible
5174,irrision
5175,irritability
5176,irritable
5177,irritableness
5178,irritably
5179,irritancy
5180,irritant
5181,irritate
5182,irritated
5183,irritating
5184,irritation
5185,irritative
5186,irritatory
5187,irrorated
5188,irrorating
5189,irrorate
5190,irroration
5191,irrotational
5192,irrubrical
5193,irrugate
5194,irrupted
5195,irruption
5196,irruptive
5197,irvingite
5198,is
5199,isabel
5200,isabella
5201,isabelline
5202,isagelous
5203,isagel
5204,isagoge
5205,isagogic
5206,isagogical
5207,isagogics
5208,isagon
5209,isapostolic
5210,isatic
5211,isatinic
5212,isatide
5213,isatin
5214,isatis
5215,isatogen
5216,isatropic
5217,ischias
5218,ischiadic
5219,ischial
5220,ischiatic
5221,ischiocapsular
5222,ischiocerite
5223,ischion
5224,ischium
5225,ischiopodite
5226,ischiorectal
5227,ischuretic
5228,ischury
5229,isentropic
5230,isethionic
5231,ishmaelite
5232,ishmaelitish
5233,isiac
5234,isicle
5235,isidorian
5236,isinglass
5237,isis
5238,islam
5239,islamism
5240,islamite
5241,islamitic
5242,islamized
5243,islamizing
5244,islamize
5245,island
5246,islander
5247,islandy
5248,isle
5249,islet
5250,ism
5251,ismaelian
5252,ismaelite
5253,isobar
5254,isobaric
5255,isobarometric
5256,isobathytherm
5257,isobathythermic
5258,isocephalism
5259,isochasm
5260,isochasmic
5261,isocheim
5262,isocheimal
5263,isochimal
5264,isocheimenal
5265,isochimenal
5266,isocheimic
5267,isochimene
5268,isochromatic
5269,isochronal
5270,isochronic
5271,isochronism
5272,isochronon
5273,isochronous
5274,isochroous
5275,isoclinal
5276,isoclinic
5277,isocrymal
5278,isocryme
5279,isocrymic
5280,isocyanic
5281,isocyanuric
5282,isodiabatic
5283,isodiametric
5284,isodimorphic
5285,isodimorphism
5286,isodimorphous
5287,isodulcite
5288,isodynamic
5289,isodynamous
5290,isogeotherm
5291,isogeothermal
5292,isogeothermic
5293,isogonic
5294,isogonism
5295,isographic
5296,isography
5297,isohyetose
5298,isolable
5299,isolated
5300,isolating
5301,isolate
5302,isolatedly
5303,isolation
5304,isolator
5305,isologous
5306,isomer
5307,isomeric
5308,isomeride
5309,isomerism
5310,isomeromorphism
5311,isometric
5312,isometrical
5313,isomorph
5314,isomorphic
5315,isomorphism
5316,isomorphous
5317,isonandra
5318,isonephelic
5319,isonicotine
5320,isonicotinic
5321,isonomic
5322,isonomy
5323,isopathy
5324,isopepsin
5325,isoperimetrical
5326,isoperimetry
5327,isopiestic
5328,isopleura
5329,isopod
5330,isopoda
5331,isopodiform
5332,isopodous
5333,isopogonous
5334,isoprene
5335,isopycnic
5336,isorcin
5337,isorropic
5338,isosceles
5339,isospondyli
5340,isospondylous
5341,isosporic
5342,isostemonous
5343,isostemony
5344,isosulphocyanate
5345,isosulphocyanic
5346,isotheral
5347,isothere
5348,isotherm
5349,isothermal
5350,isothermobath
5351,isothermobathic
5352,isotherombrose
5353,isotonic
5354,isotrimorphic
5355,isotrimorphism
5356,isotrimorphous
5357,isotropic
5358,isotropism
5359,isotropous
5360,isotropy
5361,isouric
5362,israelite
5363,israelitic
5364,israelitish
5365,issuable
5366,issuably
5367,issuance
5368,issuant
5369,issue
5370,issued
5371,issuing
5372,issueless
5373,issuer
5374,isthmian
5375,isthmuses
5376,isthmus
5377,istle
5378,isuret
5379,it
5380,itacism
5381,itacist
5382,itacolumite
5383,itaconic
5384,itala
5385,italian
5386,italianate
5387,italianism
5388,italianized
5389,italianizing
5390,italianize
5391,italic
5392,italics
5393,italicism
5394,italicized
5395,italicizing
5396,italicize
5397,itched
5398,itching
5399,itch
5400,itchiness
5401,itchless
5402,itchy
5403,item
5404,itemed
5405,iteming
5406,itemize
5407,iter
5408,iterable
5409,iterance
5410,iterant
5411,iterate
5412,iterated
5413,iterating
5414,iteration
5415,iterative
5416,ithyphallic
5417,itineracy
5418,itinerancy
5419,itinerant
5420,itinerantly
5421,itinerary
5422,itineraries
5423,itinerated
5424,itinerating
5425,itinerate
5426,its
5427,itself
5428,ittria
5429,ittrium
5430,itzibu
5431,iulidan
5432,iulus
5433,ivied
5434,ivoride
5435,ivories
5436,ivory
5437,ivorytype
5438,ivies
5439,ivy
5440,iwis
5441,ixia
5442,ixodes
5443,ixodian
5444,ixtle
5445,ixtli
5446,izard
5447,izedi
5448,izedism
5449,izzard
