,J
0,jab
1,jabbered
2,jabbering
3,jabber
4,jabberingly
5,jabberment
6,jabbernowl
7,jabiru
8,jaborandi
9,jaborine
10,jabot
11,jacamar
12,jacana
13,jacaranda
14,jacare
15,jacchus
16,jacconet
17,jacent
18,jacinth
19,jack
20,jackal
21,jackanapes
22,jackass
23,jackdaw
24,jackeen
25,jacket
26,jacketed
27,jacketing
28,jackknife
29,jackmen
30,jackman
31,jackpudding
32,jacksaw
33,jackscrew
34,jackslave
35,jacksmith
36,jacksnipe
37,jackstay
38,jackstone
39,jackstraw
40,jackwood
41,jacob
42,jacobean
43,jacobian
44,jacobin
45,jacobine
46,jacobinic
47,jacobinical
48,jacobinism
49,jacobinized
50,jacobinizing
51,jacobinize
52,jacobite
53,jacobitic
54,jacobitical
55,jacobitism
56,jacobuses
57,jacobus
58,jaconet
59,jacquard
60,jacqueminot
61,jacquerie
62,jactancy
63,jactation
64,jactitation
65,jaculable
66,jaculated
67,jaculating
68,jaculate
69,jaculation
70,jaculator
71,jaculatory
72,jadding
73,jade
74,jaded
75,jading
76,jadeite
77,jadery
78,jadish
79,jaeger
80,jag
81,jagged
82,jagging
83,jaganatha
84,jager
85,jagg
86,jagger
87,jaggery
88,jaggy
89,jaghir
90,jaghirdar
91,jaguar
92,jaguarondi
93,jah
94,jail
95,jailer
96,jain
97,jaina
98,jainism
99,jairou
100,jak
101,jakes
102,jakie
103,jako
104,jakwood
105,jalap
106,jalapic
107,jalapin
108,jalons
109,jalousie
110,jalousied
111,jam
112,jammed
113,jamming
114,jamacina
115,jamadar
116,jamaica
117,jamaican
118,jamaicine
119,jamb
120,jambee
121,jambes
122,jambeux
123,jambolana
124,jamdani
125,jamesonite
126,jan
127,jane
128,jangled
129,jangling
130,jangle
131,jangler
132,jangleress
133,janglery
134,janissary
135,janitor
136,janitress
137,janitrix
138,janizar
139,janizarian
140,janizaries
141,janizary
142,janker
143,jansenism
144,jansenist
145,jant
146,janthina
147,jantily
148,jantiness
149,jantu
150,janty
151,january
152,janus
153,japan
154,japanned
155,japanning
156,japanese
157,japanner
158,japannish
159,jape
160,japer
161,japery
162,japhethite
163,japhetic
164,japhetite
165,japonica
166,jar
167,jarred
168,jarring
169,jararaca
170,jarble
171,jardiniere
172,jards
173,jargle
174,jargon
175,jargoned
176,jargoning
177,jargonelle
178,jargonic
179,jargonist
180,jarl
181,jarnut
182,jarosite
183,jarrah
184,jarringly
185,jarvey
186,jarvy
187,jasey
188,jashawk
189,jasmine
190,jasp
191,jaspachate
192,jasper
193,jasperated
194,jasperize
195,jaspery
196,jaspidean
197,jaspideous
198,jaspilite
199,jaspoid
200,jasponyx
201,jatrophic
202,jaunce
203,jaundice
204,jaundiced
205,jaunted
206,jaunting
207,jaunt
208,jauntily
209,jauntiness
210,jaunty
211,java
212,javanese
213,javel
214,javelin
215,javelinier
216,jaw
217,jawed
218,jawing
219,jawbone
220,jawfoot
221,jawn
222,jawy
223,jay
224,jayet
225,jayhawker
226,jazel
227,jazerant
228,jealous
229,jealoushood
230,jealously
231,jealousness
232,jealousies
233,jealousy
234,jeames
235,jean
236,jears
237,jeat
238,jee
239,jeel
240,jeer
241,jeered
242,jeering
243,jeerer
244,jeers
245,jeffersonia
246,jeffersonian
247,jeffersonite
248,jeg
249,jehovah
250,jehovist
251,jehovistic
252,jehu
253,jejunal
254,jejune
255,jejunity
256,jejunum
257,jelerang
258,jell
259,jellied
260,jellies
261,jelly
262,jellying
263,jellyfish
264,jemidar
265,jemminess
266,jemmy
267,jeniquen
268,jenite
269,jenkins
270,jennet
271,jenneting
272,jennies
273,jenny
274,jentling
275,jeofail
276,jeoparded
277,jeoparding
278,jeopard
279,jeoparder
280,jeopardized
281,jeopardizing
282,jeopardize
283,jeopardous
284,jeopardy
285,jerboa
286,jereed
287,jeremiad
288,jeremiade
289,jerfalcon
290,jerguer
291,jerid
292,jerk
293,jerked
294,jerking
295,jerker
296,jerkin
297,jerkinhead
298,jerky
299,jermoonal
300,jeronymite
301,jeropigia
302,jerquer
303,jerquing
304,jerseys
305,jersey
306,jerusalem
307,jervine
308,jesses
309,jess
310,jessamine
311,jessant
312,jesse
313,jessed
314,jest
315,jested
316,jesting
317,jester
318,jestful
319,jestingly
320,jesuit
321,jesuited
322,jesuitess
323,jesuitic
324,jesuitical
325,jesuitically
326,jesuitism
327,jesuitocracy
328,jesuitry
329,jesus
330,jet
331,jetted
332,jetting
333,jeterus
334,jetsam
335,jetson
336,jetteau
337,jettee
338,jetter
339,jettiness
340,jettison
341,jetton
342,jetty
343,jetties
344,jew
345,jewbush
346,jewel
347,jeweled
348,jewelled
349,jeweling
350,jewelling
351,jeweler
352,jewellery
353,jewelry
354,jewelweed
355,jewess
356,jewfish
357,jewise
358,jewish
359,jewry
360,jewstone
361,jezebel
362,jharal
363,jib
364,jibber
365,jibed
366,jibing
367,jibe
368,jiffy
369,jig
370,jigged
371,jigging
372,jigger
373,jiggish
374,jiggle
375,jigjog
376,jill
377,jilt
378,jilted
379,jilting
380,jimcrack
381,jimmies
382,jimmy
383,jimp
384,jin
385,jinn
386,jingal
387,jingle
388,jingled
389,jingling
390,jingler
391,jinglingly
392,jingoes
393,jingo
394,jingoism
395,jinnee
396,jinrikisha
397,jippo
398,joes
399,jo
400,job
401,jobbed
402,jobbing
403,jobation
404,jobber
405,jobbernowl
406,jobbery
407,jocantry
408,jockeys
409,jockey
410,jockeyed
411,jockeying
412,jockeyism
413,jockeyship
414,jocose
415,jocoserious
416,jocosity
417,jocular
418,jocularity
419,jocularly
420,joculary
421,joculator
422,joculatory
423,jocund
424,jocundity
425,joe
426,jogged
427,jogging
428,jog
429,jogger
430,joggled
431,joggling
432,joggle
433,johannean
434,johannes
435,johannisberger
436,john
437,johnadreams
438,johnnies
439,johnny
440,johnnycake
441,johnsonese
442,johnsonian
443,johnsonianism
444,joined
445,joining
446,join
447,joinant
448,joinder
449,joiner
450,joinery
451,joinhand
452,joint
453,jointed
454,jointing
455,jointer
456,jointless
457,jointly
458,jointress
459,jointure
460,jointured
461,jointuring
462,jointureless
463,jointuress
464,jointweed
465,jointworm
466,joist
467,joisted
468,joisting
469,joke
470,joked
471,joking
472,joker
473,jokingly
474,jole
475,joll
476,jolif
477,jollification
478,jollily
479,jolloment
480,jolliness
481,jollity
482,jolly
483,jollyhead
484,jolted
485,jolt
486,jolter
487,jolterhead
488,jolthead
489,joltingly
490,jolty
491,jonah
492,jonesian
493,jongleur
494,jongler
495,jonquil
496,jonquille
497,joram
498,jordan
499,jorden
500,jorum
501,joseph
502,joso
503,joss
504,jossa
505,jostled
506,jostling
507,jostle
508,jostlement
509,jot
510,jotted
511,jotting
512,jotter
513,jougs
514,jouissance
515,jouk
516,joul
517,joule
518,jounced
519,jouncing
520,jounce
521,journal
522,journalism
523,journalist
524,journalistic
525,journalized
526,journalizing
527,journalize
528,journeys
529,journey
530,journeyed
531,journeying
532,journeyer
533,journeymen
534,journeyman
535,journeywork
536,joust
537,jouster
538,jove
539,jovial
540,jovialist
541,joviality
542,jovially
543,jovialness
544,jovialty
545,jovian
546,jovicentric
547,jovinianist
548,jowl
549,jowler
550,jowter
551,joy
552,joyed
553,joying
554,joyace
555,joyancy
556,joyful
557,joyless
558,joyous
559,joysome
560,jub
561,jubae
562,juba
563,jubate
564,jube
565,jubilant
566,jubilantly
567,jubilar
568,jubilate
569,jubilation
570,jubilee
571,jucundity
572,judahite
573,judaic
574,judaical
575,judaically
576,judaism
577,judaist
578,judaistic
579,judaization
580,judaized
581,judaizing
582,judaize
583,judaizer
584,judas
585,juddock
586,judean
587,judge
588,judged
589,judging
590,judger
591,judgeship
592,judgment
593,judicable
594,judicative
595,judicatory
596,judicature
597,judicial
598,judicially
599,judiciary
600,judicious
601,judiciously
602,judiciousness
603,jug
604,jugged
605,jugging
606,jugal
607,jugata
608,jugated
609,juge
610,jugement
611,juger
612,jugger
613,juggernaut
614,juggled
615,juggling
616,juggle
617,juggler
618,juggleress
619,jugglery
620,juggs
621,juglandin
622,juglandine
623,juglans
624,juglone
625,jugular
626,jugulated
627,jugulating
628,jugulate
629,jugula
630,jugulum
631,juga
632,jugums
633,jugum
634,juice
635,juiceless
636,juiciness
637,juicy
638,juise
639,jujube
640,juke
641,julaceous
642,julep
643,julian
644,julienne
645,juliform
646,juli
647,julus
648,julies
649,july
650,jumart
651,jumbled
652,jumbling
653,jumble
654,jumblement
655,jumbler
656,jumblingly
657,jument
658,jump
659,jumped
660,jumping
661,jumper
662,jumpweld
663,juncaceous
664,juncate
665,juncite
666,junco
667,juncous
668,junction
669,juncture
670,june
671,juneating
672,juneberry
673,jungermanniae
674,jungermannia
675,jungle
676,jungly
677,junior
678,juniority
679,juniper
680,juniperin
681,juniperite
682,junk
683,junker
684,junkerism
685,junket
686,junketed
687,junketing
688,junketries
689,junos
690,juntas
691,junta
692,juntos
693,junto
694,junartie
695,jupe
696,jupiter
697,jupon
698,juppon
699,jura
700,jural
701,juramenta
702,juramentum
703,jurassic
704,jurat
705,juratory
706,jurdiccion
707,jurdon
708,jurel
709,juridic
710,juridical
711,juridically
712,jurisconsult
713,jurisdiction
714,jurisdictional
715,jurisdictive
716,jurisprudence
717,jurisprudent
718,jurisprudential
719,jurist
720,juristic
721,juristical
722,juror
723,jury
724,juries
725,jurymen
726,juryman
727,jussi
728,just
729,justice
730,justiceable
731,justicehood
732,justicement
733,justicer
734,justiceship
735,justiciable
736,justiciar
737,justiciary
738,justico
739,justicoat
740,justifiable
741,justification
742,justificative
743,justificator
744,justificatory
745,justifier
746,justified
747,justifying
748,justify
749,justinian
750,justle
751,justled
752,justling
753,justly
754,justness
755,jutted
756,jutting
757,jut
758,jute
759,jutes
760,jutlander
761,jutlandish
762,jutty
763,juvenal
764,juvenescence
765,juvenescent
766,juvenile
767,juvenileness
768,juvenilities
769,juvenility
770,juvia
771,juwansa
772,juwise
773,juxtapose
774,juxtaposited
775,juxtapositing
776,juxtaposit
777,juxtaposition
778,junold
