,L
0,la
1,laas
2,lab
3,labadist
4,labara
5,labarum
6,labdanum
7,labefaction
8,labefy
9,label
10,labeled
11,labelled
12,labeling
13,labelling
14,labeler
15,labella
16,labellums
17,labellum
18,labent
19,labia
20,labial
21,labialism
22,labialization
23,labialize
24,labially
25,labiate
26,labiated
27,labiatifloral
28,labidometer
29,labile
30,lability
31,labimeter
32,labiodental
33,labionasal
34,labiose
35,labipalpi
36,labipalpus
37,labiums
38,labium
39,lablab
40,labor
41,labored
42,laboring
43,laborant
44,laboratories
45,laboratory
46,laboredly
47,laborer
48,laborious
49,laborless
50,laborous
51,laborsome
52,labrador
53,labradorite
54,labras
55,labroid
56,labrose
57,labra
58,labrums
59,labrum
60,labri
61,labrus
62,laburnic
63,laburnine
64,laburnum
65,labyrinth
66,labyrinthal
67,labyrinthian
68,labyrinthibranch
69,labyrinthic
70,labyrinthical
71,labyrinthici
72,labyrinthiform
73,labyrinthine
74,labyrinthodon
75,labyrinthodont
76,labyrinthodonta
77,lac
78,lakh
79,laccic
80,laccin
81,laccolite
82,laccolith
83,lace
84,laced
85,lacing
86,lacedaemonian
87,lacemen
88,laceman
89,lacerable
90,lacerated
91,lacerating
92,lacerate
93,laceration
94,lacerative
95,lacert
96,lacerta
97,lacertian
98,lacertilia
99,lacertilian
100,lacertiloid
101,lacertine
102,lacerti
103,lacertus
104,lacewing
105,laches
106,lache
107,lachrymable
108,lachrymal
109,lacrymal
110,lachrymary
111,lachrymate
112,lachrymation
113,ries
114,lachrymatory
115,lachrymiform
116,lachrymose
117,laciniae
118,lacinia
119,laciniate
120,laciniated
121,laciniolate
122,lacinulae
123,lacinulas
124,lacinula
125,lack
126,lacked
127,lacking
128,lackadaisical
129,lackadaisy
130,lackaday
131,lackbrain
132,lacker
133,lackeys
134,lackey
135,lackeyed
136,lackeying
137,lackluster
138,lacklustre
139,lacmus
140,laconian
141,laconic
142,laconical
143,laconically
144,laconicism
145,laconism
146,laconized
147,laconizing
148,laconize
149,lacquer
150,lacquered
151,lacquering
152,lacquerer
153,lacrimoso
154,lacrosse
155,lacrymary
156,lacrytory
157,lacrymose
158,lactage
159,lactam
160,lactamic
161,lactamide
162,lactant
163,lactarene
164,lactary
165,lactate
166,lactation
167,lacteal
168,lacteally
169,lactean
170,lacteous
171,lacteously
172,lactescence
173,lactescent
174,lactic
175,lactide
176,lactiferous
177,lactific
178,lactifical
179,lactifuge
180,lactim
181,lactimide
182,lactin
183,lactoabumin
184,lactobutyrometer
185,lactodensimeter
186,lactometer
187,lactone
188,lactonic
189,lactoprotein
190,lactory
191,lactoscope
192,lactose
193,lactuca
194,lactucarium
195,lactucic
196,lactucin
197,lactucone
198,lacturamic
199,lactyl
200,lacunae
201,lacunas
202,lacuna
203,lacunal
204,lacunar
205,lacunars
206,lacunaria
207,lacune
208,lacunose
209,lacunous
210,lacustral
211,lacustrine
212,lacwork
213,lad
214,ladanum
215,ladde
216,ladder
217,laddie
218,laded
219,lading
220,lade
221,lademan
222,laden
223,ladied
224,ladify
225,ladin
226,ladinos
227,ladino
228,ladkin
229,ladle
230,ladled
231,ladling
232,ladlefuls
233,ladleful
234,ladrone
235,ladies
236,lady
237,ladybird
238,ladybug
239,ladyclock
240,ladyfish
241,ladyhood
242,ladykin
243,ladylike
244,ladylikeness
245,ladylove
246,ladyship
247,laelaps
248,laemmergeyer
249,laemodipod
250,laemodipoda
251,laemodipodous
252,laevigate
253,laevorotatory
254,laevulose
255,lafayette
256,laft
257,lafte
258,lag
259,lagged
260,lagging
261,lagan
262,lagarto
263,lagenae
264,lagenas
265,lagena
266,lagenian
267,lageniform
268,lager
269,laggard
270,lagger
271,laggingly
272,lagly
273,lagomorph
274,lagemorpha
275,lagoon
276,lagophthalmia
277,lagophthalmos
278,lagopous
279,lagune
280,laic
281,laical
282,laicality
283,laically
284,laid
285,laidly
286,lain
287,lainere
288,lair
289,laird
290,lairdship
291,laism
292,laity
293,lakao
294,lake
295,lakelet
296,lakeweed
297,lakin
298,lakke
299,laky
300,lallation
301,lalo
302,lammed
303,lamming
304,lam
305,lama
306,lamaic
307,lamaism
308,lamaist
309,lamaite
310,lamaistic
311,lamantin
312,lamarckian
313,lamarckianism
314,lamarckism
315,lamasery
316,lamb
317,lambed
318,lambing
319,lambale
320,lambaste
321,lambative
322,lambda
323,lambdacism
324,lambdoid
325,lambdoidal
326,lambent
327,lambkin
328,lamblike
329,lamboys
330,lambrequin
331,lambskin
332,lambskinnet
333,lamdoidal
334,lame
335,lamed
336,laming
337,lamel
338,lamellae
339,lamellas
340,lamella
341,lamellar
342,lamellarly
343,lamellary
344,lamellate
345,lamellated
346,lamellibranch
347,lamellibranchia
348,lamellibranchiata
349,lamellibranchiate
350,lamellicorn
351,lamellicornia
352,lamelliferous
353,lamelliform
354,lamellirostral
355,lamellirostres
356,lamellose
357,lamely
358,lameness
359,lament
360,lamented
361,lamenting
362,lamentable
363,lamentation
364,lamenter
365,lamentin
366,lamentingly
367,lames
368,lametta
369,lamia
370,laminae
371,laminas
372,lamina
373,laminability
374,laminable
375,laminar
376,laminal
377,laminaria
378,laminarian
379,laminarite
380,laminary
381,laminate
382,laminated
383,laminating
384,lamination
385,laminiferous
386,laminiplantar
387,laminitis
388,lamish
389,lamm
390,lammas
391,lammergeir
392,lammergeier
393,lamnunguia
394,lamp
395,lampad
396,lampadist
397,lampadrome
398,lampas
399,lampate
400,lampblack
401,lampern
402,lampers
403,lampic
404,lamping
405,lampless
406,lamplight
407,lamplighter
408,lampoon
409,lampooned
410,lampooning
411,lampooner
412,lampoonry
413,lamprel
414,lampreys
415,lamprey
416,lampron
417,lampyrine
418,lampyris
419,lanarkite
420,lanary
421,lanate
422,lanated
423,lacasterian
424,lance
425,lanced
426,lancing
427,lancegay
428,lancegaye
429,lancelet
430,lancely
431,lanceolar
432,lanceolate
433,lanceolated
434,lancepesade
435,lancer
436,lancet
437,lancewood
438,lanched
439,lanching
440,lanch
441,lanciferous
442,lanciform
443,lancinated
444,lancinating
445,lanciname
446,lancination
447,land
448,landed
449,landing
450,landamman
451,landau
452,landaulet
453,lander
454,landfall
455,landflood
456,landgrave
457,landgraviate
458,landgravine
459,landholder
460,landladies
461,landlady
462,landleaper
463,landless
464,landlock
465,landlocked
466,landloper
467,landlord
468,landlordism
469,landlordry
470,landlouper
471,landlouping
472,landlubber
473,landmen
474,landman
475,landmark
476,landowner
477,landowning
478,landreeve
479,landscape
480,landscapist
481,landskip
482,landslip
483,landslide
484,landsmen
485,landsman
486,landstreight
487,landsturm
488,landtag
489,landwaiter
490,landward
491,landwehr
492,lane
493,lang
494,langaha
495,langarey
496,langate
497,langdak
498,langrage
499,langrel
500,langret
501,langridge
502,langsyne
503,langteraloo
504,language
505,languaged
506,languaging
507,languageless
508,langued
509,languente
510,languet
511,languid
512,languished
513,languishing
514,languish
515,languisher
516,languishingly
517,languishment
518,languishness
519,languor
520,languorous
521,langure
522,langya
523,laniard
524,laniariform
525,laniary
526,laniate
527,laniation
528,lanier
529,laniferous
530,lanifical
531,lanifice
532,lanigerous
533,lanioid
534,lank
535,lankiness
536,lankly
537,lankness
538,lanky
539,lanner
540,lanneret
541,lanolin
542,lanseh
543,lansquenet
544,lant
545,lantanium
546,lantanum
547,lantanuric
548,lanterloo
549,lantern
550,lanterned
551,lanterning
552,lanthanite
553,lanthanum
554,lanthopine
555,lanthorn
556,lanuginose
557,lanuginous
558,lanugo
559,lanyard
560,lanyer
561,laocoon
562,laodicean
563,lap
564,lapped
565,lapping
566,laparocele
567,laparotomy
568,lapboard
569,lapdog
570,lapel
571,lapelled
572,lapfuls
573,lapful
574,lapicide
575,lapidarian
576,lapidarious
577,lapidaries
578,lapidary
579,lapidate
580,lapidation
581,lapideous
582,lapidescence
583,lapidescent
584,lapidific
585,lapidifical
586,lapidification
587,lapidified
588,lapidifying
589,lapidify
590,lapidist
591,lapillation
592,lapilli
593,lapides
594,lapis
595,laplander
596,laplandish
597,lapling
598,lapp
599,lappaceous
600,lapper
601,lappet
602,lappeted
603,lappeting
604,lappic
605,lappish
606,lapponian
607,lapponic
608,lapps
609,lapsable
610,lapse
611,lapsed
612,lapsing
613,lapsible
614,lapsided
615,lapstone
616,lapstreak
617,lapstrake
618,laputan
619,lapwing
620,lapwork
621,laguay
622,laquearia
623,laquear
624,laqueary
625,lares
626,lars
627,lar
628,larboard
629,larcener
630,larcenist
631,larcenous
632,larcenies
633,larceny
634,larch
635,larchen
636,lard
637,larded
638,larding
639,lardacein
640,lardaceous
641,larder
642,larderer
643,lardery
644,lardon
645,lardoon
646,lardry
647,lardy
648,lare
649,large
650,largely
651,largeness
652,largess
653,largesse
654,larget
655,larghetto
656,largifical
657,largifluous
658,largiloquent
659,largish
660,largition
661,largo
662,lariat
663,lariated
664,lariating
665,larine
666,larixinic
667,lark
668,larked
669,larking
670,larker
671,larkspur
672,larmier
673,laroid
674,larruped
675,larruping
676,larrup
677,larry
678,larum
679,larvae
680,larvas
681,larva
682,larval
683,larvalia
684,larvated
685,larves
686,larve
687,larviform
688,larviparous
689,lary
690,laryngeal
691,laryngean
692,larypgismus
693,laryngitis
694,laryngological
695,laryngologist
696,laryngology
697,laryngophony
698,larungoscope
699,laryngoscopic
700,laryngoscopist
701,laryngoscopy
702,laryngotome
703,laryngotomy
704,laryngotracheal
705,laryngotracheotomy
706,larynx
707,las
708,lascar
709,lascious
710,lasciviency
711,lascivient
712,lascivious
713,laserwort
714,lash
715,lashed
716,lashng
717,lasher
718,lashing
719,lask
720,lasket
721,lass
722,lasse
723,lassie
724,lassitude
725,lasslorn
726,lassos
727,lasso
728,lassoed
729,lassoing
730,last
731,lasted
732,lasting
733,lastage
734,laste
735,laster
736,lastery
737,lastly
738,lat
739,latakia
740,latch
741,latched
742,latching
743,latchet
744,latchkey
745,latchstring
746,late
747,lated
748,lateen
749,lately
750,latence
751,latency
752,lateness
753,latent
754,latently
755,lateres
756,later
757,laterad
758,lateral
759,laterality
760,laterally
761,lateran
762,latered
763,laterifolious
764,laterite
765,lateritic
766,lateritious
767,lates
768,latescence
769,latescent
770,latewake
771,lateward
772,latex
773,laths
774,lath
775,lathed
776,lathing
777,lathe
778,lather
779,lathered
780,lathering
781,lathereeve
782,lathreeve
783,lathwork
784,lathy
785,latian
786,latibulized
787,latibulizing
788,latibulize
789,latibula
790,latibulum
791,laticiferous
792,laticlave
793,laticostate
794,latidentate
795,latifoliate
796,latifolious
797,latimer
798,latin
799,latinism
800,latinist
801,latinistic
802,latinitaster
803,latinity
804,latinization
805,latinized
806,latinizing
807,latinize
808,latinly
809,lation
810,latirostral
811,latirostrous
812,latirostres
813,latish
814,latisternal
815,latitancy
816,latitant
817,latitat
818,latitation
819,latitude
820,latitudinal
821,latitudinarian
822,latitudinarianism
823,latitudinous
824,laton
825,latoun
826,latrant
827,latrate
828,latration
829,latreutical
830,latria
831,latrine
832,latrociny
833,latten
834,latter
835,latterkin
836,latterly
837,lattermath
838,lattice
839,latticed
840,latticing
841,latticework
842,laud
843,lauded
844,lauding
845,laudability
846,laudable
847,laudableness
848,laudably
849,laudanine
850,laudanum
851,laudation
852,laudative
853,laudator
854,laudatory
855,lauder
856,laughed
857,laughing
858,laugh
859,laughable
860,laugher
861,laughingly
862,laughingstock
863,laughsome
864,laughter
865,laughterless
866,laughworthy
867,laumontite
868,launce
869,launcegaye
870,launched
871,launching
872,launch
873,laund
874,launder
875,laundered
876,laundering
877,launderer
878,laundress
879,laundries
880,laundry
881,laundrymen
882,laundryman
883,laura
884,lauraceous
885,laurate
886,laureate
887,laureated
888,laureating
889,laureateship
890,laureation
891,laurel
892,laureled
893,laurentian
894,laurer
895,laurestine
896,lauric
897,lauriferous
898,laurin
899,laurinol
900,lauriol
901,laurite
902,laurone
903,laurus
904,laus
905,lava
906,lavaret
907,lavatic
908,lavation
909,lavatory
910,lavatories
911,lavature
912,laved
913,laving
914,lave
915,laveer
916,lavement
917,lavender
918,laver
919,laverock
920,lavic
921,lavish
922,lavished
923,lavishing
924,lavisher
925,lavishly
926,lavishment
927,lavishness
928,lav/sium
929,lavolt
930,lavolta
931,lavoltateer
932,lavour
933,lavrock
934,law
935,lawbreaker
936,lawe
937,lawer
938,lawful
939,lawgiver
940,lawgiving
941,lawing
942,lawless
943,lawmaker
944,lammaking
945,lawmonger
946,lawn
947,lawm
948,lawnd
949,lawny
950,lawsonia
951,lawsuit
952,lawyer
953,lawyerlike
954,lawyerly
955,lax
956,laxation
957,laxative
958,laxativeness
959,laxator
960,laxity
961,laxly
962,laxness
963,lay
964,laying
965,layer
966,layering
967,layland
968,laymen
969,layman
970,layner
971,layship
972,laystall
973,lazar
974,lazaret
975,lazaretto
976,lazarist
977,lazarite
978,lazarlike
979,lazarly
980,lazaroni
981,lazarwort
982,lazed
983,lazing
984,laze
985,lazily
986,laziness
987,lazuli
988,lazulite
989,lazy
990,lazyback
991,lazybones
992,lazzaroni
993,lea
994,leach
995,leached
996,leaching
997,leachy
998,lead
999,leaded
1000,leading
1001,led
1002,leaden
1003,leader
1004,leadership
1005,leadhillite
1006,leadmen
1007,leadman
1008,leadsmen
1009,leadsman
1010,leadwort
1011,leady
1012,leaves
1013,leaf
1014,leafed
1015,leafing
1016,leafage
1017,leafcup
1018,leafet
1019,leafiness
1020,leafless
1021,leaflet
1022,leafstalk
1023,leafy
1024,league
1025,leagued
1026,leaguing
1027,leaguer
1028,leaguerer
1029,leak
1030,leaked
1031,leaking
1032,leakage
1033,leakiness
1034,leaky
1035,leal
1036,leam
1037,leamer
1038,lean
1039,leaned
1040,leant
1041,leaning
1042,leanly
1043,leanness
1044,leany
1045,leap
1046,leaped
1047,leapt
1048,leaping
1049,leaper
1050,leapfrog
1051,leapful
1052,leapingly
1053,lear
1054,learned
1055,learnt
1056,learning
1057,learn
1058,learnable
1059,learner
1060,leasable
1061,lease
1062,leased
1063,leasing
1064,leasehold
1065,leaseholder
1066,leaser
1067,leash
1068,leashed
1069,leashing
1070,leasow
1071,least
1072,leastways
1073,leastwise
1074,leasy
1075,leat
1076,leather
1077,leathered
1078,leathering
1079,leatherback
1080,leatheret
1081,leatherette
1082,leatherhead
1083,leathern
1084,leatherneck
1085,leatherwood
1086,leathery
1087,leaved
1088,leaving
1089,leave
1090,left
1091,leaveless
1092,leaven
1093,leavened
1094,leavening
1095,leavenous
1096,leaver
1097,leaviness
1098,leavings
1099,leavy
1100,leban
1101,lebban
1102,lecama
1103,lecanomancy
1104,lecanoric
1105,lecanorin
1106,lech
1107,leche
1108,lecher
1109,lechered
1110,lechering
1111,lecherer
1112,lecherous
1113,lechery
1114,lecithin
1115,lectern
1116,lecticae
1117,lectica
1118,lection
1119,lectionary
1120,lector
1121,lectual
1122,lecture
1123,lectured
1124,lecturing
1125,lecturer
1126,lectureship
1127,lecturn
1128,lecythis
1129,leden
1130,ledden
1131,ledge
1132,ledgement
1133,ledger
1134,ledgment
1135,ledgy
1136,lee
1137,lees
1138,leeboard
1139,leech
1140,leeched
1141,leeching
1142,leechcraft
1143,leed
1144,leede
1145,leef
1146,leek
1147,leeme
1148,leep
1149,leer
1150,leered
1151,leering
1152,leere
1153,leeringly
1154,leese
1155,leet
1156,leetmen
1157,leetman
1158,leeward
1159,leeway
1160,leftward
1161,leful
1162,leg
1163,legacies
1164,legacy
1165,legal
1166,legalism
1167,legalist
1168,legality
1169,legalization
1170,legalized
1171,legalizing
1172,legalize
1173,legally
1174,legantine
1175,legatary
1176,legate
1177,legatee
1178,legateship
1179,legatine
1180,legation
1181,legato
1182,legator
1183,legatura
1184,legature
1185,lege
1186,legement
1187,legend
1188,legendary
1189,leger
1190,legerdemain
1191,legerdemainist
1192,legerity
1193,legge
1194,legged
1195,leggiadro
1196,leggiero
1197,legging
1198,leggin
1199,leggy
1200,leghorn
1201,legibility
1202,legible
1203,legibleness
1204,legibly
1205,legific
1206,legion
1207,legionary
1208,legionaries
1209,legioned
1210,legionry
1211,legislated
1212,legislating
1213,legislate
1214,legislation
1215,legislative
1216,legislatively
1217,legislator
1218,legislatorial
1219,legislatorship
1220,legislatress
1221,legislatrix
1222,legislature
1223,legist
1224,legitim
1225,legitimacy
1226,legitimate
1227,legitimated
1228,legitimating
1229,legitimately
1230,legitimateness
1231,legitimation
1232,legitimatist
1233,legitimatize
1234,legitimism
1235,legitimist
1236,legitimized
1237,legitimizing
1238,legitimize
1239,legless
1240,leguleian
1241,legume
1242,legumina
1243,legumens
1244,legumen
1245,legumin
1246,leguminous
1247,leiger
1248,leiotrichan
1249,leiotrichi
1250,leiotrichous
1251,leipoa
1252,leipothymic
1253,leister
1254,lister
1255,leisurable
1256,leisurably
1257,leisure
1258,leisured
1259,leisurely
1260,leitmotif
1261,leman
1262,leme
1263,lemmata
1264,lemmas
1265,lemma
1266,lemman
1267,lemming
1268,lemnian
1269,lemniscata
1270,lemniscate
1271,lemnisci
1272,lemniscus
1273,lemon
1274,lemonade
1275,lemur
1276,lemures
1277,lemuria
1278,lemurid
1279,lemuridous
1280,lemurine
1281,lemuroid
1282,lemuroidea
1283,lena
1284,lent
1285,lending
1286,lend
1287,lendable
1288,lender
1289,lendes
1290,lends
1291,lene
1292,lenger
1293,lengest
1294,length
1295,lengthened
1296,lengthening
1297,lengthen
1298,lengthful
1299,lengthily
1300,lengthiness
1301,lengthways
1302,lengthwise
1303,lengthy
1304,lenience
1305,leniency
1306,lenient
1307,leniently
1308,lenify
1309,leniment
1310,lenitive
1311,lenitiveness
1312,lenitude
1313,lenity
1314,leno
1315,lenocinant
1316,lenses
1317,lens
1318,lentamente
1319,lentando
1320,lenten
1321,lententide
1322,lenticel
1323,lenticellate
1324,lenticelle
1325,lenticulas
1326,lenticulae
1327,lenticula
1328,lenticular
1329,lenticularly
1330,lentiform
1331,lentiginose
1332,lentiginous
1333,lentigo
1334,lentil
1335,lentiscus
1336,lentisk
1337,lentitude
1338,lento
1339,lentoid
1340,lentor
1341,lentous
1342,leo
1343,leod
1344,leon
1345,leonced
1346,leonese
1347,leonid
1348,leonine
1349,leontodon
1350,leopard
1351,leopardwood
1352,lep
1353,lepadite
1354,lepadoid
1355,lepal
1356,lepas
1357,leper
1358,lepered
1359,leperize
1360,leperous
1361,lepid
1362,lepidine
1363,lepidodendrid
1364,lepidodendroid
1365,lepidodendron
1366,lepidoganoid
1367,lepidolite
1368,lepidomelane
1369,lepidopter
1370,lepidoptera
1371,lepidopteral
1372,lepidopterous
1373,lepidopterist
1374,lepidosauria
1375,lepidosiren
1376,lepidote
1377,lepidoted
1378,lepisma
1379,lepismoid
1380,leporine
1381,lepra
1382,lepre
1383,leprose
1384,leprosity
1385,leprosy
1386,leprous
1387,lepry
1388,leptiform
1389,leptocardia
1390,leptocardian
1391,leptodactyl
1392,leptodactylous
1393,leptology
1394,leptomeningitis
1395,leptorhine
1396,leptostraca
1397,leptothrix
1398,leptus
1399,leptynite
1400,lere
1401,lered
1402,lernaea
1403,lernaeacea
1404,lernean
1405,lerot
1406,les
1407,lesbian
1408,lese
1409,lesion
1410,less
1411,lessee
1412,lessened
1413,lessening
1414,lessen
1415,lessener
1416,lesser
1417,lesses
1418,lesson
1419,lessoned
1420,lessoning
1421,lessor
1422,lest
1423,let
1424,letted
1425,letting
1426,letch
1427,letchy
1428,lete
1429,leten
1430,lethal
1431,lethality
1432,lethargic
1433,lethargical
1434,lethargized
1435,lethargizing
1436,lethargize
1437,lethargy
1438,lethe
1439,lethean
1440,letheed
1441,letheon
1442,letheonize
1443,lethiferous
1444,lethy
1445,lette
1446,letter
1447,lettered
1448,lettering
1449,letterer
1450,letterless
1451,lettern
1452,letterpress
1453,letterure
1454,letterwood
1455,lettic
1456,lettish
1457,lettrure
1458,letts
1459,lettuce
1460,letuary
1461,leucadendron
1462,leucaniline
1463,leuchaemia
1464,leucic
1465,leucinic
1466,leucin
1467,leucite
1468,leucitic
1469,leucitoid
1470,leucocyte
1471,leucocythaemia
1472,leucocythemia
1473,leucocytogenesis
1474,leucoethiopic
1475,leucoethiops
1476,leucoline
1477,leucoma
1478,leucomaine
1479,leuconic
1480,leucopathy
1481,leucophane
1482,leucophlegmacy
1483,leucophlegmatic
1484,leucophyll
1485,leucophyllous
1486,leucoplast
1487,leucoplastid
1488,leucopyrite
1489,leucorrhoea
1490,leucoryx
1491,leucoscope
1492,leucosoid
1493,leucosphere
1494,leucoturic
1495,leucous
1496,leucoxene
1497,leukaemia
1498,leuke
1499,leukeness
1500,leukoplast
1501,levana
1502,levant
1503,levanter
1504,levantine
1505,levation
1506,levator
1507,leve
1508,levee
1509,leveful
1510,level
1511,leveled
1512,levelled
1513,leveling
1514,levelling
1515,leveler
1516,levelism
1517,levelly
1518,levelness
1519,leven
1520,lever
1521,leverage
1522,leveret
1523,leverock
1524,leverwood
1525,levesel
1526,levet
1527,leviable
1528,leviathan
1529,levier
1530,levigable
1531,levigate
1532,levigated
1533,levigating
1534,levigation
1535,levin
1536,leviner
1537,levir
1538,levirate
1539,leviratical
1540,leviration
1541,levirostres
1542,levitate
1543,levitation
1544,levite
1545,levitical
1546,levitically
1547,leviticus
1548,levity
1549,levogyrate
1550,levorotatory
1551,levulin
1552,levulinic
1553,levulosan
1554,levulose
1555,levies
1556,levy
1557,levied
1558,levying
1559,levyne
1560,levynite
1561,lew
1562,lewd
1563,lewdster
1564,lewis
1565,lewisson
1566,leges
1567,lex
1568,lexical
1569,lexicographer
1570,lexicographic
1571,lexicographical
1572,lexicographist
1573,lexicography
1574,lexicologist
1575,lexicology
1576,lexicon
1577,lexiconist
1578,lexigraphic
1579,lexigraphy
1580,lexiphanic
1581,lexiphanicism
1582,lexipharmic
1583,ley
1584,leyser
1585,lherzolite
1586,li
1587,liabilities
1588,liability
1589,liable
1590,liableness
1591,liage
1592,liaison
1593,liane
1594,liana
1595,liar
1596,liard
1597,lias
1598,liassic
1599,lib
1600,libament
1601,libant
1602,libation
1603,libatory
1604,libbard
1605,libel
1606,libeled
1607,libelled
1608,libeling
1609,libelling
1610,libelant
1611,libeler
1612,libelist
1613,libellulid
1614,libelluloid
1615,libelous
1616,liber
1617,liberal
1618,liberalism
1619,liberalist
1620,liberalistic
1621,liberalities
1622,liberality
1623,liberalization
1624,liberalized
1625,liberalizing
1626,liberalize
1627,liberalizer
1628,liberally
1629,liberated
1630,liberating
1631,liberate
1632,liberation
1633,liberator
1634,liberatory
1635,libertarian
1636,libertarianism
1637,liberticide
1638,libertinage
1639,libertine
1640,libertinism
1641,liberties
1642,liberty
1643,libethenite
1644,libidinist
1645,libidinosity
1646,libidinous
1647,libken
1648,libkin
1649,librae
1650,libra
1651,libral
1652,librarian
1653,librarianship
1654,libraries
1655,library
1656,librated
1657,librating
1658,librate
1659,libration
1660,libratory
1661,librettist
1662,librettos
1663,libretti
1664,libretto
1665,libriform
1666,libyan
1667,lice
1668,licensable
1669,license
1670,licensed
1671,licensing
1672,licensee
1673,licenser
1674,licensure
1675,licentiate
1676,licentious
1677,lich
1678,lichen
1679,lichened
1680,lichenic
1681,licheniform
1682,lichenin
1683,lichenographic
1684,lichenographical
1685,lichenographist
1686,lichenography
1687,lichenologist
1688,lichenology
1689,lichenous
1690,lichi
1691,lichwale
1692,lichwort
1693,licit
1694,licitation
1695,licked
1696,licking
1697,lick
1698,licker
1699,lickerish
1700,lickerous
1701,lickpenny
1702,licorice
1703,licorous
1704,licour
1705,lictor
1706,lid
1707,lidded
1708,lidge
1709,lidless
1710,lie
1711,lied
1712,lying
1713,lien
1714,lieberkuhn
1715,lieder
1716,liedertafel
1717,lief
1718,liefsome
1719,liegance
1720,liege
1721,liegemen
1722,liegeman
1723,lieger
1724,liegiancy
1725,lienal
1726,lienculi
1727,lienculus
1728,lienteric
1729,lientery
1730,lier
1731,lieu
1732,lieutenancy
1733,lieutenant
1734,lieutenantry
1735,lieutenantship
1736,lieve
1737,lif
1738,lives
1739,life
1740,lifeblood
1741,lifeboat
1742,lifeful
1743,lifehold
1744,lifeless
1745,lifelike
1746,lifelong
1747,lifely
1748,lifemate
1749,lifen
1750,lifesome
1751,lifespring
1752,lifestring
1753,lifetime
1754,liflode
1755,lift
1756,lifted
1757,lifting
1758,liftable
1759,lifter
1760,lig
1761,ligament
1762,ligamental
1763,ligamentous
1764,ligan
1765,ligate
1766,ligation
1767,ligator
1768,ligature
1769,lige
1770,ligeance
1771,ligement
1772,ligge
1773,ligger
1774,light
1775,lighted
1776,lit
1777,lighting
1778,lightable
1779,lighte
1780,lighten
1781,lightened
1782,lightening
1783,lighter
1784,lighterage
1785,lightermen
1786,lighterman
1787,lightful
1788,lighthouses
1789,lighthouse
1790,lightless
1791,lightly
1792,lightman
1793,lightness
1794,lightning
1795,lightroom
1796,lights
1797,lightsome
1798,lightwood
1799,lighty
1800,ligneous
1801,ligniferous
1802,lignification
1803,ligniform
1804,lignified
1805,lignifying
1806,lignify
1807,lignin
1808,ligniperdous
1809,lignireose
1810,lignite
1811,lignitic
1812,lignitiferous
1813,lignoceric
1814,lignone
1815,lignose
1816,lignous
1817,ligroin
1818,ligsam
1819,ligulae
1820,ligulas
1821,ligula
1822,ligulate
1823,ligulated
1824,ligule
1825,liguliflorous
1826,ligure
1827,ligustrin
1828,likable
1829,like
1830,liked
1831,liking
1832,likeable
1833,likehood
1834,likelihood
1835,likeliness
1836,likely
1837,likened
1838,likening
1839,liken
1840,likeness
1841,likerous
1842,likerousness
1843,likewise
1844,lilac
1845,lilacin
1846,liliaceous
1847,lilial
1848,lilied
1849,lill
1850,lilliputian
1851,lilt
1852,lilies
1853,lily
1854,lilywort
1855,lim
1856,lima
1857,limaceous
1858,limacina
1859,lima/on
1860,limaille
1861,liman
1862,limation
1863,limature
1864,limax
1865,limb
1866,limbat
1867,limbate
1868,limbec
1869,limbed
1870,limber
1871,limbered
1872,limbering
1873,limberness
1874,limbless
1875,limbmeal
1876,limbo
1877,limbus
1878,limbous
1879,lime
1880,limed
1881,liming
1882,limehound
1883,limekiln
1884,limenean
1885,limer
1886,limestone
1887,limewater
1888,limicolae
1889,limicoline
1890,liminess
1891,limit
1892,limited
1893,limiting
1894,limitable
1895,limitaneous
1896,limitarian
1897,limitary
1898,limitate
1899,limitation
1900,limitedly
1901,limitedness
1902,limiter
1903,limitive
1904,limitless
1905,limitour
1906,limmer
1907,limned
1908,limning
1909,limn
1910,limner
1911,limniad
1912,limoges
1913,limoniad
1914,limonin
1915,limonite
1916,limosis
1917,limous
1918,limped
1919,limping
1920,limp
1921,limper
1922,limpet
1923,limpid
1924,limpidity
1925,limpidness
1926,limpin
1927,limpingly
1928,limpitude
1929,limpkin
1930,limpness
1931,limpsy
1932,limsy
1933,limu
1934,limule
1935,limuloidea
1936,limuli
1937,limulus
1938,limy
1939,lin
1940,linage
1941,linament
1942,linarite
1943,linch
1944,linchi
1945,linchpin
1946,lincture
1947,linctus
1948,lind
1949,linden
1950,lindia
1951,lindiform
1952,line
1953,lined
1954,lining
1955,lineage
1956,lineal
1957,lineality
1958,lineally
1959,lineament
1960,linear
1961,linearensate
1962,linearly
1963,lineary
1964,lineate
1965,lineated
1966,lineation
1967,lineature
1968,linemen
1969,lineman
1970,linen
1971,linener
1972,lineolate
1973,liner
1974,ling
1975,linga
1976,lingam
1977,lingel
1978,lingence
1979,lingered
1980,lingering
1981,linger
1982,lingerer
1983,lingeringly
1984,linget
1985,lingism
1986,lingle
1987,lingo
1988,lingot
1989,linguae
1990,lingua
1991,linguacious
1992,linguadental
1993,lingual
1994,linguality
1995,linguatulida
1996,linguatulina
1997,linguidental
1998,linguiform
1999,linguist
2000,linguistic
2001,linguistical
2002,linguistically
2003,linguistics
2004,lingula
2005,lingulate
2006,linigerous
2007,liniment
2008,link
2009,linked
2010,linking
2011,linkage
2012,linkboy
2013,linkman
2014,linkwork
2015,linnaean
2016,linnean
2017,linnaeite
2018,linne
2019,linnet
2020,linoleate
2021,linoleic
2022,linoleum
2023,linoxin
2024,linsang
2025,linseed
2026,linsey
2027,linstock
2028,lint
2029,lintel
2030,lintie
2031,lintwhite
2032,lintseed
2033,linum
2034,lion
2035,lionced
2036,lioncel
2037,lionel
2038,lioness
2039,lionet
2040,lionhood
2041,lionism
2042,lionized
2043,lionizing
2044,lionize
2045,lionlike
2046,lionly
2047,lionship
2048,lip
2049,lipped
2050,lipping
2051,lipaemia
2052,lipans
2053,liparian
2054,liparite
2055,lipic
2056,lipinic
2057,lipless
2058,liplet
2059,lipocephala
2060,lipochrin
2061,lipogram
2062,lipogrammatic
2063,lipogrammatist
2064,lipoma
2065,lipothymic
2066,lipothymous
2067,lipothymy
2068,lippitude
2069,lipse
2070,lipyl
2071,liquable
2072,liquate
2073,liquation
2074,liquefacient
2075,liquefaction
2076,liquefiable
2077,liquefier
2078,liquefied
2079,liquefying
2080,liquefy
2081,liquescency
2082,liquescent
2083,liqueur
2084,liquid
2085,liquidambar
2086,liquidamber
2087,liquidated
2088,liquidating
2089,liquidate
2090,liquidation
2091,liquidator
2092,liquidity
2093,liquidized
2094,liquidizing
2095,liquidize
2096,liquidly
2097,liquidness
2098,liquor
2099,liquored
2100,liquoring
2101,liquorice
2102,liquorish
2103,liquorous
2104,lire
2105,lira
2106,lirella
2107,lirelliform
2108,liriodendra
2109,liriodendron
2110,liripipe
2111,liripoop
2112,liroconite
2113,lisbon
2114,lisle
2115,lisne
2116,lisped
2117,lisping
2118,lisp
2119,lisper
2120,lispingly
2121,liss
2122,lissencephala
2123,lissom
2124,lissome
2125,list
2126,listed
2127,listing
2128,listel
2129,listened
2130,listening
2131,listen
2132,listener
2133,listerian
2134,listerism
2135,listful
2136,listless
2137,litanies
2138,litany
2139,litarge
2140,litchi
2141,lite
2142,liter
2143,litre
2144,literacy
2145,literal
2146,literalism
2147,literalist
2148,literalty
2149,literalization
2150,literalized
2151,literalizing
2152,literalize
2153,literalizer
2154,literally
2155,literalness
2156,literary
2157,literate
2158,literati
2159,literatim
2160,literation
2161,literator
2162,literature
2163,literatus
2164,lith
2165,lithaemia
2166,lithagogue
2167,litharge
2168,lithargyrum
2169,lithate
2170,lithe
2171,lithely
2172,litheness
2173,lither
2174,litherly
2175,lithesome
2176,lithia
2177,lithiasis
2178,lithic
2179,lithiophilite
2180,lithium
2181,litho
2182,lithobilic
2183,lithocarp
2184,lithochromatics
2185,lithochromics
2186,lithoclast
2187,lithocyst
2188,lithodome
2189,lithodomous
2190,lithodomus
2191,lithofellic
2192,lithofracteur
2193,lithogenesy
2194,lithogenous
2195,lithoglyph
2196,lithoglypher
2197,lithoglyphic
2198,lithoglyptics
2199,lithographed
2200,lithographing
2201,lithograph
2202,lithographer
2203,lithographic
2204,lithographical
2205,lithography
2206,lithoid
2207,lithoidal
2208,litholatry
2209,lithologic
2210,lithological
2211,lithologically
2212,lithologist
2213,lithology
2214,lithomancy
2215,lithomarge
2216,lithonthriptic
2217,lithonthryptic
2218,lithontriptic
2219,lithontriptist
2220,lithontriptor
2221,lithophagous
2222,lithophane
2223,lithophosphor
2224,lithophosphoric
2225,lithophotography
2226,lithophyll
2227,lithophyse
2228,lithophyte
2229,lithophytic
2230,lithophytous
2231,lithosian
2232,lithotint
2233,lithotome
2234,lithotomic
2235,lithotomical
2236,lithotomist
2237,lithotomy
2238,lithotripsy
2239,lithotriptic
2240,lithotriptist
2241,lithotriptor
2242,lithotrite
2243,lithotritor
2244,lithotritist
2245,lithotrity
2246,lithotype
2247,lithotyped
2248,lithotyping
2249,lithotypic
2250,lithotypy
2251,lithoxyl
2252,lithuanian
2253,lithy
2254,litigable
2255,litigant
2256,litigated
2257,litigating
2258,litigate
2259,litigation
2260,litigator
2261,litigious
2262,litigiously
2263,litigiousness
2264,litmus
2265,litotes
2266,litraneter
2267,litter
2268,littered
2269,littering
2270,litterateur
2271,littery
2272,little
2273,littleness
2274,littoral
2275,littorina
2276,littress
2277,litate
2278,lituiform
2279,lituite
2280,liturate
2281,liturgic
2282,liturgical
2283,liturgically
2284,liturgics
2285,liturgiologist
2286,liturgiology
2287,liturgist
2288,liturgies
2289,liturgy
2290,litui
2291,lituus
2292,livable
2293,lived
2294,living
2295,live
2296,livelihed
2297,livelihood
2298,livelily
2299,liveliness
2300,livelode
2301,livelong
2302,lively
2303,liver
2304,livered
2305,liveried
2306,livering
2307,liverleaf
2308,liverwort
2309,liveries
2310,livery
2311,liverymen
2312,liveryman
2313,livid
2314,lividity
2315,lividness
2316,livingly
2317,livingness
2318,livonian
2319,livinian
2320,livor
2321,livraison
2322,livre
2323,lixivial
2324,lixiviate
2325,lixivited
2326,lixiviated
2327,lixiviating
2328,lixiviation
2329,lixivious
2330,lixivium
2331,lixt
2332,liza
2333,lizard
2334,llama
2335,llanero
2336,llanos
2337,llano
2338,lo
2339,loach
2340,load
2341,loaded
2342,loading
2343,loader
2344,loadmanage
2345,lodemanage
2346,loadsman
2347,lodesman
2348,loadstar
2349,lodestar
2350,loadstone
2351,lodestone
2352,loaves
2353,loaf
2354,loafed
2355,loafing
2356,loafer
2357,loam
2358,loamed
2359,loaming
2360,loamy
2361,loan
2362,loaned
2363,loaning
2364,loanable
2365,loanin
2366,loanmonger
2367,loath
2368,loathed
2369,loathing
2370,loathe
2371,loather
2372,loathful
2373,loathingly
2374,loathliness
2375,loathly
2376,loathness
2377,loathsome
2378,loathy
2379,lob
2380,lobbed
2381,lobbing
2382,lobar
2383,lobate
2384,lobated
2385,lobately
2386,lobbish
2387,lobbies
2388,lobby
2389,lobbied
2390,lobbying
2391,lobbyist
2392,lobcock
2393,lobe
2394,lobed
2395,lobefoot
2396,lobelet
2397,lobelia
2398,lobeliaceous
2399,lobelin
2400,lobeline
2401,lobiped
2402,loblolly
2403,lobosa
2404,lobscouse
2405,lobsided
2406,lobspound
2407,lobster
2408,lobular
2409,lobulate
2410,lobulated
2411,lobule
2412,lobulette
2413,lobworm
2414,local
2415,locale
2416,localism
2417,localitiees
2418,locality
2419,localization
2420,localized
2421,localizing
2422,localize
2423,locally
2424,located
2425,locating
2426,locate
2427,location
2428,locative
2429,locator
2430,locellate
2431,loch
2432,lochage
2433,lochan
2434,loche
2435,lochia
2436,lochial
2437,lock
2438,locked
2439,locking
2440,lockage
2441,locken
2442,locker
2443,locket
2444,lockjaw
2445,lockless
2446,lockman
2447,lockout
2448,lockram
2449,locksmith
2450,lockup
2451,locky
2452,loco
2453,locofoco
2454,locomotion
2455,locomotive
2456,locomotiveness
2457,locomotivity
2458,locomotor
2459,loculament
2460,locular
2461,loculate
2462,locule
2463,loculicidal
2464,loculose
2465,loculous
2466,loculi
2467,loculus
2468,loci
2469,loca
2470,locus
2471,locust
2472,locusta
2473,locustella
2474,locustic
2475,locusting
2476,locution
2477,locutory
2478,lodde
2479,lode
2480,lodge
2481,lodged
2482,lodging
2483,lodgeable
2484,lodgement
2485,lodger
2486,lodgment
2487,lodicule
2488,loellingite
2489,loess
2490,loffe
2491,loft
2492,loftily
2493,loftiness
2494,lofty
2495,log
2496,logged
2497,logging
2498,logan
2499,logaoedic
2500,logarithm
2501,logarithmetic
2502,logarithmetical
2503,logarithmetically
2504,logarithmic
2505,logarithmical
2506,logarithmically
2507,logcock
2508,loge
2509,loggan
2510,loggat
2511,logge
2512,logger
2513,loggerhead
2514,loggerheaded
2515,loggerheads
2516,loggia
2517,logic
2518,logical
2519,logicality
2520,logically
2521,logicalness
2522,logician
2523,logics
2524,logistic
2525,logistical
2526,logistics
2527,logmen
2528,logman
2529,logodaedaly
2530,logogram
2531,logographer
2532,logographic
2533,logographical
2534,logography
2535,logogriph
2536,logomachist
2537,logomachy
2538,logometric
2539,logos
2540,logothete
2541,logotype
2542,logroll
2543,logroller
2544,logrolling
2545,logwood
2546,logy
2547,lohock
2548,loimic
2549,loin
2550,loir
2551,loitered
2552,loitering
2553,loiter
2554,loiterer
2555,loiteringly
2556,lok
2557,loki
2558,locao
2559,loke
2560,lokorys
2561,loligo
2562,lolled
2563,lolling
2564,loll
2565,lollard
2566,lollardism
2567,lollardy
2568,loller
2569,lollingly
2570,lollipop
2571,lollop
2572,lomata
2573,loma
2574,lomatinous
2575,lombard
2576,lombardeer
2577,lombardic
2578,loment
2579,lomentaceous
2580,lomonite
2581,lompish
2582,lond
2583,london
2584,londoner
2585,londonism
2586,londonize
2587,lone
2588,loneliness
2589,lonely
2590,loneness
2591,lonesome
2592,long
2593,longed
2594,longing
2595,longan
2596,longanimity
2597,longbeak
2598,longboat
2599,longbow
2600,longe
2601,longer
2602,longeval
2603,longevity
2604,longevous
2605,longhand
2606,longheaded
2607,longhorn
2608,longicorn
2609,longicornia
2610,longilateral
2611,longiloquence
2612,longimanous
2613,longimetry
2614,longingly
2615,longinquity
2616,longipalp
2617,longipennate
2618,longipennes
2619,longipennine
2620,longirostres
2621,longirosters
2622,longiroster
2623,longirostral
2624,longish
2625,longitude
2626,longitudinal
2627,longitudinally
2628,longlegs
2629,longly
2630,longness
2631,longnose
2632,longshanks
2633,longshore
2634,longshoremen
2635,longshoreman
2636,longsome
2637,longspun
2638,longspur
2639,longtail
2640,longulite
2641,longways
2642,longwise
2643,loo
2644,looed
2645,looing
2646,loob
2647,loobily
2648,loobies
2649,looby
2650,looch
2651,loof
2652,looked
2653,looking
2654,look
2655,lookdown
2656,looker
2657,lookout
2658,lool
2659,loom
2660,loomed
2661,looming
2662,loon
2663,loony
2664,loop
2665,looped
2666,looping
2667,looper
2668,loophole
2669,loopholed
2670,loopie
2671,looplight
2672,loord
2673,loos
2674,loose
2675,loosed
2676,loosing
2677,loosely
2678,loosened
2679,loosening
2680,loosen
2681,loosener
2682,looseness
2683,loosestrife
2684,loosish
2685,loot
2686,looted
2687,looting
2688,looter
2689,loover
2690,lop
2691,lopped
2692,lopping
2693,lope
2694,loped
2695,loping
2696,lopeared
2697,lopeman
2698,loper
2699,lophine
2700,lophiomys
2701,lophobranch
2702,lophobranchiate
2703,lophobranchii
2704,lophophore
2705,lophopoda
2706,lophostea
2707,lophosteons
2708,lophosteon
2709,loppard
2710,lopper
2711,loppered
2712,loppering
2713,loppy
2714,lopseed
2715,lopsided
2716,loquacious
2717,loquaciously
2718,loquaciousness
2719,loquacity
2720,loquat
2721,loral
2722,lorate
2723,lorcha
2724,lord
2725,lorded
2726,lording
2727,lordkin
2728,lordlike
2729,lordliness
2730,lordling
2731,lordly
2732,lordolatry
2733,lordosis
2734,lordship
2735,lore
2736,loreal
2737,lorel
2738,loren
2739,loresman
2740,lorette
2741,lorettine
2742,lorgnette
2743,lori
2744,loricae
2745,lorica
2746,loricata
2747,loricated
2748,loricating
2749,loricate
2750,lorication
2751,lorikeet
2752,lorimer
2753,loriner
2754,loring
2755,loriot
2756,loris
2757,lorn
2758,lorries
2759,lorrie
2760,lorry
2761,lories
2762,lory
2763,los
2764,losable
2765,losange
2766,losing
2767,lose
2768,losel
2769,losenger
2770,losengerie
2771,loser
2772,losingly
2773,loss
2774,lossful
2775,lossless
2776,lost
2777,lot
2778,lotted
2779,lotting
2780,lote
2781,loth
2782,lothly
2783,lothsome
2784,lothario
2785,lotion
2786,loto
2787,lotong
2788,lotophagi
2789,lotos
2790,lotteries
2791,lottery
2792,lotto
2793,loture
2794,lotus
2795,louchettes
2796,loud
2797,loudful
2798,loudly
2799,loudness
2800,lough
2801,louk
2802,lounged
2803,lounging
2804,lounge
2805,lounger
2806,loup
2807,loups
2808,lour
2809,louri
2810,louse
2811,lousewort
2812,lousily
2813,lousiness
2814,lousy
2815,lout
2816,loutish
2817,loutou
2818,louver
2819,louvre
2820,lovable
2821,lovage
2822,love
2823,loved
2824,loving
2825,loveable
2826,lovee
2827,loveful
2828,loveless
2829,lovelily
2830,loveliness
2831,lovelock
2832,lovelorn
2833,lovely
2834,lovemonger
2835,lover
2836,lovery
2837,loverwise
2838,lovesome
2839,lovingly
2840,lovingness
2841,lovyer
2842,low
2843,lowed
2844,lowing
2845,lowbell
2846,lowborn
2847,lowbred
2848,lower
2849,lowered
2850,lowering
2851,loweringly
2852,lowermost
2853,lowery
2854,lowgh
2855,lowh
2856,lowish
2857,lowk
2858,lowland
2859,lowlander
2860,lowlihood
2861,lowlihead
2862,lowlily
2863,lowliness
2864,lowly
2865,lown
2866,lowness
2867,lowry
2868,loxodromic
2869,loxodromics
2870,loxodremism
2871,loxodromy
2872,loy
2873,loyal
2874,loyalist
2875,loyally
2876,loyalness
2877,loyalty
2878,lozenge
2879,lozenged
2880,lozengy
2881,lu
2882,lubbard
2883,lubber
2884,lubberly
2885,lubric
2886,lubrical
2887,lubricant
2888,lubricate
2889,lubrication
2890,lubricator
2891,lubricitate
2892,lubricity
2893,lubricous
2894,lubrification
2895,lubrifaction
2896,lucarne
2897,lucchese
2898,luce
2899,lucency
2900,lucent
2901,lucern
2902,lucernal
2903,lucernaria
2904,lucernarian
2905,lucernarida
2906,lucerne
2907,lucid
2908,lucidity
2909,lucidly
2910,lucidness
2911,lucifer
2912,luciferian
2913,luciferous
2914,luciferously
2915,lucific
2916,luciform
2917,lucifrian
2918,lucimeter
2919,luck
2920,luckily
2921,luckiness
2922,luckless
2923,lucky
2924,lucrative
2925,lucratively
2926,lucre
2927,lucriferous
2928,lucrific
2929,luctation
2930,luctual
2931,lucubrated
2932,lucubrate
2933,lucubration
2934,lucubrator
2935,lucubratory
2936,lucule
2937,luculent
2938,luculently
2939,lucullite
2940,lucuma
2941,luddite
2942,ludibrious
2943,ludibund
2944,ludicrous
2945,ludification
2946,ludificatory
2947,ludlamite
2948,ludwigite
2949,lues
2950,luff
2951,luffed
2952,luffing
2953,luffer
2954,lug
2955,lugged
2956,lugging
2957,luggage
2958,lugger
2959,lugmark
2960,lugsail
2961,lugubrious
2962,lugworm
2963,luke
2964,lukewarm
2965,lulled
2966,lulling
2967,lull
2968,lullaby
2969,luller
2970,lullingly
2971,lum
2972,lumachel
2973,lumachella
2974,lumbaginous
2975,lumbago
2976,lumbar
2977,lumbal
2978,lumber
2979,lumbered
2980,lumbering
2981,lumberer
2982,lumbermen
2983,lumberman
2984,lumbosacral
2985,lumbric
2986,lumbrical
2987,lumbriciform
2988,lumbricoid
2989,lumbricus
2990,luminant
2991,luminaries
2992,luminary
2993,luminate
2994,lumination
2995,lumine
2996,luminiferous
2997,luminosity
2998,luminous
2999,lummox
3000,lump
3001,lumped
3002,lumping
3003,lumper
3004,lumpfish
3005,lumpish
3006,lumpsucker
3007,lumpy
3008,luna
3009,lunacies
3010,lunacy
3011,lunar
3012,lunarian
3013,lunary
3014,lunate
3015,lunated
3016,lunatic
3017,lunation
3018,lunch
3019,lunched
3020,lunching
3021,luncheon
3022,lune
3023,lunet
3024,lunette
3025,lung
3026,lunge
3027,lunged
3028,lunging
3029,lungfish
3030,lungie
3031,lungis
3032,lungless
3033,lungoor
3034,lungworm
3035,lungwort
3036,lunicurrent
3037,luniform
3038,lunisolar
3039,lunistice
3040,lunitidal
3041,lunt
3042,lunulae
3043,lunula
3044,lunular
3045,lunulate
3046,lunulated
3047,lunule
3048,lunulet
3049,lunulite
3050,luny
3051,lupercal
3052,lupercalia
3053,lupine
3054,lupinin
3055,lupinine
3056,lupulin
3057,lupuline
3058,lupulinic
3059,lupus
3060,lurcation
3061,lurch
3062,lurched
3063,lurching
3064,lurcher
3065,lurchline
3066,lurdan
3067,lure
3068,lured
3069,luring
3070,lurg
3071,lurid
3072,lurked
3073,lurking
3074,lurk
3075,lurker
3076,lurry
3077,luscious
3078,lusern
3079,lush
3080,lushburg
3081,lusitanian
3082,lusk
3083,luskish
3084,lusorious
3085,lusory
3086,lussheburgh
3087,lust
3088,lusted
3089,lusting
3090,luster
3091,lustre
3092,lustred
3093,lustering
3094,lustring
3095,lusterless
3096,lustreless
3097,lustful
3098,lustic
3099,lustihead
3100,lustihood
3101,lustily
3102,lustiness
3103,lustless
3104,lustral
3105,lustrated
3106,lustrating
3107,lustrate
3108,lustration
3109,lustrical
3110,lustrous
3111,lustrums
3112,lustra
3113,lustrum
3114,lustwort
3115,lusty
3116,lutanist
3117,lutarious
3118,lutation
3119,lute
3120,luted
3121,luting
3122,luteic
3123,lutein
3124,lutenist
3125,luteocobaltic
3126,luteolin
3127,luteous
3128,luter
3129,lutescent
3130,lutestring
3131,luth
3132,lutheran
3133,lutheranism
3134,lutherism
3135,luthern
3136,lutidine
3137,lutist
3138,lutose
3139,lutulence
3140,lutulent
3141,luwack
3142,lux
3143,luxate
3144,luxated
3145,luxating
3146,luxation
3147,luxe
3148,luxive
3149,luxullianite
3150,luxuriance
3151,luxuriancy
3152,luxuriant
3153,luxuriantly
3154,luxuriated
3155,luxuriating
3156,luxuriate
3157,luxuriation
3158,luxuriety
3159,luxurious
3160,luxurist
3161,luxuries
3162,luxury
3163,luz
3164,lyam
3165,lycanthrope
3166,lycanthropia
3167,lycanthropic
3168,lycanthropist
3169,lycanthropous
3170,lycanthropy
3171,lyceums
3172,lycea
3173,lyceum
3174,lyche
3175,lychee
3176,lychnis
3177,lychnobite
3178,lychnoscope
3179,lycine
3180,lycoperdon
3181,lycopod
3182,lycopode
3183,lycopodiaceous
3184,lycopodite
3185,lycopodium
3186,lycotropous
3187,lyden
3188,lydian
3189,lydine
3190,lye
3191,lyencephala
3192,lyencephalous
3193,lyerman
3194,lygodium
3195,lyingly
3196,lyken
3197,lym
3198,lymhound
3199,lymail
3200,lymph
3201,lymphadenitis
3202,lymphadenoma
3203,lymphangeitis
3204,lymphangial
3205,lymphate
3206,lymphated
3207,lymphatic
3208,lymphitis
3209,lymphogenic
3210,lymphography
3211,lymphoid
3212,lymphoma
3213,lymphy
3214,lyn
3215,lyncean
3216,lynched
3217,lynching
3218,lynch
3219,lyncher
3220,lynde
3221,lynden
3222,lyne
3223,lynx
3224,lyonnaise
3225,lyopomata
3226,lyra
3227,lyraid
3228,lyrate
3229,lyrated
3230,lyre
3231,lyric
3232,lyrical
3233,lyrically
3234,lyricism
3235,lyrid
3236,lyrie
3237,lyriferous
3238,lyrism
3239,lyrist
3240,lysimeter
3241,lysis
3242,lyssa
3243,lyterian
3244,lythe
3245,lythonthriptic
3246,lythontriptic
3247,lyttae
3248,lytta
