,Letra,Links
0,a,https://www.mso.anu.edu.au/~ralph/OPTED/v003/wb1913_a.html
1,b,https://www.mso.anu.edu.au/~ralph/OPTED/v003/wb1913_b.html
2,c,https://www.mso.anu.edu.au/~ralph/OPTED/v003/wb1913_c.html
3,d,https://www.mso.anu.edu.au/~ralph/OPTED/v003/wb1913_d.html
4,e,https://www.mso.anu.edu.au/~ralph/OPTED/v003/wb1913_e.html
5,f,https://www.mso.anu.edu.au/~ralph/OPTED/v003/wb1913_f.html
6,g,https://www.mso.anu.edu.au/~ralph/OPTED/v003/wb1913_g.html
7,h,https://www.mso.anu.edu.au/~ralph/OPTED/v003/wb1913_h.html
8,i,https://www.mso.anu.edu.au/~ralph/OPTED/v003/wb1913_i.html
9,j,https://www.mso.anu.edu.au/~ralph/OPTED/v003/wb1913_j.html
10,k,https://www.mso.anu.edu.au/~ralph/OPTED/v003/wb1913_k.html
11,l,https://www.mso.anu.edu.au/~ralph/OPTED/v003/wb1913_l.html
12,m,https://www.mso.anu.edu.au/~ralph/OPTED/v003/wb1913_m.html
13,n,https://www.mso.anu.edu.au/~ralph/OPTED/v003/wb1913_n.html
14,o,https://www.mso.anu.edu.au/~ralph/OPTED/v003/wb1913_o.html
15,p,https://www.mso.anu.edu.au/~ralph/OPTED/v003/wb1913_p.html
16,q,https://www.mso.anu.edu.au/~ralph/OPTED/v003/wb1913_q.html
17,r,https://www.mso.anu.edu.au/~ralph/OPTED/v003/wb1913_r.html
18,s,https://www.mso.anu.edu.au/~ralph/OPTED/v003/wb1913_s.html
19,t,https://www.mso.anu.edu.au/~ralph/OPTED/v003/wb1913_t.html
20,u,https://www.mso.anu.edu.au/~ralph/OPTED/v003/wb1913_u.html
21,v,https://www.mso.anu.edu.au/~ralph/OPTED/v003/wb1913_v.html
22,w,https://www.mso.anu.edu.au/~ralph/OPTED/v003/wb1913_w.html
23,x,https://www.mso.anu.edu.au/~ralph/OPTED/v003/wb1913_x.html
24,y,https://www.mso.anu.edu.au/~ralph/OPTED/v003/wb1913_y.html
25,z,https://www.mso.anu.edu.au/~ralph/OPTED/v003/wb1913_z.html
