,M,Length
0,ma,2
1,maa,3
2,maad,4
3,maalin,6
4,maasha,6
5,maat,4
6,mad,3
7,mabble,6
8,mabby,5
9,mabolo,6
10,mac,3
11,macaco,6
12,macacus,7
13,macadamization,14
14,macadamized,11
15,macadamizing,12
16,macadamize,10
17,macao,5
18,macaque,7
19,macarize,8
20,macaronis,9
21,macaronies,10
22,macaroni,8
23,macaronian,10
24,macaronic,9
25,macaroon,8
26,macartney,9
27,macauco,7
28,macavahu,8
29,macaw,5
30,maccabean,9
31,maccabees,9
32,maccaboy,8
33,maccoboy,8
34,macco,5
35,mace,4
36,macedonian,10
37,macedonianism,13
38,macer,5
39,macerated,9
40,macerating,10
41,macerate,8
42,macerater,9
43,maceration,10
44,machaerodus,11
45,machairodus,11
46,machete,7
47,machiavelian,12
48,machiavelism,12
49,machiavelianism,15
50,machicolated,12
51,machicolation,13
52,machicoulis,11
53,machinal,8
54,machinated,10
55,machinating,11
56,machinate,9
57,machination,11
58,machinator,10
59,machine,7
60,machined,8
61,machining,9
62,machiner,8
63,machinery,9
64,machinist,9
65,macho,5
66,macilency,9
67,macilent,8
68,macintosh,9
69,mackerel,8
70,mackinaw,8
71,mackintosh,10
72,mackle,6
73,macle,5
74,macled,6
75,maclurea,8
76,maclurin,8
77,macrencephalic,14
78,macrencephalous,15
79,macrobiotic,11
80,macrobiotics,12
81,macrocephalous,14
82,macrochires,11
83,macrocosm,9
84,macrocosmic,11
85,macrocystis,11
86,macrodactyl,11
87,macrodactylic,13
88,macrodactylous,14
89,macrodiagonal,13
90,macrodome,9
91,macrodont,9
92,macrofarad,10
93,macroglossia,12
94,macrognathic,12
95,macrology,9
96,macrometer,10
97,macron,6
98,macropetalous,13
99,macrophyllous,13
100,macropinacoid,13
101,macropod,8
102,macropodal,10
103,macropodian,11
104,macropodous,11
105,macroprism,10
106,macropteres,11
107,macropterous,12
108,macropus,8
109,macropyramid,12
110,macroscopic,11
111,macroscopical,13
112,macrosporangium,15
113,macrospore,10
114,macrosporic,11
115,macrotone,9
116,macrotous,9
117,macroura,8
118,macroural,9
119,macrozoospore,13
120,macrura,7
121,macrural,8
122,macruran,8
123,macruroid,9
124,macrurous,9
125,mactation,9
126,mactra,6
127,maculae,7
128,macula,6
129,maculate,8
130,maculated,9
131,maculation,10
132,maculatory,10
133,maculature,10
134,macule,6
135,maculose,8
136,madded,6
137,madding,7
138,madams,6
139,mesdames,8
140,madam,5
141,madame,6
142,madbrain,8
143,madbrained,10
144,madcap,6
145,maddened,8
146,maddening,9
147,madden,6
148,madder,6
149,madderwort,10
150,maddish,7
151,made,4
152,madecass,8
153,madecassee,10
154,madefaction,11
155,madefication,12
156,madefied,8
157,madefying,9
158,madefy,6
159,madegassy,9
160,madeira,7
161,mesdemoiselles,14
162,mademoiselle,12
163,madge,5
164,madhouse,8
165,madia,5
166,madid,5
167,madisterium,11
168,madjoun,7
169,madly,5
170,madmen,6
171,madman,6
172,madnep,6
173,madness,7
174,madonna,7
175,madoqua,7
176,madrague,8
177,madreperl,9
178,madrepora,9
179,madreporaria,12
180,madrepore,9
181,madreporian,11
182,madreporic,10
183,madreporiform,13
184,madreporite,11
185,madrier,7
186,madrigal,8
187,madrigaler,10
188,madrigalist,11
189,madrilenian,11
190,madrina,7
191,madroï¿½a,7
192,madwort,7
193,maegbote,8
194,magbote,7
195,maelstrom,9
196,maenad,6
197,maestoso,8
198,maestro,7
199,maffle,6
200,maffler,7
201,magazine,8
202,magazined,9
203,magazining,10
204,magaziner,9
205,magazinist,10
206,magdala,7
207,magdalen,8
208,magdaleon,9
209,magdeburg,9
210,mage,4
211,magellanic,10
212,magenta,7
213,magged,6
214,maggiore,8
215,maggot,6
216,maggotiness,11
217,maggotish,9
218,maggoty,7
219,maghet,6
220,magi,4
221,magian,6
222,magic,5
223,magical,7
224,magically,9
225,magician,8
226,magilp,6
227,magilph,7
228,magister,8
229,magisterial,11
230,magisteriality,14
231,magisterially,13
232,magisterialness,15
233,magistery,9
234,magistracies,12
235,magistracy,10
236,magistral,9
237,magistrality,12
238,magistrally,11
239,magistrate,10
240,magistratic,11
241,magistratical,13
242,magistrature,12
243,magma,5
244,magnality,9
245,magnanimity,11
246,magnanimous,11
247,magnanimously,13
248,magnate,7
249,magnes,6
250,magnesia,8
251,magnesian,9
252,magnesic,8
253,magnesite,9
254,magnesium,9
255,magnet,6
256,magnetic,8
257,magnetical,10
258,magnetically,12
259,magneticalness,14
260,magnetician,11
261,maneticness,11
262,magnetics,9
263,magnetiferous,13
264,magnetism,9
265,magnetist,9
266,magnetite,9
267,magnetizable,12
268,magnetization,13
269,magnetized,10
270,magnetizing,11
271,magnetize,9
272,magnetizee,10
273,magnetizer,10
274,magnetograph,12
275,magnetometer,12
276,magnetometric,13
277,magnetomotor,12
278,magnetotherapy,14
279,magnifiable,11
280,magnific,8
281,magnifical,10
282,magnificat,10
283,magnificate,11
284,magnification,13
285,magnificence,12
286,magnificent,11
287,magnificently,13
288,magnificoes,11
289,magnifico,9
290,magnifier,9
291,magnified,9
292,magnifying,10
293,magnify,7
294,magniloquence,13
295,magniloquent,12
296,magniloquous,12
297,magnitude,9
298,magnolia,8
299,magnoliaceous,13
300,magnum,6
301,magot,5
302,magpie,6
303,maguari,7
304,maguey,6
305,magyar,6
306,maha,4
307,mahabarata,10
308,mahabharatam,12
309,mahaled,7
310,maharajah,9
311,maharif,7
312,maharmah,8
313,mahdi,5
314,mahoe,5
315,mahogany,8
316,maholi,6
317,mahomedan,9
318,mahometan,9
319,mahometanism,12
320,mahometanized,13
321,mahometanizing,14
322,mahometanize,12
323,mahometism,10
324,mahometist,10
325,mahometry,9
326,mahone,6
327,mahonia,7
328,mahoohoo,8
329,mahori,6
330,mahound,7
331,mahout,6
332,mahovo,6
333,mahrati,7
334,mahratta,8
335,mahumetan,9
336,mahumetanism,12
337,maia,4
338,maian,5
339,maid,4
340,maiden,6
341,maidenhair,10
342,maidenhead,10
343,maidenhood,10
344,maidenlike,10
345,maidenliness,12
346,maidenly,8
347,maidenship,10
348,maidhood,8
349,maidmarian,10
350,maidpale,8
351,maidservant,11
352,maieutic,8
353,maieutical,10
354,maieutics,9
355,maiger,6
356,maigre,6
357,maihem,6
358,maikel,6
359,maikong,7
360,mail,4
361,mailed,6
362,mailing,7
363,mailable,8
364,mailclad,8
365,maimed,6
366,maiming,7
367,maim,4
368,maimedly,8
369,maimedness,10
370,main,4
371,maine,5
372,mainland,8
373,mainly,6
374,mainmast,8
375,mainor,6
376,mainpernable,12
377,mainpernor,10
378,mainpin,7
379,mainprise,9
380,mainprised,10
381,mainprising,11
382,mains,5
383,mainsail,8
384,mainsheet,9
385,mainspring,10
386,mainstay,8
387,mainswear,9
388,maintained,10
389,maintaining,11
390,maintain,8
391,maintainable,12
392,maintainer,10
393,maintainor,10
394,maintenance,11
395,maintop,7
396,maioid,6
397,maister,7
398,maistre,7
399,maistrie,8
400,maistry,7
401,maistress,9
402,maithes,7
403,maize,5
404,majestatic,10
405,majestatal,10
406,majestic,8
407,majestical,10
408,majesticness,12
409,majesties,9
410,majesty,7
411,majolica,8
412,major,5
413,majorat,7
414,majorate,8
415,majoration,10
416,majorcan,8
417,majorities,10
418,majority,8
419,majorship,9
420,majoun,6
421,majusculae,10
422,majuscule,9
423,makable,7
424,makaron,7
425,make,4
426,making,6
427,makebate,8
428,maked,5
429,makeless,8
430,maker,5
431,makeshift,9
432,makeweight,10
433,maki,4
434,mala,4
435,malabar,7
436,malacatune,10
437,malacca,7
438,malachite,9
439,malacissant,11
440,malacissation,13
441,malacobdella,12
442,malacoderm,10
443,malacolite,10
444,malacologist,12
445,malacology,10
446,malacopoda,10
447,malacopterygian,15
448,malacopterygii,14
449,malacopterygious,16
450,malacosteon,11
451,malacostomous,13
452,malacostraca,12
453,malacostracan,13
454,malacostracology,16
455,malacostracous,14
456,malacotoon,10
457,malacozoa,9
458,malacozoic,10
459,maladdress,10
460,maladjustment,13
461,maladministration,17
462,maladroit,9
463,maladies,8
464,malady,6
465,malaga,6
466,malagash,8
467,malagasy,8
468,malaise,7
469,malamate,8
470,malambo,7
471,malamethane,11
472,malamic,7
473,malamide,8
474,malanders,9
475,malapert,8
476,malapropism,11
477,malapropos,10
478,malapterurus,12
479,malar,5
480,malaria,7
481,malarial,8
482,malarian,8
483,malarious,9
484,malashaganay,12
485,malassimilation,15
486,malate,6
487,malax,5
488,malaxate,8
489,malaxation,10
490,malaxator,9
491,malay,5
492,malayan,7
493,malayalam,9
494,malbrouck,9
495,malconformation,15
496,malcontent,10
497,malcontented,12
498,maldanian,9
499,male,4
500,naleadministration,18
501,maleate,7
502,malebranchism,13
503,maleconformation,16
504,malecontent,11
505,maledicency,11
506,maledicent,10
507,maledict,8
508,malediction,11
509,malefaction,11
510,malefactor,10
511,malefactress,12
512,malefeasance,12
513,malefic,7
514,malefice,8
515,maleficence,11
516,maleficent,10
517,maleficial,10
518,maleficiate,11
519,maleficiation,13
520,maleficience,12
521,maleficient,11
522,maleformation,13
523,maleic,6
524,malengine,9
525,maleo,5
526,malepractice,12
527,malet,5
528,maletreat,9
529,malevolence,11
530,malevolent,10
531,malevolently,12
532,malevolous,10
533,malexecution,12
534,maleyl,6
535,malfeasance,11
536,malformation,12
537,malgracious,11
538,malgre,6
539,malic,5
540,malice,6
541,malicho,7
542,malicious,9
543,malign,6
544,maligned,8
545,maligning,9
546,malignance,10
547,malignancy,10
548,malignant,9
549,malignantly,11
550,maligner,8
551,malignified,11
552,malignifying,12
553,malignify,9
554,malignity,9
555,malignly,8
556,malingered,10
557,malingering,11
558,malinger,8
559,malingerer,10
560,malingery,9
561,malison,7
562,malkin,6
563,mall,4
564,malled,6
565,malling,7
566,mallard,7
567,malleability,12
568,malleable,9
569,malleableize,12
570,malleableness,13
571,malleal,7
572,malleated,9
573,malleating,10
574,malleate,8
575,malleation,10
576,mallecho,8
577,mallemock,9
578,mallemoke,9
579,mallenders,10
580,malleolar,9
581,malleoli,8
582,malleolus,9
583,mallet,6
584,mallei,6
585,malleus,7
586,mallophaga,10
587,mallotus,8
588,mallow,6
589,mallows,7
590,mallowwort,10
591,malm,4
592,malmbrick,9
593,malma,5
594,malmag,6
595,malmsey,7
596,malnutrition,12
597,malobservation,14
598,malodor,7
599,malonate,8
600,malonic,7
601,malonyl,7
602,malpighia,9
603,malpighiaceous,14
604,malpighian,10
605,malposition,11
606,malpractice,11
607,malt,4
608,malted,6
609,malting,7
610,maltalent,9
611,maltese,7
612,maltha,6
613,malthusian,10
614,mathusian,9
615,malthusianism,13
616,maltin,6
617,maltine,7
618,maltmen,7
619,maltman,7
620,maltonic,8
621,maltose,7
622,maltreated,10
623,maltreating,11
624,maltreat,8
625,maltreament,11
626,maltster,8
627,maltworm,8
628,malty,5
629,malum,5
630,malvaceous,10
631,malversation,12
632,malvesie,8
633,mam,3
634,mama,4
635,mamaluke,8
636,mamelon,7
637,mameluco,8
638,mameluke,8
639,mamillated,10
640,mamma,5
641,mammae,6
642,mammals,7
643,mammal,6
644,mammalia,8
645,mammalian,9
646,mammaliferous,13
647,mammalogical,12
648,mammalogist,11
649,mammalogy,9
650,mammary,7
651,mammee,6
652,mammer,6
653,mammet,6
654,mammetry,8
655,mammifer,8
656,mammiferous,11
657,mammiform,9
658,mammilae,8
659,mammilla,8
660,mammillary,10
661,mammillate,10
662,mammillated,11
663,mammilliform,12
664,mammilloid,10
665,mammock,7
666,mammodis,8
667,mammology,9
668,mammon,6
669,mammonish,9
670,mammonism,9
671,mammonist,9
672,mammonite,9
673,mammonization,13
674,mammonize,9
675,mammose,7
676,mammoth,7
677,mammothrept,11
678,mammies,7
679,mammy,5
680,mamzer,6
681,men,3
682,man,3
683,manned,6
684,manning,7
685,manable,7
686,manace,6
687,manacle,7
688,manacled,8
689,manacling,9
690,manage,6
691,managed,7
692,managing,8
693,manageability,13
694,manageable,10
695,manageless,10
696,management,10
697,manager,7
698,managerial,10
699,managership,11
700,managery,8
701,manakin,7
702,manatee,7
703,manation,8
704,manbote,7
705,manca,5
706,manche,6
707,manchet,7
708,manchineel,10
709,manchu,6
710,mancipate,9
711,mancipation,11
712,manciple,8
713,mancus,6
714,mand,4
715,mandamus,8
716,mandarin,8
717,mandarinate,11
718,mandarinic,10
719,mandarining,11
720,mandarinism,11
721,mandatary,9
722,mandate,7
723,mandator,8
724,mandatory,9
725,mandelate,9
726,mandelic,8
727,mander,6
728,manderil,8
729,mandible,8
730,mandibular,10
731,mandibulate,11
732,mandibulated,12
733,mandibuliform,13
734,mandibulohyoid,14
735,mandil,6
736,mandilion,9
737,mandingos,9
738,mandioc,7
739,mandioca,8
740,mandlestone,11
741,mandment,8
742,mandolin,8
743,mandoline,9
744,mandore,7
745,mandragora,10
746,mandragorite,12
747,mandrake,8
748,mandrel,7
749,mandrill,8
750,manducable,10
751,manducated,10
752,manducating,11
753,manducate,9
754,manducation,11
755,manducatory,11
756,manducus,8
757,mane,4
758,maned,5
759,manege,6
760,maneh,5
761,maneless,8
762,manequin,8
763,manerial,8
764,manes,5
765,manesheet,9
766,maneuver,8
767,manoeuvre,9
768,maneuvered,10
769,manoeuvred,10
770,maneuvering,11
771,manoeuvring,11
772,maneuverer,10
773,manoeuvrer,10
774,manful,6
775,mamgabey,8
776,mangan,6
777,manganate,9
778,manganesate,11
779,manganese,9
780,manganesian,11
781,manganesic,10
782,manganesious,12
783,manganesium,11
784,manganesous,11
785,manganic,8
786,manganiferous,13
787,manganite,9
788,manganium,9
789,manganous,9
790,mangcorn,8
791,mange,5
792,manger,6
793,mangily,7
794,manginess,9
795,mangled,7
796,mangling,8
797,mangle,6
798,mangler,7
799,mangoes,7
800,mango,5
801,mangoldwurzel,13
802,mangonel,8
803,mangonism,9
804,mangonist,9
805,mangonize,9
806,mangosteen,10
807,mangostan,9
808,mangrove,8
809,mangue,6
810,mangy,5
811,manhaden,8
812,manhead,7
813,manhole,7
814,manhood,7
815,mania,5
816,maniable,8
817,maniac,6
818,maniacal,8
819,manicate,8
820,manichaean,10
821,manichean,9
822,manichee,8
823,manichaeism,11
824,manicheism,10
825,manicheist,10
826,manichord,9
827,manichordon,11
828,manicure,8
829,manid,5
830,manie,5
831,manifest,8
832,manifests,9
833,manifested,10
834,manifesting,11
835,manifestable,12
836,manifestation,13
837,manifestible,12
838,manifestly,10
839,manifestness,12
840,manifestoes,11
841,manifesto,9
842,manifold,8
843,manifolded,10
844,manifolding,11
845,manifoldly,10
846,manifoldness,12
847,maniform,8
848,maniglion,9
849,manihoc,7
850,manihot,7
851,manikin,7
852,manila,6
853,manilla,7
854,manilio,7
855,manille,7
856,manioc,6
857,maniple,7
858,manipular,9
859,manipulated,11
860,manipulating,12
861,manipulate,10
862,manipulation,12
863,manipulative,12
864,manipulator,11
865,manipulatory,12
866,manis,5
867,manito,6
868,manitou,7
869,manitu,6
870,manitrunk,9
871,mankind,7
872,manks,5
873,manless,7
874,manlessly,9
875,manlike,7
876,manliness,9
877,manling,7
878,manly,5
879,manna,5
880,manner,6
881,mannered,8
882,mannerism,9
883,mannerist,9
884,mannerliness,12
885,mannerly,8
886,mannide,7
887,mannish,7
888,mannitan,8
889,mannitate,9
890,mannite,7
891,mannitic,8
892,mannitol,8
893,mannitose,9
894,manofwar,8
895,manometer,9
896,manometric,10
897,manometrical,12
898,manor,5
899,manorial,8
900,manoscope,9
901,manoscopy,9
902,manovery,8
903,manqueller,10
904,manred,6
905,manrent,7
906,manrope,7
907,manse,5
908,manservant,10
909,mansion,7
910,mansionary,10
911,mansionry,9
912,manslaughter,12
913,manslayer,9
914,manstealer,10
915,manstealing,11
916,mansuete,8
917,mansuetude,10
918,manswear,8
919,manta,5
920,mantchoo,8
921,manteaux,8
922,manteaus,8
923,manteau,7
924,mantel,6
925,mantelet,8
926,mantelpiece,11
927,mantelshelf,11
928,manteltree,10
929,mantic,6
930,mantilla,8
931,mantis,6
932,mantispid,9
933,mantissa,8
934,mantle,6
935,mantled,7
936,mantling,8
937,mantlet,7
938,manto,5
939,mantologist,11
940,mantology,9
941,mantra,6
942,mantrap,7
943,mantua,6
944,mantuamaker,11
945,mantuan,7
946,manu,4
947,manual,6
948,manualist,9
949,manually,8
950,manuary,7
951,manubial,8
952,manubrial,9
953,manubria,8
954,manubriums,10
955,manubrium,9
956,manucode,8
957,manuducent,10
958,manuduction,11
959,manductor,9
960,manufactory,11
961,manufactural,12
962,manufacture,11
963,manufactured,12
964,manufacturing,13
965,manufacturer,12
966,manul,5
967,manumise,8
968,manumission,11
969,manumitted,10
970,manumitting,11
971,manumit,7
972,manumotive,10
973,manumotor,9
974,manurable,9
975,manurage,8
976,manurance,9
977,manured,7
978,manuring,8
979,manure,6
980,manurement,10
981,manurer,7
982,manurial,8
983,manus,5
984,manuscript,10
985,manuscriptal,12
986,manutenency,11
987,manway,6
988,manx,4
989,many,4
990,manyplies,9
991,manyways,8
992,manywise,8
993,manzanita,9
994,maoris,6
995,maori,5
996,map,3
997,mapped,6
998,mapping,7
999,mapach,6
1000,maple,5
1001,maplike,7
1002,mappery,7
1003,maqui,5
1004,mar,3
1005,marred,6
1006,marring,7
1007,mara,4
1008,marabou,7
1009,marabout,8
1010,maracan,7
1011,marai,5
1012,maranatha,9
1013,maranta,7
1014,maraschino,10
1015,marasmus,8
1016,marauded,8
1017,marauding,9
1018,maraud,6
1019,marauder,8
1020,maravedi,8
1021,marble,6
1022,marbled,7
1023,marbling,8
1024,marbleized,10
1025,marbleizing,11
1026,marbleize,9
1027,marbler,7
1028,marbly,6
1029,marbrinus,9
1030,marc,4
1031,marcantant,10
1032,marcasite,9
1033,marcasitic,10
1034,marcasitical,12
1035,marcassin,9
1036,marcato,7
1037,marceline,9
1038,marcescent,10
1039,marcescible,11
1040,march,5
1041,marched,7
1042,marching,8
1043,macher,6
1044,marcher,7
1045,marchet,7
1046,merchet,7
1047,marchioness,11
1048,marchman,8
1049,marchpane,9
1050,marcian,7
1051,marcid,6
1052,marcidity,9
1053,marcionite,10
1054,marcobrunner,12
1055,marcor,6
1056,marcosian,9
1057,mare,4
1058,mareis,6
1059,marena,6
1060,mareschal,9
1061,margarate,9
1062,margaric,8
1063,margarin,8
1064,marasritaceous,14
1065,margarite,9
1066,margaritic,10
1067,margaritiferous,15
1068,margarodite,11
1069,margarone,9
1070,margarous,9
1071,margay,6
1072,marge,5
1073,margent,7
1074,margin,6
1075,margined,8
1076,marginging,10
1077,marginal,8
1078,marginalia,10
1079,marginally,10
1080,marginate,9
1081,marginated,10
1082,marginella,10
1083,marginicidal,12
1084,margosa,7
1085,margravate,10
1086,margraviate,11
1087,margrave,8
1088,margravine,10
1089,marguerite,10
1090,marian,6
1091,marie,5
1092,mariet,6
1093,marigenous,10
1094,marigold,8
1095,marikina,8
1096,marimba,7
1097,marimonda,9
1098,marinade,8
1099,marinate,8
1100,marine,6
1101,marined,7
1102,mariner,7
1103,marinership,11
1104,marinorama,10
1105,mariolater,10
1106,mariolatry,10
1107,marionette,10
1108,mariput,7
1109,marish,6
1110,marital,7
1111,maritated,9
1112,maritimal,9
1113,maritimale,10
1114,maritime,8
1115,marjoram,8
1116,mark,4
1117,marked,6
1118,marking,7
1119,markable,8
1120,markee,6
1121,marker,6
1122,market,6
1123,marketed,8
1124,marketing,9
1125,marketable,10
1126,marketableness,14
1127,marketer,8
1128,marketstead,11
1129,markhoor,8
1130,markis,6
1131,markisesse,10
1132,markman,7
1133,marksmen,8
1134,marksman,8
1135,marksmanship,12
1136,marl,4
1137,marled,6
1138,marling,7
1139,marlaceous,10
1140,marlin,6
1141,marline,7
1142,marlite,7
1143,marlitic,8
1144,marlpit,7
1145,marlstone,9
1146,marly,5
1147,marmalade,9
1148,marmalet,8
1149,marmatite,9
1150,marmolite,9
1151,marmoraceous,12
1152,marmorate,9
1153,marmorated,10
1154,marmoration,11
1155,marmoreal,9
1156,marmorean,9
1157,marmorosis,10
1158,marmose,7
1159,marmoset,8
1160,marmot,6
1161,marmozet,8
1162,marone,6
1163,maronites,9
1164,maronite,8
1165,maroon,6
1166,marooned,8
1167,marooning,9
1168,marplot,7
1169,marque,6
1170,marquee,7
1171,marquess,8
1172,marquetry,9
1173,marquis,7
1174,marquisate,10
1175,marquisdom,10
1176,marquise,8
1177,marquisship,11
1178,marram,6
1179,marrer,6
1180,marriable,9
1181,marriage,8
1182,marriageability,15
1183,marriageable,12
1184,marrried,8
1185,marrier,7
1186,marron,6
1187,marroon,7
1188,marrot,6
1189,marrow,6
1190,marrowed,8
1191,marrowing,9
1192,marrowbone,10
1193,marrowfat,9
1194,marrowish,9
1195,marrowless,10
1196,marrowy,7
1197,marrubium,9
1198,married,7
1199,marrying,8
1200,marry,5
1201,mars,4
1202,marsala,7
1203,marsdenia,9
1204,marseillais,11
1205,marseillaise,12
1206,marseilles,10
1207,marsh,5
1208,marshal,7
1209,marshaled,9
1210,marshalled,10
1211,marshaling,10
1212,marshalling,11
1213,marshaler,9
1214,marshalsea,10
1215,marshalship,11
1216,marshbanker,11
1217,marsebanker,11
1218,marshiness,10
1219,marshy,6
1220,marsipobranch,13
1221,marsipobranchia,15
1222,marsupial,9
1223,marsupialia,11
1224,marsupialian,12
1225,marsupian,9
1226,marsupiate,10
1227,marsupion,9
1228,marsupite,9
1229,marsupia,8
1230,marsupium,9
1231,mart,4
1232,martagon,8
1233,martel,6
1234,marteline,9
1235,marten,6
1236,martern,7
1237,martial,7
1238,martialism,10
1239,martialist,10
1240,martialized,11
1241,martializing,12
1242,martialize,10
1243,martially,9
1244,martialness,11
1245,martin,6
1246,martinet,8
1247,martineta,9
1248,martinetism,11
1249,martingale,10
1250,martingal,9
1251,martinmas,9
1252,martite,7
1253,martlemas,9
1254,martlet,7
1255,martyr,6
1256,martyred,8
1257,martyring,9
1258,martyrdom,9
1259,martyrization,13
1260,martyrize,9
1261,martyrly,8
1262,martyrologe,11
1263,martyrologic,12
1264,martyrological,14
1265,martyrologist,13
1266,martyrology,11
1267,martyrship,10
1268,marvel,6
1269,marveled,8
1270,marvelled,9
1271,marveling,9
1272,marvelling,10
1273,marvelous,9
1274,marvelously,11
1275,marvelousness,13
1276,marver,6
1277,mary,4
1278,maryolatry,10
1279,marysole,8
1280,mascagnin,9
1281,mascagnite,10
1282,mascle,6
1283,mascled,7
1284,mascot,6
1285,mascotte,8
1286,masculate,9
1287,masculine,9
1288,masculinity,11
1289,mase,4
1290,maselyn,7
1291,maser,5
1292,mash,4
1293,mashed,6
1294,mashing,7
1295,masher,6
1296,mashlin,7
1297,mashy,5
1298,mask,4
1299,masked,6
1300,masking,7
1301,masker,6
1302,maskery,7
1303,maskinonge,10
1304,maslach,7
1305,maslin,6
1306,mason,5
1307,masonic,7
1308,masonry,7
1309,masora,6
1310,masoret,7
1311,masoretic,9
1312,masoretical,11
1313,masorite,8
1314,masque,6
1315,masquerade,10
1316,masqueraded,11
1317,masquerading,12
1318,masquerader,11
1319,mass,4
1320,massed,6
1321,massing,7
1322,massacre,8
1323,massacred,9
1324,massacring,10
1325,massacrer,9
1326,massage,7
1327,massasauga,10
1328,masse,5
1329,masser,6
1330,masseter,8
1331,masseteric,10
1332,masseterine,11
1333,masseur,7
1334,masseuse,8
1335,massicot,8
1336,massiness,9
1337,massive,7
1338,massively,9
1339,massiveness,11
1340,massora,7
1341,massoret,8
1342,massy,5
1343,mast,4
1344,masted,6
1345,masting,7
1346,mastax,6
1347,master,6
1348,mastered,8
1349,mastering,9
1350,masterdom,9
1351,masterful,9
1352,masterfully,11
1353,masterhood,10
1354,masterless,10
1355,masterliness,12
1356,masterly,8
1357,masterous,9
1358,masterpiece,11
1359,mastership,10
1360,mastersinger,12
1361,masterwort,10
1362,masteries,9
1363,mastery,7
1364,mastful,7
1365,masthead,8
1366,masthouse,9
1367,mastic,6
1368,masticable,10
1369,masticador,10
1370,masticated,10
1371,masticating,11
1372,masticate,9
1373,masticater,10
1374,mastication,11
1375,masticator,10
1376,masticatory,11
1377,mastich,7
1378,masticin,8
1379,masticot,8
1380,mastiffs,8
1381,mastives,8
1382,mastiff,7
1383,mastigopod,10
1384,mastigopoda,11
1385,mastigure,9
1386,mastitis,8
1387,mastless,8
1388,mastlin,7
1389,mastodon,8
1390,mastodonsaurus,14
1391,mastodontic,11
1392,mastodynia,10
1393,mastodyny,9
1394,mastoid,7
1395,mastoidal,9
1396,mastology,9
1397,mastress,8
1398,masturbation,12
1399,masty,5
1400,mat,3
1401,matted,6
1402,matting,7
1403,matachin,8
1404,mataco,6
1405,matadore,8
1406,matador,7
1407,matagasse,9
1408,matamata,8
1409,matanza,7
1410,match,5
1411,matched,7
1412,matching,8
1413,matchable,9
1414,matcher,7
1415,matchless,9
1416,matchlock,9
1417,matchmaker,10
1418,matchmaking,11
1419,mate,4
1420,mated,5
1421,mating,6
1422,mateless,8
1423,matelote,8
1424,mateology,9
1425,mateotechny,11
1426,mater,5
1427,material,8
1428,materialism,11
1429,materialist,11
1430,materialistic,13
1431,materialistical,15
1432,materiality,11
1433,materialization,15
1434,materialized,12
1435,materializing,13
1436,materialize,11
1437,materially,10
1438,materialness,12
1439,materiarian,11
1440,materiate,9
1441,materiated,10
1442,materiation,11
1443,materiel,8
1444,materious,9
1445,maternal,8
1446,maternally,10
1447,maternity,9
1448,matfelon,8
1449,math,4
1450,mathematic,10
1451,mathematical,12
1452,mathematician,13
1453,mathematics,11
1454,mather,6
1455,mathes,6
1456,mathesis,8
1457,mathurin,8
1458,matico,6
1459,matie,5
1460,m/tin,5
1461,matin,5
1462,matinal,7
1463,matinee,7
1464,matrass,7
1465,matress,7
1466,matriarch,9
1467,matriarchal,11
1468,matriarchate,12
1469,matrice,7
1470,matricidal,10
1471,matricide,9
1472,matriculated,12
1473,matriculating,13
1474,matriculate,11
1475,matriculation,13
1476,matrimoine,10
1477,matrimonial,11
1478,matrimonially,13
1479,matrimonious,12
1480,matrimony,9
1481,matrices,8
1482,matrix,6
1483,matron,6
1484,matronage,9
1485,matronal,8
1486,matronhood,10
1487,matronized,10
1488,matronizing,11
1489,matronize,9
1490,matronlike,10
1491,matronly,8
1492,matronymic,10
1493,matross,7
1494,matt,4
1495,mattages,8
1496,mattamore,9
1497,matte,5
1498,matter,6
1499,mattered,8
1500,mattering,9
1501,matterless,10
1502,mattery,7
1503,mattock,7
1504,mattowacca,10
1505,mattress,8
1506,maturant,8
1507,maturated,9
1508,maturating,10
1509,maturate,8
1510,maturation,10
1511,maturative,10
1512,mature,6
1513,matured,7
1514,maturing,8
1515,maturely,8
1516,matureness,10
1517,maturer,7
1518,maturescent,11
1519,maturity,8
1520,matutinal,9
1521,matutinary,10
1522,matutine,8
1523,matweed,7
1524,maty,4
1525,matzoth,7
1526,maucaco,7
1527,maud,4
1528,maudle,6
1529,maudlin,7
1530,maudeline,9
1531,muadlinism,10
1532,maudlinwort,11
1533,mauger,6
1534,maugre,6
1535,maukin,6
1536,maul,4
1537,mauled,6
1538,mauling,7
1539,maule,5
1540,maumet,6
1541,maunch,6
1542,maund,5
1543,maunder,7
1544,maunderer,9
1545,maundril,8
1546,maungy,6
1547,mauresque,9
1548,maurist,7
1549,mausolean,9
1550,mausoleums,10
1551,mausoleum,9
1552,mauther,7
1553,mauvaniline,11
1554,mauve,5
1555,mauveine,8
1556,mauvine,7
1557,maverick,8
1558,mavis,5
1559,maw,3
1560,mawk,4
1561,mawkin,6
1562,mawkingly,9
1563,mawkish,7
1564,mawkishly,9
1565,mawkishness,11
1566,mawks,5
1567,mawky,5
1568,mawmet,6
1569,mawmetry,8
1570,mawmish,7
1571,mawseed,7
1572,mawworm,7
1573,maxillae,8
1574,maxilla,7
1575,maxillar,8
1576,maxillary,9
1577,maxilliform,11
1578,maxilliped,10
1579,maxilloturbinal,15
1580,maxim,5
1581,maximilian,10
1582,maximization,12
1583,maximize,8
1584,maxima,6
1585,maximum,7
1586,might,5
1587,may,3
1588,maya,4
1589,maybe,5
1590,maybird,7
1591,maybloom,8
1592,maybush,7
1593,mayduke,7
1594,mayfish,7
1595,mayflower,9
1596,mayhap,6
1597,mayhem,6
1598,maying,6
1599,mayonnaise,10
1600,mayor,5
1601,mayoral,7
1602,mayoralty,9
1603,mayoress,8
1604,mayorship,9
1605,maypole,7
1606,maypop,6
1607,mayweed,7
1608,mazama,6
1609,mazame,6
1610,mazard,6
1611,mazarine,8
1612,mazdean,7
1613,mazdeism,8
1614,maze,4
1615,mazed,5
1616,mazing,6
1617,mazedness,9
1618,mazeful,7
1619,mazer,5
1620,mazily,6
1621,maziness,8
1622,mazological,11
1623,mazologist,10
1624,mazology,8
1625,mazourka,8
1626,mazurka,7
1627,mazy,4
1628,me,2
1629,meach,5
1630,meacock,7
1631,mead,4
1632,meadow,6
1633,meadowsweet,11
1634,meadowwort,10
1635,meadowy,7
1636,meager,6
1637,meagre,6
1638,meagerly,8
1639,meagrely,8
1640,meagerness,10
1641,meagreness,10
1642,meak,4
1643,meaking,7
1644,meal,4
1645,mealies,7
1646,mealiness,9
1647,mealtime,8
1648,mealy,5
1649,meant,5
1650,meaning,7
1651,mean,4
1652,meander,7
1653,meandered,9
1654,meandering,10
1655,meandrian,9
1656,meandrina,9
1657,meandrous,9
1658,meandry,7
1659,meanly,6
1660,meanness,8
1661,meantime,8
1662,meanwhile,9
1663,mear,4
1664,mease,5
1665,measelry,8
1666,measle,6
1667,measled,7
1668,measles,7
1669,measly,6
1670,measurable,10
1671,measure,7
1672,measured,8
1673,measuring,9
1674,measureless,11
1675,measurement,11
1676,measurer,8
1677,meat,4
1678,meatal,6
1679,meated,6
1680,meath,5
1681,meathe,6
1682,meatiness,9
1683,meatless,8
1684,meatoscope,10
1685,meatotome,9
1686,meatuses,8
1687,meatus,6
1688,meaty,5
1689,meaw,4
1690,meawl,5
1691,meazel,6
1692,meazling,8
1693,mebles,6
1694,mecate,6
1695,meccawee,8
1696,mechanic,8
1697,mechanical,10
1698,mechanicalize,13
1699,mechanically,12
1700,mechanicalness,14
1701,mechanician,11
1702,mechanics,9
1703,mechanism,9
1704,mechanist,9
1705,mechanized,10
1706,mechanizing,11
1707,mechanize,9
1708,mechanograph,12
1709,mechanographic,14
1710,mechanographist,15
1711,mechanography,13
1712,mechanurgy,10
1713,mechitarist,11
1714,mechlin,7
1715,mechoacan,9
1716,meckelian,9
1717,meconate,8
1718,meconic,7
1719,meconidine,10
1720,meconidium,10
1721,meconin,7
1722,meconinic,9
1723,meconium,8
1724,medal,5
1725,medaled,7
1726,medalled,8
1727,medaling,8
1728,medalling,9
1729,medalet,7
1730,medalist,8
1731,medallic,8
1732,medallion,9
1733,medalurgy,9
1734,meddled,7
1735,meddling,8
1736,meddle,6
1737,meddler,7
1738,meddlesome,10
1739,meddlingly,10
1740,mede,4
1741,media,5
1742,mediae,6
1743,mediacy,7
1744,mediaeval,9
1745,mediaevalism,12
1746,mediaevalist,12
1747,mediaevally,11
1748,mediaevals,10
1749,medial,6
1750,medialuna,9
1751,median,6
1752,mediant,7
1753,mediastinal,11
1754,mediastine,10
1755,mediastinum,11
1756,mediate,7
1757,mediated,8
1758,mediating,9
1759,mediately,9
1760,mediateness,11
1761,mediation,9
1762,mediative,9
1763,mediatization,13
1764,mediatized,10
1765,mediatizing,11
1766,mediatize,9
1767,mediator,8
1768,mediatorial,11
1769,mediatorship,12
1770,mediatory,9
1771,mediatress,10
1772,mediatrix,9
1773,medic,5
1774,medicable,9
1775,medical,7
1776,medically,9
1777,medicament,10
1778,medicamental,12
1779,medicaster,10
1780,medicated,9
1781,medicating,10
1782,medicate,8
1783,medication,10
1784,medicative,10
1785,medicean,8
1786,medicinable,11
1787,medicinal,9
1788,medicinally,11
1789,medicine,8
1790,medicommissure,14
1791,medicornua,10
1792,medicornu,9
1793,medics,6
1794,mediety,7
1795,medieval,8
1796,medievalism,11
1797,medievalist,11
1798,medino,6
1799,mediocral,9
1800,mediocre,8
1801,mediocrist,10
1802,mediocrity,10
1803,mediostapedial,14
1804,medioxumous,11
1805,meditance,9
1806,meditated,9
1807,meditating,10
1808,meditate,8
1809,meditation,10
1810,meditatist,10
1811,meditative,10
1812,mediterranean,13
1813,mediterraneous,14
1814,mediums,7
1815,medium,6
1816,medii,5
1817,medius,6
1818,medlar,6
1819,medle,5
1820,medleys,7
1821,medley,6
1822,medly,5
1823,medoc,5
1824,medregal,8
1825,medrick,7
1826,medulla,7
1827,medullar,8
1828,medullary,9
1829,medullated,10
1830,medullin,8
1831,medusa,6
1832,medusae,7
1833,medusian,8
1834,medusiform,10
1835,medusoid,8
1836,meech,5
1837,meed,4
1838,meedful,7
1839,meedfully,9
1840,meek,4
1841,meeken,6
1842,meekly,6
1843,meekness,8
1844,meer,4
1845,meerkat,7
1846,meerschaum,10
1847,met,3
1848,meeting,7
1849,meet,4
1850,meeten,6
1851,meeter,6
1852,meeth,5
1853,meetinghouse,12
1854,meetly,6
1855,meetness,8
1856,mega,4
1857,megacephalic,12
1858,megacephalous,13
1859,megaceros,9
1860,megachile,9
1861,megacosm,8
1862,megacoulomb,11
1863,megaderm,8
1864,megadyne,8
1865,megafarad,9
1866,megalerg,8
1867,megalesian,10
1868,megalethoscope,14
1869,megalith,8
1870,megalocyte,10
1871,megalomania,11
1872,megalonyx,9
1873,megalophonous,13
1874,megalopolis,11
1875,megalops,8
1876,megalopsychy,12
1877,megalosaur,10
1878,megalosaurus,12
1879,megameter,9
1880,megametre,9
1881,megampere,9
1882,megaphone,9
1883,megaphyton,10
1884,megapode,8
1885,megapolis,9
1886,megarian,8
1887,megaric,7
1888,megascope,9
1889,megaseme,8
1890,megass,6
1891,megasse,7
1892,megasthene,10
1893,megasthenic,11
1894,megastome,9
1895,megathere,9
1896,megatherium,11
1897,megatheroid,11
1898,megavolt,8
1899,megaweber,9
1900,megerg,6
1901,megilp,6
1902,megilph,7
1903,megohm,6
1904,megrim,6
1905,meibomian,9
1906,meine,5
1907,meiny,5
1908,meiocene,8
1909,meionite,8
1910,meiosis,7
1911,melostemonous,13
1912,meistersinger,13
1913,mekhitarist,11
1914,melaconite,10
1915,melada,6
1916,melado,6
1917,melaena,7
1918,melain,6
1919,melainotype,11
1920,melam,5
1921,melamine,8
1922,melampode,9
1923,melampyrin,10
1924,melampyrite,11
1925,melanaemia,10
1926,melanagogue,11
1927,melancholia,11
1928,melancholian,12
1929,melancholic,11
1930,melancholily,12
1931,melancholiness,14
1932,melancholious,13
1933,melancholist,12
1934,melancholize,12
1935,melancholy,10
1936,melanesian,10
1937,melange,7
1938,melanian,8
1939,melanic,7
1940,melaniline,10
1941,melanin,7
1942,melanism,8
1943,melanistic,10
1944,melanite,8
1945,melanochroi,11
1946,melanochroic,12
1947,melanochroite,13
1948,melanocomous,12
1949,melanorrhoea,12
1950,melanoscope,11
1951,melanosis,9
1952,melanosperm,11
1953,melanotic,9
1954,melanotype,10
1955,melanterite,11
1956,melanure,8
1957,melanuric,9
1958,melaphyre,9
1959,melasma,7
1960,melasses,8
1961,melassic,8
1962,melastoma,9
1963,melastomaceous,14
1964,melchite,8
1965,meleagrine,10
1966,meleagris,9
1967,melee,5
1968,melena,6
1969,melene,6
1970,melenite,8
1971,meletin,7
1972,melezitose,10
1973,meliaceous,10
1974,melibean,8
1975,melib/an,8
1976,melic,5
1977,melicerous,10
1978,melicotoon,10
1979,melicratory,11
1980,melilite,8
1981,melilot,7
1982,melilotic,9
1983,meliorated,10
1984,meliorating,11
1985,meliorate,9
1986,meliorater,10
1987,melioration,11
1988,meliorator,10
1989,meliorism,9
1990,meliority,9
1991,meliphagan,10
1992,meliphagous,11
1993,melismata,9
1994,melisma,7
1995,melissa,7
1996,melissic,8
1997,melissyl,8
1998,melissylene,11
1999,melitose,8
2000,mell,4
2001,mellate,7
2002,mellay,6
2003,mellic,6
2004,melliferous,11
2005,mellific,8
2006,mellification,13
2007,mellifluence,12
2008,mellifluent,11
2009,mellifluently,13
2010,mellifluous,11
2011,melligenous,11
2012,melligo,7
2013,melliloquent,12
2014,melliphagan,11
2015,melliphagous,12
2016,mellitate,9
2017,mellite,7
2018,mellitic,8
2019,mellone,7
2020,mellonide,9
2021,mellow,6
2022,mellowed,8
2023,mellowing,9
2024,mellowly,8
2025,mellowness,10
2026,mellowy,7
2027,melluco,7
2028,melne,5
2029,melocoton,9
2030,melocotoon,10
2031,melodeon,8
2032,melodic,7
2033,melodics,8
2034,melodiograph,12
2035,melodious,9
2036,melodist,8
2037,melodized,9
2038,melodizing,10
2039,melodize,8
2040,melodrama,9
2041,melodramatic,12
2042,melodramatist,13
2043,melodrame,9
2044,melodies,8
2045,melody,6
2046,meloe,5
2047,melograph,9
2048,melolonthidian,14
2049,melon,5
2050,melopiano,9
2051,meloplastic,11
2052,meloplasty,10
2053,melop/ia,8
2054,melotype,8
2055,melpomene,9
2056,melrose,7
2057,melt,4
2058,melted,6
2059,molten,6
2060,melting,7
2061,meltable,8
2062,melter,6
2063,melton,6
2064,member,6
2065,membered,8
2066,membership,10
2067,membral,7
2068,membranaceous,13
2069,membrane,8
2070,membraneous,11
2071,membraniferous,14
2072,membraniform,12
2073,membranology,12
2074,membranous,10
2075,mementos,8
2076,memento,7
2077,meminna,7
2078,memnon,6
2079,memoir,6
2080,memoirs,7
2081,memoirist,9
2082,memorabilia,11
2083,memorability,12
2084,memorable,9
2085,memorandums,11
2086,memoranda,9
2087,memorandum,10
2088,memorate,8
2089,memorative,10
2090,memoria,7
2091,memorial,8
2092,memorialist,11
2093,memorialized,12
2094,memorializing,13
2095,memorialize,11
2096,memorializer,12
2097,memorist,8
2098,memoriter,9
2099,memorized,9
2100,memorizing,10
2101,memorize,8
2102,memories,8
2103,memory,6
2104,memphian,8
2105,menaccanite,11
2106,menace,6
2107,menaced,7
2108,menacing,8
2109,menacer,7
2110,menacingly,10
2111,menage,6
2112,menagerie,9
2113,menagogue,9
2114,menaia,6
2115,menaion,7
2116,menald,6
2117,menild,6
2118,mended,6
2119,mending,7
2120,mend,4
2121,mendable,8
2122,mendacious,10
2123,mendacities,11
2124,mendacity,9
2125,mender,6
2126,mendiant,8
2127,mendicancy,10
2128,mendicant,9
2129,mendicate,9
2130,mendication,11
2131,mendicity,9
2132,mendinant,9
2133,mendment,8
2134,mendole,7
2135,mendregal,9
2136,mends,5
2137,mente,5
2138,meinte,6
2139,ment,4
2140,meint,5
2141,menge,5
2142,menhaden,8
2143,menhir,6
2144,menial,6
2145,menilite,8
2146,meningeal,9
2147,meninges,8
2148,meningitis,10
2149,meniscal,8
2150,meniscoid,9
2151,menisci,7
2152,meniscuses,10
2153,meniscus,8
2154,menispermaceous,15
2155,menispermic,11
2156,menispermine,12
2157,meniver,7
2158,mennonist,9
2159,mennonite,9
2160,menobranch,10
2161,menobranchus,12
2162,menologia,9
2163,menologies,10
2164,menologium,10
2165,menology,8
2166,menopause,9
2167,menopoma,8
2168,menopome,8
2169,menorrhagia,11
2170,menostasis,10
2171,menostation,11
2172,menow,5
2173,mensal,6
2174,mense,5
2175,menses,6
2176,menstrual,9
2177,menstruant,10
2178,menstruate,10
2179,menstruated,11
2180,menstruating,12
2181,menstruation,12
2182,menstrue,8
2183,menstruous,10
2184,menstruums,10
2185,menstrua,8
2186,menstruum,9
2187,mensurability,13
2188,mensurable,10
2189,mensurableness,14
2190,mensural,8
2191,mensurate,9
2192,mensuration,11
2193,mentagra,8
2194,mental,6
2195,mentality,9
2196,mentally,8
2197,mentha,6
2198,menthene,8
2199,menthol,7
2200,menthyl,7
2201,menticultural,13
2202,mention,7
2203,mentioned,9
2204,mentioning,10
2205,mentionable,11
2206,mentomeckelian,14
2207,mentor,6
2208,mentorial,9
2209,mentum,6
2210,menu,4
2211,menuse,6
2212,meow,4
2213,mephistophelian,15
2214,mephitic,8
2215,mephitical,10
2216,mephitis,8
2217,mephitism,9
2218,meracious,9
2219,mercable,8
2220,mercantile,10
2221,mercaptal,9
2222,mercaptan,9
2223,mercaptide,10
2224,mercat,6
2225,mercatante,10
2226,mercature,9
2227,merce,5
2228,mercenaria,10
2229,mercenarian,11
2230,mercenarily,11
2231,mercenariness,13
2232,mercenary,9
2233,mercenaries,11
2234,mercer,6
2235,mercership,10
2236,mercery,7
2237,merchand,8
2238,merchandisable,14
2239,merchandise,11
2240,merchandised,12
2241,merchandising,13
2242,merchandiser,12
2243,merchandry,10
2244,merchant,8
2245,merchantable,12
2246,merchantly,10
2247,merchantmen,11
2248,merchantman,11
2249,merchantry,10
2250,merciable,9
2251,merciful,8
2252,mercify,7
2253,merciless,9
2254,mercurammonium,14
2255,mercurial,9
2256,mercurialist,12
2257,mercurialized,13
2258,mercurializing,14
2259,mercurialize,12
2260,mercurially,11
2261,mercuric,8
2262,mercurification,15
2263,mercurified,11
2264,mercurifying,12
2265,mercurify,9
2266,mercurism,9
2267,mercurous,9
2268,mercury,7
2269,mercies,7
2270,mercy,5
2271,merd,4
2272,mere,4
2273,merely,6
2274,merenchyma,10
2275,meresman,8
2276,merestead,9
2277,merestone,9
2278,meretricious,12
2279,merganser,9
2280,merged,6
2281,merging,7
2282,merge,5
2283,merger,6
2284,mericarp,8
2285,meride,6
2286,meridian,8
2287,meridional,10
2288,meridionality,13
2289,meridionally,12
2290,merils,6
2291,meringue,8
2292,merino,6
2293,merinos,7
2294,merismatic,10
2295,meristem,8
2296,merit,5
2297,merited,7
2298,meriting,8
2299,meritable,9
2300,meritedly,9
2301,merithal,8
2302,merithallus,11
2303,meritmonger,11
2304,meritorious,11
2305,meritory,8
2306,meritot,7
2307,merk,4
2308,merke,5
2309,merkin,6
2310,merl,4
2311,merle,5
2312,merlin,6
2313,merling,7
2314,merlon,6
2315,merluce,7
2316,mermaid,7
2317,mermen,6
2318,merman,6
2319,meroblast,9
2320,meroblastic,11
2321,merocele,8
2322,meroistic,9
2323,meropidan,9
2324,meropodite,10
2325,merorganization,15
2326,meros,5
2327,merosome,8
2328,merostomata,11
2329,merou,5
2330,merovingian,11
2331,merrily,7
2332,merrimake,9
2333,merriment,9
2334,merriness,9
2335,merry,5
2336,merrymake,9
2337,merrymaker,10
2338,merrymaking,11
2339,merrymeeting,12
2340,merrythought,12
2341,mersion,7
2342,merulidan,9
2343,merus,5
2344,mervaille,9
2345,mesa,4
2346,mesaconate,10
2347,mesaconic,9
2348,mesad,5
2349,mesal,5
2350,mesalliance,11
2351,mesally,7
2352,mesam/boid,10
2353,mesaraic,8
2354,mesaticephalic,14
2355,mesaticephalous,15
2356,mescal,6
2357,meseemed,8
2358,meseems,7
2359,mesel,5
2360,meselry,7
2361,mesembryanthemum,16
2362,mesencephalic,13
2363,mesencephalon,13
2364,mesenchyma,10
2365,mesenteric,10
2366,mesenteron,10
2367,mesentery,9
2368,meseraic,8
2369,mesethmoid,10
2370,mesh,4
2371,meshed,6
2372,meshing,7
2373,meshy,5
2374,mesiad,6
2375,mesial,6
2376,mesially,8
2377,mesityl,7
2378,mesitylenate,12
2379,mesitylene,10
2380,mesitylol,9
2381,meslin,6
2382,mesmeree,8
2383,mesmeric,8
2384,mesmerical,10
2385,mesmerism,9
2386,mesmerist,9
2387,mesmerization,13
2388,mesmerized,10
2389,mesmerizing,11
2390,mesmerize,9
2391,mesmerizer,10
2392,mesne,5
2393,mesoarium,9
2394,mesoblast,9
2395,mesoblastic,11
2396,mesobranchial,13
2397,mesobronchia,12
2398,mesobronchium,13
2399,mesocaecum,10
2400,mesocarp,8
2401,mesocephalic,12
2402,mesocephalon,12
2403,mesocephalous,13
2404,mesocoele,9
2405,mesocoelia,10
2406,mesocolon,9
2407,mesocoracoid,12
2408,mesocuneiform,13
2409,mesocuniform,12
2410,mesoderm,8
2411,mesodermal,10
2412,mesodermic,10
2413,mesodont,8
2414,mesogaster,10
2415,mesogastric,11
2416,mesogastrium,12
2417,mesogl/a,8
2418,mesognathous,12
2419,mesohepar,9
2420,mesohippus,10
2421,mesolabe,8
2422,mesole,6
2423,mesolite,8
2424,mesologarithm,13
2425,mesometrium,11
2426,mesomyodian,11
2427,mesomyodous,11
2428,meson,5
2429,mesonasal,9
2430,mesonephric,11
2431,mesonephros,11
2432,mesonotum,9
2433,mesophl/um,10
2434,mesophryon,10
2435,mesophyllum,11
2436,mesoplast,9
2437,mesopodial,10
2438,mesopodialia,12
2439,mesopodiale,11
2440,mesopodium,10
2441,mesopterygium,13
2442,mesorchium,10
2443,mesorectum,10
2444,mesorhine,9
2445,mesosauria,10
2446,mesoscapula,11
2447,mesoscapular,12
2448,mesoscutum,10
2449,mesoseme,8
2450,mesosiderite,12
2451,mesosperm,9
2452,mesostate,9
2453,mesosternal,11
2454,mesosternum,11
2455,mesotartaric,12
2456,mesotheca,9
2457,mesothelium,11
2458,mesothoracic,12
2459,mesothorax,10
2460,mesotrochal,11
2461,mesotype,8
2462,mesovarium,10
2463,mesoxalate,10
2464,mesoxalic,9
2465,mesozoa,7
2466,mesozoic,8
2467,mesprise,8
2468,mesquite,8
2469,mesquit,7
2470,mess,4
2471,messed,6
2472,messing,7
2473,message,7
2474,messager,8
2475,messenger,9
2476,messet,6
2477,messiad,7
2478,messiah,7
2479,messiahship,11
2480,messianic,9
2481,messias,7
2482,messidor,8
2483,messieurs,9
2484,messinese,9
2485,messmate,8
2486,messuage,8
2487,mest,4
2488,mestee,6
2489,mester,6
2490,mestinos,8
2491,mestino,7
2492,mestizos,8
2493,mestizo,7
2494,mestling,8
2495,mesymnicum,10
2496,metabases,9
2497,metabasis,9
2498,metabola,8
2499,metabole,8
2500,metabolia,9
2501,metabolian,10
2502,metabolic,9
2503,metabolisis,11
2504,metabolism,10
2505,metabolite,10
2506,metabolize,10
2507,metabranchial,13
2508,metacarpal,10
2509,metacarpus,10
2510,metacenter,10
2511,metacetone,10
2512,metachloral,11
2513,metachronism,12
2514,metachrosis,11
2515,metacinnabarite,15
2516,metacism,8
2517,metacrolein,11
2518,metacromion,11
2519,metadiscoidal,13
2520,metagastric,11
2521,metage,6
2522,metagenesis,11
2523,metagenetic,11
2524,metagenic,9
2525,metagnathous,12
2526,metagrammatism,14
2527,metagraphic,11
2528,metagraphy,10
2529,metal,5
2530,metaled,7
2531,metalled,8
2532,metaling,8
2533,metalling,9
2534,metalammonium,13
2535,metalbumin,10
2536,metaldehyde,11
2537,metalepses,10
2538,metalepsis,10
2539,metalepsy,9
2540,metaleptic,10
2541,metaleptical,12
2542,metallic,8
2543,metallical,10
2544,metallicly,10
2545,metallifacture,14
2546,metalliferous,13
2547,metalliform,11
2548,metalline,9
2549,metallist,9
2550,metallization,13
2551,metallized,10
2552,metallizing,11
2553,metallize,9
2554,metallochrome,13
2555,metallochromy,13
2556,metallograph,12
2557,metallographic,14
2558,metallographist,15
2559,metallography,13
2560,metalloid,9
2561,metalloidal,11
2562,metallorganic,13
2563,metallotherapy,14
2564,metallurgic,11
2565,metallurgical,13
2566,metallurgist,12
2567,metallurgy,10
2568,metalmen,8
2569,metalman,8
2570,metalogical,11
2571,metalorganic,12
2572,metamer,7
2573,metamere,8
2574,metameric,9
2575,metamerically,13
2576,metamerism,10
2577,metamorphic,11
2578,metamorphism,12
2579,metamorphist,12
2580,metamorphize,12
2581,metamorphosed,13
2582,metamorphosing,14
2583,metamorphose,12
2584,metamorphoser,13
2585,metamorphosic,13
2586,metamorphoses,13
2587,metamorphosis,13
2588,metanauplius,12
2589,metanephritic,13
2590,metanephros,11
2591,metanotum,9
2592,metantimonate,13
2593,metantimonic,12
2594,metapectic,10
2595,metapectin,10
2596,metapeptone,11
2597,metaphor,8
2598,metaphoric,10
2599,metaphorical,12
2600,metaphorist,11
2601,metaphosphate,13
2602,metaphosphoric,14
2603,metaphrase,10
2604,metaphrased,11
2605,metaphrasis,11
2606,metaphrast,10
2607,metaphrastic,12
2608,metaphrastical,14
2609,metaphysic,10
2610,metaphysical,12
2611,metaphysically,14
2612,metaphysician,13
2613,metaphysics,11
2614,metaphysis,10
2615,metaplasm,9
2616,metaplast,9
2617,metapode,8
2618,metapodial,10
2619,metapodialia,12
2620,metapodiale,11
2621,metapodia,9
2622,metapodium,10
2623,metapophyses,12
2624,metapophysis,12
2625,metapterygium,13
2626,metasilicate,12
2627,metasilicic,11
2628,metasomatism,12
2629,metasome,8
2630,metastannate,12
2631,metastannic,11
2632,metastases,10
2633,metastasis,10
2634,metastatic,10
2635,metasternal,11
2636,metasternum,11
2637,metastoma,9
2638,metastome,9
2639,metatarsal,10
2640,metatarse,9
2641,metatarsi,9
2642,metatarsus,10
2643,metatheses,10
2644,metathesis,10
2645,metathetic,10
2646,metathetical,12
2647,metathoracic,12
2648,metathorax,10
2649,metatitanic,11
2650,metatungstate,13
2651,metatungstic,12
2652,metavanadate,12
2653,metavanadic,11
2654,metaxylene,10
2655,metayage,8
2656,metayer,7
2657,metazoa,7
2658,metazoans,9
2659,metazoan,8
2660,metazoic,8
2661,metazoon,8
2662,mete,4
2663,mette,5
2664,meted,5
2665,meting,6
2666,metecorn,8
2667,metely,6
2668,metempiric,10
2669,metempirical,12
2670,metempiricism,13
2671,metempirics,11
2672,metempsychosed,14
2673,metempsychosing,15
2674,metempsychose,13
2675,metempsychosis,14
2676,metemptosis,11
2677,metencephalon,13
2678,metensomatosis,14
2679,meteor,6
2680,meteoric,8
2681,meteorical,10
2682,meteorism,9
2683,meteorite,9
2684,meteorize,9
2685,meteorograph,12
2686,meteorographic,14
2687,meteorography,13
2688,meteoroid,9
2689,meteoroidal,11
2690,meteorolite,11
2691,meteoroligic,12
2692,meteorological,14
2693,meteorologist,13
2694,meteorology,11
2695,meteoromancy,12
2696,meteorometer,12
2697,meteoroscope,12
2698,meteorous,9
2699,meter,5
2700,metre,5
2701,meterage,8
2702,metergram,9
2703,metewand,8
2704,meteyard,8
2705,meth,4
2706,methaemoglobin,14
2707,methal,6
2708,methane,7
2709,metheglin,9
2710,methene,7
2711,methenyl,8
2712,methide,7
2713,methought,9
2714,methinks,8
2715,methionate,10
2716,methionic,9
2717,method,6
2718,methodic,8
2719,methodical,10
2720,methodios,9
2721,methodism,9
2722,methodist,9
2723,methodistic,11
2724,methodistical,13
2725,methodization,13
2726,methodized,10
2727,methodizing,11
2728,methodize,9
2729,methodizer,10
2730,methodological,14
2731,methodology,11
2732,methol,6
2733,methoxyl,8
2734,methyl,6
2735,methylal,8
2736,methylamine,11
2737,methylate,9
2738,methylated,10
2739,methylene,9
2740,methylic,8
2741,methysticin,11
2742,metic,5
2743,meticulous,10
2744,metif,5
2745,metive,6
2746,metis,5
2747,metisse,7
2748,metoche,7
2749,metonic,7
2750,metonymic,9
2751,metonymical,11
2752,metonymy,8
2753,metope,6
2754,metopic,7
2755,metopomancy,11
2756,metoposcopic,12
2757,metoposcopical,14
2758,metoposcopist,13
2759,metoposcopy,11
2760,metosteon,9
2761,metric,6
2762,metrical,8
2763,metrically,10
2764,metrician,9
2765,metrification,13
2766,metrify,7
2767,metrist,7
2768,metritis,8
2769,metrochrome,11
2770,metrograph,10
2771,metrological,12
2772,metrology,9
2773,metromania,10
2774,metromaniac,11
2775,metrometer,10
2776,metronome,9
2777,metronomy,9
2778,metronymic,10
2779,metropole,9
2780,metropolis,10
2781,metropolitan,12
2782,metropolitanate,15
2783,metropolite,11
2784,metropolitical,14
2785,metrorrhagia,12
2786,metroscope,10
2787,metrosideros,12
2788,metrotome,9
2789,metrotomy,9
2790,mettle,6
2791,mettled,7
2792,mettlesome,10
2793,meute,5
2794,meve,4
2795,mew,3
2796,mewed,5
2797,mewing,6
2798,mewled,6
2799,mewling,7
2800,mewl,4
2801,mewler,6
2802,mews,4
2803,mexal,5
2804,mexical,7
2805,mexican,7
2806,mexicanize,10
2807,neyne,5
2808,mezcal,6
2809,mezereon,8
2810,mezquita,8
2811,mezuzoth,8
2812,mezzanine,9
2813,mezzo,5
2814,mezzotint,9
2815,mezzotinter,11
2816,mezzotinto,10
2817,mezzotintoed,12
2818,mezzotintoing,13
2819,mhorr,5
2820,mi,2
2821,miamis,6
2822,miargyrite,10
2823,mias,4
2824,miascite,8
2825,miasm,5
2826,miasmata,8
2827,miasma,6
2828,miasmal,7
2829,miasmatic,9
2830,miasmatical,11
2831,miasmatist,10
2832,miasmology,10
2833,miauled,7
2834,miauling,8
2835,miaul,5
2836,mica,4
2837,micaceous,9
2838,mice,4
2839,micellae,8
2840,micella,7
2841,mich,4
2842,miche,5
2843,michaelmas,10
2844,micher,6
2845,michery,7
2846,miching,7
2847,mickle,6
2848,micmacs,7
2849,mico,4
2850,micracoustic,12
2851,micraster,9
2852,micrencephalous,15
2853,microampere,11
2854,microbacteria,13
2855,microbe,7
2856,microbion,9
2857,microbian,9
2858,microbic,8
2859,microbicide,11
2860,microcephalic,13
2861,microcephalous,14
2862,microchronometer,16
2863,microcline,10
2864,micrococcal,11
2865,micrococci,10
2866,micrococcus,11
2867,microcosm,9
2868,microcosmic,11
2869,microcosmical,13
2870,microcosmography,16
2871,microcoulomb,12
2872,microcoustic,12
2873,microcrith,10
2874,microcrystalline,16
2875,microcyte,9
2876,microdont,9
2877,microfarad,10
2878,microform,9
2879,micrograph,10
2880,micrographic,12
2881,micrography,11
2882,microhm,7
2883,microlepidoptera,16
2884,microlestes,11
2885,microlite,9
2886,microlith,9
2887,microlithic,11
2888,micrologic,10
2889,micrological,12
2890,micrology,9
2891,micromere,9
2892,micrometer,10
2893,micrometric,11
2894,micrometrical,13
2895,micrometry,10
2896,micromillimeter,15
2897,micron,6
2898,micronesian,11
2899,micronesians,12
2900,micronometer,12
2901,microorganism,13
2902,micropantograph,15
2903,micropegmatite,14
2904,microphone,10
2905,microphonics,12
2906,microphonous,12
2907,microphotograph,15
2908,microphotography,16
2909,microphthalmia,14
2910,microphthalmy,13
2911,microphyllous,13
2912,microphytal,11
2913,microphyte,10
2914,micropyle,9
2915,microscopal,11
2916,microscope,10
2917,microscopial,12
2918,microscopic,11
2919,microscopical,13
2920,microscopically,15
2921,microscopist,12
2922,microscopy,10
2923,microseme,9
2924,microspectroscope,17
2925,microsporangium,15
2926,microspore,10
2927,microsporic,11
2928,microsthene,11
2929,microsthenic,12
2930,microtasimeter,14
2931,microtome,9
2932,microtomist,11
2933,microtomy,9
2934,microvolt,9
2935,microweber,10
2936,microzoa,8
2937,microzoospore,13
2938,microzyme,9
2939,micturition,11
2940,mid,3
2941,mida,4
2942,midas,5
2943,midbrain,8
2944,midday,6
2945,midden,6
2946,middest,7
2947,midding,7
2948,middle,6
2949,middlemen,9
2950,middleman,9
2951,middlemost,10
2952,middler,7
2953,middling,8
2954,middlings,9
2955,middies,7
2956,middy,5
2957,midfeather,10
2958,midgard,7
2959,midge,5
2960,midget,6
2961,midgut,6
2962,midheaven,9
2963,midland,7
2964,midmain,7
2965,midmost,7
2966,midnight,8
2967,midrashim,9
2968,midrashoth,10
2969,midrash,7
2970,midrib,6
2971,midriff,7
2972,midship,7
2973,midshipmen,10
2974,midshipman,10
2975,midships,8
2976,midst,5
2977,midsummer,9
2978,midward,7
2979,midway,6
2980,midweek,7
2981,midwives,8
2982,midwife,7
2983,midwifery,9
2984,midwinter,9
2985,midwive,7
2986,mien,4
2987,miff,4
2988,mightful,8
2989,mightily,8
2990,mightiness,10
2991,mightless,9
2992,mighty,6
2993,mighties,8
2994,migniard,8
2995,migniardise,11
2996,mignon,6
2997,mignonette,10
2998,migraine,8
2999,migrant,7
3000,migrated,8
3001,migrating,9
3002,migrate,7
3003,migration,9
3004,migratory,9
3005,mikado,6
3006,mikmaks,7
3007,milage,6
3008,milanese,8
3009,milch,5
3010,mild,4
3011,milden,6
3012,mildew,6
3013,mildewed,8
3014,mildewing,9
3015,mildly,6
3016,mildness,8
3017,mile,4
3018,mileage,7
3019,milepost,8
3020,milesian,8
3021,milestone,9
3022,milfoil,7
3023,miliaria,8
3024,miliary,7
3025,milice,6
3026,miliola,7
3027,miliolite,9
3028,miliolitic,10
3029,militancy,9
3030,militant,8
3031,militar,7
3032,militarily,10
3033,militarism,10
3034,militarist,10
3035,military,8
3036,militated,9
3037,militating,10
3038,militate,8
3039,militia,7
3040,militiamen,10
3041,militiaman,10
3042,militiate,9
3043,milk,4
3044,milked,6
3045,milking,7
3046,milken,6
3047,milker,6
3048,milkful,7
3049,milkily,7
3050,milkiness,9
3051,milkmaid,8
3052,milkmen,7
3053,milkman,7
3054,milksop,7
3055,milkweed,8
3056,milkwort,8
3057,milky,5
3058,mill,4
3059,milled,6
3060,milling,7
3061,millboard,9
3062,milldam,7
3063,millenarian,11
3064,millenarianism,14
3065,millenarism,11
3066,millenary,9
3067,millennial,10
3068,millennialist,13
3069,millennialism,13
3070,millenniarism,13
3071,millennist,10
3072,millennium,10
3073,milleped,8
3074,millepora,9
3075,millepore,9
3076,milleporite,11
3077,miller,6
3078,millerite,9
3079,millesimal,10
3080,millet,6
3081,milliampere,11
3082,milliard,8
3083,milliary,8
3084,milliaries,10
3085,millier,7
3086,millifold,9
3087,milligram,9
3088,milligramme,11
3089,milliliter,10
3090,millilitre,10
3091,millimeter,10
3092,millimetre,10
3093,milliner,8
3094,millinery,9
3095,millinet,8
3096,million,7
3097,millionaire,11
3098,millionairess,13
3099,millionary,10
3100,millioned,9
3101,millionnaire,12
3102,millionth,9
3103,milliped,8
3104,millistere,10
3105,milliweber,10
3106,millrea,7
3107,millree,7
3108,millreis,8
3109,millrind,8
3110,millrynd,8
3111,millstone,9
3112,millwork,8
3113,millwright,10
3114,milreis,7
3115,milt,4
3116,milter,6
3117,miltonian,9
3118,miltonic,8
3119,miltwaste,9
3120,milvine,7
3121,milvus,6
3122,mime,4
3123,mimeograph,10
3124,mimesis,7
3125,mimetene,8
3126,mimetic,7
3127,mimetical,9
3128,mimetism,8
3129,mimetite,8
3130,mimic,5
3131,mimical,7
3132,mimicked,8
3133,mimicking,9
3134,mimically,9
3135,mimicker,8
3136,mimicry,7
3137,mimographer,11
3138,mimosa,6
3139,mimotannic,10
3140,minae,5
3141,minas,5
3142,mina,4
3143,minable,7
3144,minacious,9
3145,minacity,8
3146,minaret,7
3147,minargent,9
3148,minatorially,12
3149,minatorily,10
3150,minatory,8
3151,minaul,6
3152,minced,6
3153,minging,7
3154,mince,5
3155,mincer,6
3156,mincing,7
3157,mincingly,9
3158,mind,4
3159,minded,6
3160,minding,7
3161,minder,6
3162,mindful,7
3163,mindless,8
3164,mine,4
3165,mined,5
3166,mining,6
3167,miner,5
3168,mineral,7
3169,mineralist,10
3170,mineralization,14
3171,mineralized,11
3172,mineralizing,12
3173,mineralize,10
3174,mineralizer,11
3175,mineralogical,13
3176,mineralogically,15
3177,mineralogist,12
3178,mineralogize,12
3179,mineralogies,12
3180,mineralogy,10
3181,minerva,7
3182,minette,7
3183,minever,7
3184,minge,5
3185,mingled,7
3186,mingling,8
3187,mingle,6
3188,mingleable,10
3189,mingledly,9
3190,minglement,10
3191,mingler,7
3192,minglingly,10
3193,minaceous,9
3194,miniard,7
3195,miniardize,10
3196,miniated,8
3197,miniating,9
3198,miniate,7
3199,miniature,9
3200,miniaturist,11
3201,minibus,7
3202,minified,8
3203,minifying,9
3204,minify,6
3205,minikin,7
3206,minim,5
3207,miniment,8
3208,minimization,12
3209,minimized,9
3210,minimizimg,10
3211,minimize,8
3212,minima,6
3213,minimum,7
3214,minimi,6
3215,minimus,7
3216,minion,6
3217,minionette,10
3218,minioning,9
3219,minionize,9
3220,minionlike,10
3221,minionly,8
3222,minionship,10
3223,minious,7
3224,minish,6
3225,minishment,10
3226,minister,8
3227,ministered,10
3228,ministering,11
3229,ministerial,11
3230,ministerialist,14
3231,ministerially,13
3232,ministery,9
3233,ministracy,10
3234,ministral,9
3235,ministrant,10
3236,ministration,12
3237,ministrative,12
3238,ministress,10
3239,ministry,8
3240,ministryship,12
3241,minium,6
3242,miniver,7
3243,minivet,7
3244,mink,4
3245,minnesinger,11
3246,minnow,6
3247,minny,5
3248,minor,5
3249,minorate,8
3250,minoration,10
3251,minoress,8
3252,minorite,8
3253,minorities,10
3254,minority,8
3255,minos,5
3256,minotaur,8
3257,minow,5
3258,minster,7
3259,minstrel,8
3260,minstrelsy,10
3261,mint,4
3262,minted,6
3263,minting,7
3264,mintage,7
3265,minter,6
3266,mintmen,7
3267,mintman,7
3268,minuend,7
3269,minuet,6
3270,minum,5
3271,minus,5
3272,minuscule,9
3273,minutary,8
3274,minute,6
3275,minutely,8
3276,minutemen,9
3277,minuteman,9
3278,minuteness,10
3279,minutiae,8
3280,minutia,7
3281,minx,4
3282,miny,4
3283,miocene,7
3284,miohippus,9
3285,miquelet,8
3286,mir,3
3287,mira,4
3288,mirabilaries,12
3289,mirabilary,10
3290,mirabilis,9
3291,mirabilite,10
3292,mirable,7
3293,miracle,7
3294,miraculize,10
3295,miraculous,10
3296,mirador,7
3297,mirage,6
3298,mirbane,7
3299,mire,4
3300,mired,5
3301,miring,6
3302,mirific,7
3303,mirifical,9
3304,mirificent,10
3305,miriness,8
3306,mirk,4
3307,mirksome,8
3308,mirky,5
3309,mirror,6
3310,mirrored,8
3311,mirroring,9
3312,mirth,5
3313,mirthful,8
3314,mirthless,9
3315,miry,4
3316,mirza,5
3317,mis,3
3318,misacceptation,14
3319,misaccompt,10
3320,misadjust,9
3321,misadjustment,13
3322,misadventure,12
3323,misadventured,13
3324,misadventurous,14
3325,misadvertence,13
3326,misadvice,9
3327,misadvise,9
3328,misadvised,10
3329,misaffect,9
3330,misaffected,11
3331,misaffection,12
3332,misaffirm,9
3333,misaimed,8
3334,misallegation,13
3335,misallege,9
3336,misalliance,11
3337,misallied,9
3338,misallotment,12
3339,misalter,8
3340,misanthrope,11
3341,misanthropic,12
3342,misanthropical,14
3343,misanthropist,13
3344,misanthropos,12
3345,misanthropy,11
3346,misapplication,14
3347,misapplied,10
3348,misapplying,11
3349,misapply,8
3350,misappreciated,14
3351,misapprehend,12
3352,misapprehension,15
3353,misapprehensively,17
3354,misappropriate,14
3355,misappropriation,16
3356,misarranged,11
3357,misarranging,12
3358,misarrange,10
3359,misarrangement,14
3360,misarcribe,10
3361,misassay,8
3362,misassign,9
3363,misattend,9
3364,misaventure,11
3365,misavize,8
3366,misbear,7
3367,misbecome,9
3368,misbecoming,11
3369,misbode,7
3370,misboden,8
3371,misbede,7
3372,misbefitting,12
3373,misbegot,8
3374,misbegotten,11
3375,misbehaved,10
3376,misbehaving,11
3377,misbehave,9
3378,misbehavior,11
3379,misbelief,9
3380,misbelieve,10
3381,misbeliever,11
3382,misbeseem,9
3383,misbestow,9
3384,misbestowal,11
3385,misbileve,9
3386,misborn,7
3387,miscalculate,12
3388,miscall,7
3389,miscarriage,11
3390,miscarriageable,15
3391,miscarried,10
3392,miscarrying,11
3393,miscarry,8
3394,miscast,7
3395,miscegenation,13
3396,miscellanarian,14
3397,miscellane,10
3398,miscellanea,11
3399,miscellaneous,13
3400,miscellanist,12
3401,miscellanies,12
3402,miscellany,10
3403,miscensure,10
3404,mischance,9
3405,mischanceful,12
3406,mischaracterize,15
3407,mischarge,9
3408,mischief,8
3409,mischiefable,12
3410,mischiefful,11
3411,mischievous,11
3412,mischna,7
3413,mischnic,8
3414,mischose,8
3415,mischosen,9
3416,mischoosing,11
3417,mischoose,9
3418,mischristen,11
3419,miscibility,11
3420,miscible,8
3421,miscitation,11
3422,miscite,7
3423,misclaim,8
3424,miscognizant,12
3425,miscognize,10
3426,miscollocation,14
3427,miscolor,8
3428,miscomfort,10
3429,miscomprehend,13
3430,miscomputation,14
3431,miscompute,10
3432,misconceit,10
3433,misconceived,12
3434,misconceiving,13
3435,misconceive,11
3436,misconceiver,12
3437,misconception,13
3438,misconclusion,13
3439,misconduct,10
3440,misconfident,12
3441,misconjecture,13
3442,misconsecrate,13
3443,misconsecration,15
3444,misconsequence,14
3445,misconstruable,14
3446,misconstruct,12
3447,misconstruction,15
3448,misconstrued,12
3449,misconstruing,13
3450,misconstrue,11
3451,misconstruer,12
3452,miscontent,10
3453,miscontinuance,14
3454,miscopy,7
3455,miscorrect,10
3456,miscounsel,10
3457,miscount,8
3458,miscovet,8
3459,miscreance,10
3460,miscreancy,10
3461,miscreant,9
3462,miscreate,9
3463,miscreated,10
3464,miscreative,11
3465,miscredent,10
3466,miscredulity,12
3467,miscue,6
3468,misdated,8
3469,misdating,9
3470,misdate,7
3471,misdealt,8
3472,misdealing,10
3473,misdeal,7
3474,misdeed,7
3475,misdeem,7
3476,misdemean,9
3477,misdemeanant,12
3478,misdemeanor,11
3479,misdempt,8
3480,misdepart,9
3481,misderive,9
3482,misdescribe,11
3483,misdesert,9
3484,misdevotion,11
3485,misdiet,7
3486,misdight,8
3487,misdirect,9
3488,misdirection,12
3489,misdisposition,14
3490,misdistinguish,14
3491,misdivide,9
3492,misdivision,11
3493,misdid,6
3494,misdone,7
3495,misdoing,8
3496,misdo,5
3497,misdoer,7
3498,misdoubt,8
3499,misdoubtful,11
3500,misdread,8
3501,mise,4
3502,misease,7
3503,miseased,8
3504,miseasy,7
3505,misedition,10
3506,miseducate,10
3507,misemploy,9
3508,misemployment,13
3509,misenter,8
3510,misentreat,10
3511,misentry,8
3512,miser,5
3513,miserable,9
3514,miserableness,13
3515,miserably,9
3516,miseration,10
3517,miserere,8
3518,misericorde,11
3519,misericordia,12
3520,miserly,7
3521,miseries,8
3522,misery,6
3523,misesteem,9
3524,misestimate,11
3525,misexplanation,14
3526,misexplication,14
3527,misexposition,13
3528,misexpound,10
3529,misexpression,13
3530,misfaith,8
3531,misfell,7
3532,misfallen,9
3533,misfalling,10
3534,misfall,7
3535,misfare,7
3536,misfashion,10
3537,misfeasance,11
3538,misfeature,10
3539,misfeeling,10
3540,misfeign,8
3541,misfit,6
3542,misformed,9
3543,misforming,10
3544,misform,7
3545,misformation,12
3546,misfortunate,12
3547,misfortune,10
3548,misfortuned,11
3549,misframe,8
3550,misget,6
3551,misgie,6
3552,misgave,7
3553,misgiven,8
3554,misgiving,9
3555,misgive,7
3556,migo,4
3557,misgotten,9
3558,misgovern,9
3559,misgovernance,13
3560,misgoverned,11
3561,misgovernment,13
3562,misgracious,11
3563,misgraff,8
3564,misgraft,8
3565,misground,9
3566,misgrowth,9
3567,misguess,8
3568,misguidance,11
3569,misguide,8
3570,misguiding,10
3571,misgye,6
3572,mishandle,9
3573,mishap,6
3574,mishappen,9
3575,mishappy,8
3576,mishcup,7
3577,mishear,7
3578,mishmash,8
3579,mishna,6
3580,mishnic,7
3581,misimagination,14
3582,misimprove,10
3583,misimprovement,14
3584,misincline,10
3585,misinfer,8
3586,misinform,9
3587,misinformant,12
3588,misinformation,14
3589,misinformer,11
3590,misinstruct,11
3591,misinstruction,14
3592,misintelligence,15
3593,misintend,9
3594,misinterpret,12
3595,misinterpretable,16
3596,misinterpretation,17
3597,misinterpreter,14
3598,misjoin,7
3599,misjoinder,10
3600,misjudge,8
3601,misjudgment,11
3602,miskeep,7
3603,misken,6
3604,miskin,6
3605,miskindle,9
3606,misknow,7
3607,mislactation,12
3608,mislaid,7
3609,mislaying,9
3610,mislay,6
3611,mislayer,8
3612,misled,6
3613,misling,7
3614,misle,5
3615,misleading,10
3616,mislead,7
3617,misleader,9
3618,mislearn,8
3619,milen,5
3620,misletoe,8
3621,mislight,8
3622,misliked,8
3623,misliking,9
3624,mislike,7
3625,misliker,8
3626,mislin,6
3627,mislive,7
3628,mislodge,8
3629,misluck,7
3630,misly,5
3631,mistake,7
3632,mismanage,9
3633,mismanagement,13
3634,mismanager,10
3635,mismark,7
3636,mismatch,8
3637,mismate,7
3638,mismeasure,10
3639,mismeasurement,14
3640,mismeter,8
3641,misname,7
3642,misnomer,8
3643,misnumber,9
3644,misnurture,10
3645,misobedience,12
3646,misobserve,10
3647,misobserver,11
3648,misogamist,10
3649,misogamy,8
3650,misogynist,10
3651,misogynous,10
3652,misogyny,8
3653,misology,8
3654,misopinion,10
3655,misorder,8
3656,misorderly,10
3657,misordination,13
3658,misotheism,10
3659,mispaint,8
3660,mispassion,10
3661,mispay,6
3662,mispell,7
3663,mispend,7
3664,mispense,8
3665,misperception,13
3666,mispersuade,11
3667,mispersuasion,13
3668,mispickel,9
3669,misplaced,9
3670,misplacing,10
3671,misplace,8
3672,misplacement,12
3673,misplead,8
3674,mispleading,11
3675,mispoint,8
3676,mispolicy,9
3677,mispractice,11
3678,mispraise,9
3679,misprint,8
3680,misprise,8
3681,misprision,10
3682,misprize,8
3683,misproceeding,13
3684,misprofess,10
3685,mispronounced,13
3686,mispronouncing,14
3687,mispronounce,12
3688,mispronunciation,16
3689,misproportion,13
3690,misproud,8
3691,mispunctuate,12
3692,misquotation,12
3693,misquote,8
3694,misraise,8
3695,misrate,7
3696,misread,7
3697,misreading,10
3698,misreceive,10
3699,misrecital,10
3700,misrecite,9
3701,misreckon,9
3702,misreckoning,12
3703,misrecollect,12
3704,misrecollection,15
3705,misreform,9
3706,misregard,9
3707,misregulate,11
3708,misrehearse,11
3709,misrelate,9
3710,misrelation,11
3711,misreligion,11
3712,misremember,11
3713,misrender,9
3714,misrepeat,9
3715,misreport,9
3716,misrepresent,12
3717,misrepresentation,17
3718,misrepresentative,17
3719,misrepresenter,14
3720,misrepute,9
3721,misrule,7
3722,misruly,7
3723,misses,6
3724,miss,4
3725,missed,6
3726,missing,7
3727,missae,6
3728,missa,5
3729,missal,6
3730,missay,6
3731,misseek,7
3732,misseem,7
3733,missel,6
3734,misseldine,10
3735,misseltoe,9
3736,missemblance,12
3737,missend,7
3738,misserve,8
3739,misset,6
3740,misshape,8
3741,misshapen,9
3742,missheathed,11
3743,missificate,11
3744,missile,7
3745,missingly,9
3746,mission,7
3747,missionaries,12
3748,missionary,10
3749,missioner,9
3750,missis,6
3751,missish,7
3752,missit,6
3753,missive,7
3754,missound,8
3755,misspeak,8
3756,misspeech,9
3757,misspelled,10
3758,misspelt,8
3759,misspelling,11
3760,misspell,8
3761,misspent,8
3762,misspending,11
3763,misspend,8
3764,misspender,10
3765,misspense,9
3766,misstate,8
3767,misstatement,12
3768,misstayed,9
3769,misstep,7
3770,missuccess,10
3771,missuggestion,13
3772,missummation,12
3773,misswear,8
3774,missy,5
3775,mist,4
3776,misted,6
3777,misting,7
3778,mistakable,10
3779,mistook,7
3780,mistaken,8
3781,mistaking,9
3782,mistakenly,10
3783,mistakenness,12
3784,mistaker,8
3785,mistakingly,11
3786,mistaught,9
3787,misteaching,11
3788,misteach,8
3789,mistold,7
3790,mistelling,10
3791,mistell,7
3792,mistemper,9
3793,mister,6
3794,misterm,7
3795,mistery,7
3796,mistful,7
3797,misthink,8
3798,misthought,10
3799,misthrive,9
3800,misthrow,8
3801,mistic,6
3802,mistico,7
3803,mistide,7
3804,mistigris,9
3805,mistigri,8
3806,mistihead,9
3807,mistily,7
3808,mistime,7
3809,mistiness,9
3810,mistion,7
3811,mistitle,8
3812,mistle,6
3813,mistletoe,9
3814,mistonusk,9
3815,mistradition,12
3816,mistrain,8
3817,mistral,7
3818,mistranslate,12
3819,mistranslation,14
3820,mistransport,12
3821,mistreading,11
3822,mistreat,8
3823,mistreatment,12
3824,mistress,8
3825,mistressship,12
3826,mistrial,8
3827,mistrist,8
3828,mistrow,7
3829,mistrust,8
3830,mistruster,10
3831,mistrustful,11
3832,mistrustingly,13
3833,mistrustless,12
3834,mistune,7
3835,mistura,7
3836,misturn,7
3837,mistutor,8
3838,misty,5
3839,misunderstood,13
3840,misunderstanding,16
3841,misunderstand,13
3842,misunderstander,15
3843,misurato,8
3844,misusage,8
3845,misuse,6
3846,misusement,10
3847,misuser,7
3848,misvalue,8
3849,misvouch,8
3850,miswander,9
3851,misway,6
3852,miswear,7
3853,miswed,6
3854,misween,7
3855,miswend,7
3856,misword,7
3857,misworship,10
3858,misworshiper,12
3859,miswrite,8
3860,miswrought,10
3861,misy,4
3862,misyoke,7
3863,miszealous,10
3864,mite,4
3865,miter,5
3866,mitre,5
3867,mitered,7
3868,mitred,6
3869,mitering,8
3870,mitring,7
3871,miterwort,9
3872,mithic,6
3873,mithras,7
3874,mithridate,10
3875,mithridatic,11
3876,mitigable,9
3877,mitigant,8
3878,mitigated,9
3879,mitigating,10
3880,mitigate,8
3881,mitigation,10
3882,mitigative,10
3883,mitigator,9
3884,mitigatory,10
3885,miting,6
3886,mitome,6
3887,mitosis,7
3888,mitraille,9
3889,mitrailleur,11
3890,mitrailleuse,12
3891,mitral,6
3892,mitriform,9
3893,mitt,4
3894,mitten,6
3895,mittened,8
3896,mittent,7
3897,mittimus,8
3898,mitty,5
3899,mitu,4
3900,mity,4
3901,mixed,5
3902,mixt,4
3903,mixing,6
3904,mix,3
3905,mixable,7
3906,mixedly,7
3907,mixen,5
3908,mixer,5
3909,mixogamous,10
3910,mixtilineal,11
3911,mixtilinear,11
3912,mixtion,7
3913,mixtly,6
3914,mixture,7
3915,mizmaze,7
3916,mizzen,6
3917,mizzenmast,10
3918,mizzled,7
3919,mizzling,8
3920,mizzle,6
3921,mizzy,5
3922,mnemonic,8
3923,mnemonical,10
3924,mnemonician,11
3925,mnemonics,9
3926,mnemosyne,9
3927,mnemotechny,11
3928,mo,2
3929,moa,3
3930,moabite,7
3931,moabitess,9
3932,moabitish,9
3933,moaned,6
3934,moaning,7
3935,moan,4
3936,moanful,7
3937,moat,4
3938,moate,5
3939,mob,3
3940,mobbed,6
3941,mobbing,7
3942,mobbish,7
3943,mobcap,6
3944,mobile,6
3945,mobility,8
3946,mobilization,12
3947,mobilized,9
3948,mobilizing,10
3949,mobilize,8
3950,moble,5
3951,mobles,6
3952,mobocracy,9
3953,mobocrat,8
3954,mobocratic,10
3955,moccasin,8
3956,moccasined,10
3957,mocha,5
3958,moche,5
3959,mochel,6
3960,mochila,7
3961,mocked,6
3962,mocking,7
3963,mock,4
3964,mockable,8
3965,mockado,7
3966,mockadour,9
3967,mockage,7
3968,mockbird,8
3969,mocker,6
3970,mockeries,9
3971,mockery,7
3972,mockingly,9
3973,mockingstock,12
3974,mockish,7
3975,mockle,6
3976,moco,4
3977,modal,5
3978,modalist,8
3979,modality,8
3980,modally,7
3981,mode,4
3982,model,5
3983,modeled,7
3984,modelled,8
3985,modeling,8
3986,modelling,9
3987,modeler,7
3988,modelize,8
3989,modena,6
3990,modenese,8
3991,moder,5
3992,moderable,9
3993,moderance,9
3994,moderate,8
3995,moderated,9
3996,moderating,10
3997,moderately,10
3998,moderateness,12
3999,moderation,10
4000,moderatism,10
4001,moderato,8
4002,moderator,9
4003,moderatorship,13
4004,moderatress,11
4005,moderatrix,10
4006,modern,6
4007,modernism,9
4008,modernist,9
4009,modernity,9
4010,modernization,13
4011,modernized,10
4012,modernizing,11
4013,modernize,9
4014,modernizer,10
4015,modernly,8
4016,modernness,10
4017,modest,6
4018,modestly,8
4019,modesty,7
4020,modicity,8
4021,modicum,7
4022,modifiability,13
4023,modifiable,10
4024,modificable,11
4025,modificate,10
4026,modification,12
4027,modificative,12
4028,modificatory,12
4029,modifier,8
4030,modified,8
4031,modifying,9
4032,modify,6
4033,modillion,9
4034,modiolar,8
4035,modioli,7
4036,modiolus,8
4037,modish,6
4038,modist,6
4039,modiste,7
4040,modii,5
4041,modius,6
4042,modocs,6
4043,modular,7
4044,modulated,9
4045,modulating,10
4046,modulate,8
4047,modulation,10
4048,modulator,9
4049,module,6
4050,moduli,6
4051,modulus,7
4052,modi,4
4053,modus,5
4054,mody,4
4055,moe,3
4056,moebles,7
4057,moelline,8
4058,moellon,7
4059,moesogothic,11
4060,moeve,5
4061,moff,4
4062,moggan,6
4063,mogul,5
4064,moha,4
4065,mohair,6
4066,mohammedan,10
4067,mohammedanism,13
4068,mohammedism,11
4069,mohammedanize,13
4070,mohammedize,11
4071,mohawk,6
4072,mohicans,8
4073,moho,4
4074,mohock,6
4075,moholi,6
4076,mohr,4
4077,mohur,5
4078,mohurrum,8
4079,muharram,8
4080,moider,6
4081,moidore,7
4082,moieties,8
4083,moiety,6
4084,moiled,6
4085,moiling,7
4086,moil,4
4087,moile,5
4088,moineau,7
4089,moira,5
4090,moire,5
4091,moist,5
4092,moistened,9
4093,moistening,10
4094,moisten,7
4095,moistener,9
4096,moistful,8
4097,moistless,9
4098,moistness,9
4099,moisture,8
4100,moistureless,12
4101,moisty,6
4102,moither,7
4103,mokadour,8
4104,moke,4
4105,moky,4
4106,mola,4
4107,molar,5
4108,molary,6
4109,molasse,7
4110,molasses,8
4111,mold,4
4112,mould,5
4113,molded,6
4114,moulded,7
4115,molding,7
4116,moulding,8
4117,moldable,8
4118,mouldable,9
4119,moldboard,9
4120,mouldboard,10
4121,molder,6
4122,moulder,7
4123,moldered,8
4124,mouldered,9
4125,moldering,9
4126,mouldering,10
4127,moldery,7
4128,mouldery,8
4129,moldiness,9
4130,mouldiness,10
4131,moldwarp,8
4132,mouldwarp,9
4133,moldy,5
4134,mouldy,6
4135,mole,4
4136,moled,5
4137,moling,6
4138,molebut,7
4139,molecast,8
4140,molech,6
4141,molecular,9
4142,molecularity,12
4143,molecularly,11
4144,molecule,8
4145,molehill,8
4146,molendinaceous,14
4147,molendinarious,14
4148,moleskin,8
4149,molested,8
4150,molesting,9
4151,molest,6
4152,molestation,11
4153,molester,8
4154,molestful,9
4155,molestie,8
4156,molesty,7
4157,molewarp,8
4158,moliminous,10
4159,moline,6
4160,molinism,8
4161,molinist,8
4162,moll,4
4163,mollah,6
4164,molle,5
4165,mollebart,9
4166,mollemoke,9
4167,mollient,8
4168,molliently,10
4169,mollifiable,11
4170,mollification,13
4171,mollifier,9
4172,mollified,9
4173,mollifying,10
4174,mollify,7
4175,mollinet,8
4176,mollipilose,11
4177,mollities,9
4178,mollitude,9
4179,mollusc,7
4180,mollusca,8
4181,molluscan,9
4182,molluscoid,10
4183,molluscoidal,12
4184,molluscoidea,12
4185,molluscous,10
4186,molluscum,9
4187,mollusk,7
4188,molly,5
4189,moloch,6
4190,molosse,7
4191,molosses,8
4192,molossine,9
4193,molossus,8
4194,molt,4
4195,molted,6
4196,moulted,7
4197,molting,7
4198,moulting,8
4199,moult,5
4200,moltable,8
4201,molto,5
4202,moly,4
4203,molybdate,9
4204,molybdena,9
4205,molybdenite,11
4206,molybdenous,11
4207,molybdenum,10
4208,molybdic,8
4209,molybdite,9
4210,molybdous,9
4211,mome,4
4212,moment,6
4213,momental,8
4214,momentally,10
4215,momentaneous,12
4216,momentany,9
4217,momentarily,11
4218,momentariness,13
4219,momentary,9
4220,momently,8
4221,momentous,9
4222,momenta,7
4223,momentums,9
4224,momentum,8
4225,momier,6
4226,mommery,7
4227,momot,5
4228,momus,5
4229,mona,4
4230,monachal,8
4231,monachism,9
4232,monacid,7
4233,monad,5
4234,monadaria,9
4235,monadelphia,11
4236,monadelphian,12
4237,monadelphous,12
4238,monadic,7
4239,monadical,9
4240,monadiform,10
4241,monadology,10
4242,monal,5
4243,monamide,8
4244,monamine,8
4245,monander,8
4246,monandria,9
4247,monandrian,10
4248,monandric,9
4249,monandrous,10
4250,monandry,8
4251,monanthous,10
4252,monarch,7
4253,monarchal,9
4254,monarchess,10
4255,monarchial,10
4256,monarchian,10
4257,monarchic,9
4258,monarchical,11
4259,monarchism,10
4260,monarchist,10
4261,monarchized,11
4262,monarchizing,12
4263,monarchize,10
4264,monarchizer,11
4265,monarcho,8
4266,monarchies,10
4267,monarchy,8
4268,monas,5
4269,monasterial,11
4270,monasteries,11
4271,monastery,9
4272,monastic,8
4273,monastical,10
4274,monastically,12
4275,monasticism,11
4276,monasticon,10
4277,monatomic,9
4278,monaxial,8
4279,monazite,8
4280,monday,6
4281,monde,5
4282,mone,4
4283,monecian,8
4284,monecious,9
4285,monembryony,11
4286,moner,5
4287,monera,6
4288,moneral,7
4289,moneran,7
4290,monerons,8
4291,moneron,7
4292,monerula,8
4293,monesia,7
4294,monesin,7
4295,monest,6
4296,monetary,8
4297,moneth,6
4298,monetization,12
4299,monetize,8
4300,moneys,6
4301,money,5
4302,moneyage,8
4303,moneyed,7
4304,moneyer,7
4305,moneyless,9
4306,moneywort,9
4307,mongcorn,8
4308,monger,6
4309,mongol,6
4310,mongolian,9
4311,mongolic,8
4312,mongoloid,9
4313,mongols,7
4314,mongolians,10
4315,mongoose,8
4316,mongoos,7
4317,mongrel,7
4318,mongrelize,10
4319,monied,6
4320,monifier,8
4321,moniliform,10
4322,moniment,8
4323,monish,6
4324,monisher,8
4325,monishment,10
4326,monism,6
4327,monist,6
4328,monistic,8
4329,monition,8
4330,monitive,8
4331,monitor,7
4332,monitorial,10
4333,monitorially,12
4334,monitorship,11
4335,monitory,8
4336,monitress,9
4337,monitrix,8
4338,monk,4
4339,monkeries,9
4340,monkery,7
4341,monkeys,7
4342,monkey,6
4343,monkeytail,10
4344,monkfish,8
4345,monkflower,10
4346,monkhood,8
4347,monking,7
4348,monkish,7
4349,monkly,6
4350,monkshood,9
4351,mono,4
4352,monobasic,9
4353,monocarbonic,12
4354,monocardian,11
4355,monocarp,8
4356,monocarpellary,14
4357,monocarpic,10
4358,monocarpous,11
4359,monocephalous,13
4360,monoceros,9
4361,monochlamydeous,15
4362,monochord,9
4363,monochromatic,13
4364,monochrome,10
4365,monochromic,11
4366,monochromy,10
4367,monochronic,11
4368,monociliated,12
4369,monocle,7
4370,monoclinal,10
4371,monocline,9
4372,monoclinic,10
4373,monoclinous,11
4374,monocondyla,11
4375,monocotyl,9
4376,monocotyle,10
4377,monocotyledon,13
4378,monocotyledonous,16
4379,monocracy,9
4380,monocrat,8
4381,monocrotic,10
4382,monocrotism,11
4383,monocular,9
4384,monocule,8
4385,monoculous,10
4386,monocystic,10
4387,monodactylous,13
4388,monodelph,9
4389,monodelphian,12
4390,monodelphia,11
4391,monodelphic,11
4392,monodelphous,12
4393,monodic,7
4394,monodical,9
4395,monodimetric,12
4396,monodist,8
4397,monodrama,9
4398,monodrame,9
4399,monodramatic,12
4400,monodies,8
4401,monody,6
4402,monodynamic,11
4403,monodynamism,12
4404,monoecia,8
4405,monoecian,9
4406,monoecious,10
4407,monoecism,9
4408,monogam,7
4409,monogamia,9
4410,monogamian,10
4411,monogamic,9
4412,monogamist,10
4413,monogamous,10
4414,monogamy,8
4415,monogastric,11
4416,monogenesis,11
4417,monogenetic,11
4418,monogenic,9
4419,monogenism,10
4420,monogenist,10
4421,monogenistic,12
4422,monogenous,10
4423,monogeny,8
4424,monogoneutic,12
4425,monogram,8
4426,monogrammal,11
4427,monogrammatic,13
4428,monogrammic,11
4429,monogrammous,12
4430,monograph,9
4431,monographer,11
4432,monographic,11
4433,monographical,13
4434,monographist,12
4435,monographous,12
4436,monography,10
4437,monogyn,7
4438,monogynia,9
4439,monogynian,10
4440,monogynous,10
4441,monogyny,8
4442,monohemerous,12
4443,monoicous,9
4444,monolatry,9
4445,monolith,8
4446,monolithal,10
4447,monolithic,10
4448,monologist,10
4449,monologue,9
4450,monology,8
4451,monomachia,10
4452,monomachy,9
4453,monomachist,11
4454,monomane,8
4455,monomania,9
4456,monomaniac,10
4457,monomaniacal,12
4458,monome,6
4459,monomerous,10
4460,monometallic,12
4461,monometallism,13
4462,monometallist,13
4463,monometer,9
4464,monometric,10
4465,monomial,8
4466,monomorphic,11
4467,monomorphous,12
4468,monomphalus,11
4469,monomya,7
4470,monomyaria,10
4471,monomyarian,11
4472,monomyary,9
4473,mononomial,10
4474,monoousian,10
4475,monoousious,11
4476,monopathy,9
4477,monopersonal,12
4478,monopetalous,12
4479,monophanous,11
4480,monophonic,10
4481,monophthong,11
4482,monophthongal,13
4483,monophyletic,12
4484,monophyllous,12
4485,monophyodont,12
4486,monophysite,11
4487,monophysitical,14
4488,monoplast,9
4489,monoplastic,11
4490,monoplegia,10
4491,monopneumona,12
4492,monopode,8
4493,monopodial,10
4494,monopodia,9
4495,monopodium,10
4496,monopody,8
4497,monopoler,9
4498,monopolist,10
4499,monopolistic,12
4500,monopolite,10
4501,monopolized,11
4502,monopolizing,12
4503,monopolize,10
4504,monopolizer,11
4505,monopolies,10
4506,monopoly,8
4507,monopolylogue,13
4508,monopsychism,12
4509,monopteral,10
4510,monoptera,9
4511,monopteron,10
4512,monoptote,9
4513,monopyrenous,12
4514,monorganic,10
4515,monorhina,9
4516,monorhyme,9
4517,monosepalous,12
4518,monosperm,9
4519,monospermal,11
4520,monospermous,12
4521,monospherical,13
4522,monostich,9
4523,monostichous,12
4524,monostrophe,11
4525,monostrophic,12
4526,monosulphide,12
4527,monosulphuret,13
4528,monosyllabic,12
4529,monosyllabism,13
4530,monosyllable,12
4531,monosyllabled,13
4532,monosymmetric,13
4533,monosymmetrical,15
4534,monotessaron,12
4535,monothalama,11
4536,monothalaman,12
4537,monothalamous,13
4538,monothalmic,11
4539,monothecal,10
4540,monotheism,10
4541,monotheist,10
4542,monotheistic,12
4543,monothelism,11
4544,monothelitism,13
4545,monothelite,11
4546,monothelitic,12
4547,monotocous,10
4548,monotomous,10
4549,monotone,8
4550,monotonic,9
4551,monotonical,11
4552,monotonist,10
4553,monotonous,10
4554,monotony,8
4555,monotremata,11
4556,monotrematous,13
4557,monotreme,9
4558,monotriglyph,12
4559,monotropa,9
4560,monotype,8
4561,monotypic,9
4562,monovalent,10
4563,monoxide,8
4564,monoxylon,9
4565,monoxylous,10
4566,monozoa,7
4567,messeigneurs,12
4568,monseigneur,11
4569,monsieur,8
4570,mm.,3
4571,messrs.,7
4572,monsignors,10
4573,monsignore,10
4574,monsoon,7
4575,monster,7
4576,monstrance,10
4577,monstration,11
4578,monstrosities,13
4579,monstrosity,11
4580,monstrous,9
4581,monstrously,11
4582,monstrousness,13
4583,monstruosity,12
4584,monstruous,10
4585,mont,4
4586,montaigne,9
4587,montanic,8
4588,montanist,9
4589,montant,7
4590,monte,5
4591,monteith,8
4592,montem,6
4593,montero,7
4594,monteth,7
4595,montgolfier,11
4596,month,5
4597,monthling,9
4598,monthly,7
4599,monthlies,9
4600,monticle,8
4601,monticulate,11
4602,monticule,9
4603,monticulous,11
4604,montiform,9
4605,montigenous,11
4606,montoir,7
4607,monton,6
4608,montross,8
4609,montrue,7
4610,monument,8
4611,monumental,10
4612,monumentally,12
4613,monureid,8
4614,moo,3
4615,mooed,5
4616,mooing,6
4617,mood,4
4618,mooder,6
4619,moodily,7
4620,moodiness,9
4621,moodir,6
4622,moodish,7
4623,moodishly,9
4624,moody,5
4625,moolah,6
4626,moollah,7
4627,moolley,7
4628,moon,4
4629,mooned,6
4630,mooning,7
4631,moonbeam,8
4632,moonblind,9
4633,moonblink,9
4634,mooncalf,8
4635,mooner,6
4636,moonery,7
4637,moonet,6
4638,moonfish,8
4639,moonflower,10
4640,moong,5
4641,moonglade,9
4642,moonie,6
4643,moonish,7
4644,moonless,8
4645,moonlight,9
4646,moonling,8
4647,moonlit,7
4648,moonraker,9
4649,moonrise,8
4650,moonsail,8
4651,moonseed,8
4652,moonset,7
4653,moonshee,8
4654,moonshine,9
4655,moonshiner,10
4656,moonshiny,9
4657,moonstone,9
4658,moonsticken,11
4659,moonstruck,10
4660,moonwort,8
4661,moony,5
4662,moor,4
4663,moored,6
4664,mooring,7
4665,moorage,7
4666,moorball,8
4667,moorband,8
4668,mooress,7
4669,moorish,7
4670,moorland,8
4671,moorpan,7
4672,moorstone,9
4673,mooruk,6
4674,moory,5
4675,moose,5
4676,moosewood,9
4677,moot,4
4678,mooted,6
4679,mooting,7
4680,mootable,8
4681,mooter,6
4682,mootmen,7
4683,mootman,7
4684,mop,3
4685,mopped,6
4686,mopping,7
4687,mopboard,8
4688,moped,5
4689,moping,6
4690,mope,4
4691,mopeful,7
4692,mopish,6
4693,moplah,6
4694,moppet,6
4695,mopsey,6
4696,mopsy,5
4697,mopsical,8
4698,mopstick,8
4699,mopus,5
4700,moquette,8
4701,mora,4
4702,moraine,7
4703,morainic,8
4704,moral,5
4705,morale,6
4706,moraler,7
4707,moralism,8
4708,moralist,8
4709,moralities,10
4710,morality,8
4711,moralization,12
4712,moralized,9
4713,moralizing,10
4714,moralize,8
4715,moralizer,9
4716,morally,7
4717,morass,6
4718,morassy,7
4719,morate,6
4720,moration,8
4721,moravian,8
4722,moravianism,11
4723,moray,5
4724,morbid,6
4725,morbidezza,10
4726,morbidity,9
4727,morbidly,8
4728,morbidness,10
4729,morbific,8
4730,morbifical,10
4731,morbillous,10
4732,morbose,7
4733,morbosity,9
4734,morceau,7
4735,mordacious,10
4736,mordacity,9
4737,mordant,7
4738,mordanted,9
4739,mordanting,10
4740,mordantly,9
4741,mordente,8
4742,mordicancy,10
4743,mordicant,9
4744,mordication,11
4745,mordicative,11
4746,more,4
4747,moreen,6
4748,morel,5
4749,moreland,8
4750,morelle,7
4751,morello,7
4752,morendo,7
4753,moreness,8
4754,moreover,8
4755,morepork,8
4756,moresk,6
4757,moresque,8
4758,morganatic,10
4759,morgay,6
4760,morglay,7
4761,morgue,6
4762,moria,5
4763,morian,6
4764,moribund,8
4765,moric,5
4766,morice,6
4767,morigerate,10
4768,morigeration,12
4769,morigerous,10
4770,moril,5
4771,morin,5
4772,morinda,7
4773,morindin,8
4774,morinel,7
4775,moringa,7
4776,moringic,8
4777,morintannic,11
4778,morion,6
4779,morioplasty,11
4780,morisco,7
4781,morisk,6
4782,morkin,6
4783,morland,7
4784,morling,7
4785,mormal,6
4786,mormo,5
4787,mormon,6
4788,mormondom,9
4789,mormonism,9
4790,mormonite,9
4791,morn,4
4792,morne,5
4793,morning,7
4794,morningtide,11
4795,mornward,8
4796,moro,4
4797,moroccan,8
4798,morocco,7
4799,morology,8
4800,morone,6
4801,morosaurus,10
4802,morose,6
4803,morosely,8
4804,moroseness,10
4805,morosis,7
4806,morosity,8
4807,moroshop,8
4808,morosous,8
4809,moroxite,8
4810,moroxylate,10
4811,moroxylic,9
4812,morphean,8
4813,morpheus,8
4814,morphew,7
4815,morphia,7
4816,morphine,8
4817,morphinism,10
4818,morpho,6
4819,morphogeny,10
4820,morphologic,11
4821,morphological,13
4822,morphologist,12
4823,morphology,10
4824,morphon,7
4825,morphonomy,10
4826,morphophyly,11
4827,morphosis,9
4828,morphotic,9
4829,morpion,7
4830,morrice,7
4831,morricer,8
4832,morrimal,8
4833,morris,6
4834,morrot,6
4835,morrow,6
4836,morse,5
4837,morsel,6
4838,morsitation,11
4839,morsure,7
4840,mort,4
4841,mortal,6
4842,mortality,9
4843,mortalized,10
4844,mortalizing,11
4845,mortalize,9
4846,mortally,8
4847,mortalness,10
4848,mortar,6
4849,mortgage,8
4850,mortgaged,9
4851,mortgaging,10
4852,mortgagee,9
4853,mortgageor,10
4854,mortgagor,9
4855,mortgager,9
4856,mortiferous,11
4857,mortification,13
4858,mortified,9
4859,mortifiedness,13
4860,mortifier,9
4861,mortifying,10
4862,mortify,7
4863,mortifyingly,12
4864,mortise,7
4865,mortised,8
4866,mortising,9
4867,mortling,8
4868,mortmain,8
4869,mortmal,7
4870,mortpay,7
4871,mortress,8
4872,mortrew,7
4873,mortuaries,10
4874,mortuary,8
4875,morulae,7
4876,morula,6
4877,morulation,10
4878,morus,5
4879,morwe,5
4880,morwening,9
4881,mosaic,6
4882,mosaical,8
4883,mosaically,10
4884,mosaism,7
4885,mosasaur,8
4886,mosasaurian,11
4887,mosasauria,10
4888,mosasaurus,10
4889,moschatel,9
4890,moschine,8
4891,mosel,5
4892,moselle,7
4893,moses,5
4894,mosk,4
4895,moslems,7
4896,moslem,6
4897,moslings,8
4898,mososaurus,10
4899,mosque,6
4900,mosquitoes,10
4901,mosquito,8
4902,moss,4
4903,mossed,6
4904,mossing,7
4905,mossback,8
4906,mossbanker,10
4907,mossbunker,10
4908,mossiness,9
4909,mosstrooper,11
4910,mossy,5
4911,most,4
4912,mostahiba,9
4913,moste,5
4914,mostic,6
4915,mostick,7
4916,mostly,6
4917,mostra,6
4918,mostwhat,8
4919,mot,3
4920,mote,4
4921,moote,5
4922,motacil,7
4923,motation,8
4924,moted,5
4925,motet,5
4926,moth,4
4927,moths,5
4928,mothen,6
4929,mother,6
4930,mothered,8
4931,mothering,9
4932,motherhood,10
4933,motherland,10
4934,motherless,10
4935,motherliness,12
4936,motherly,8
4937,motherwort,10
4938,mothery,7
4939,mothy,5
4940,motif,5
4941,motific,7
4942,motile,6
4943,motility,8
4944,motion,6
4945,motioned,8
4946,motioning,9
4947,motioner,8
4948,motionist,9
4949,motionless,10
4950,motive,6
4951,motiveless,10
4952,motivity,8
4953,motivo,6
4954,motley,6
4955,motmot,6
4956,moto,4
4957,moton,5
4958,motor,5
4959,motory,6
4960,motorial,8
4961,motorman,8
4962,motorpathic,11
4963,motorpathy,10
4964,motte,5
4965,mottled,7
4966,mottling,8
4967,mottle,6
4968,mottoes,7
4969,motto,5
4970,mottoed,7
4971,motty,5
4972,mouchoir,8
4973,mouazzin,8
4974,mouflon,7
4975,mought,6
4976,mouillation,11
4977,mouille,7
4978,moule,5
4979,mouline,7
4980,moulinet,8
4981,moulten,7
4982,moun,4
4983,mounch,6
4984,mound,5
4985,mounded,7
4986,mounding,8
4987,mount,5
4988,mounted,7
4989,mounting,8
4990,mountable,9
4991,mountain,8
4992,mountaineer,11
4993,mountainer,10
4994,mountainet,10
4995,mountainous,11
4996,mountainousness,15
4997,mountance,9
4998,mountant,8
4999,mountebank,10
5000,mountebankery,13
5001,mountebankish,13
5002,mountebankism,13
5003,mountenaunce,12
5004,mounter,7
5005,mountingly,10
5006,mountlet,8
5007,mounty,6
5008,mourned,7
5009,mourning,8
5010,mourn,5
5011,mourne,6
5012,mourner,7
5013,mournful,8
5014,mourningly,10
5015,mournival,9
5016,mouse,5
5017,moused,6
5018,mousing,7
5019,mousefish,9
5020,mousehole,9
5021,mousekin,8
5022,mouser,6
5023,mousetail,9
5024,mousie,6
5025,mousle,6
5026,mousseline,10
5027,moustache,9
5028,mousy,5
5029,moutan,6
5030,mouths,6
5031,mouth,5
5032,mouthed,7
5033,mouthing,8
5034,mouther,7
5035,mouthfuls,9
5036,mouthful,8
5037,mouthless,9
5038,mouthpiece,10
5039,movability,10
5040,movable,7
5041,movables,8
5042,movableness,11
5043,movably,7
5044,moved,5
5045,moving,6
5046,move,4
5047,moveless,8
5048,movement,8
5049,movent,6
5050,mover,5
5051,movingly,8
5052,movingness,10
5053,mow,3
5054,mowe,4
5055,mowen,5
5056,mowed,5
5057,mown,4
5058,mowing,6
5059,mowburn,7
5060,mower,5
5061,mowyer,6
5062,moxa,4
5063,moxie,5
5064,moya,4
5065,moyle,5
5066,mozarab,7
5067,mozarabic,9
5068,mozetta,7
5069,mozzetta,8
5070,mr.,3
5071,mrs.,4
5072,mucamide,8
5073,mucate,6
5074,muce,4
5075,mucedin,7
5076,much,4
5077,muchel,6
5078,muchness,8
5079,muchwhat,8
5080,mucic,5
5081,mucid,5
5082,mucific,7
5083,muciform,8
5084,mucigen,7
5085,mucigenous,10
5086,mucilage,8
5087,mucilaginous,12
5088,mucin,5
5089,mucinogen,9
5090,muciparous,10
5091,mucivore,8
5092,muck,4
5093,muckender,9
5094,mucker,6
5095,muckerer,8
5096,muckiness,9
5097,muckle,6
5098,muckmidden,10
5099,mucksy,6
5100,muckworm,8
5101,mucky,5
5102,mucocele,8
5103,mucoid,6
5104,muconate,8
5105,muconic,7
5106,mucopurulent,12
5107,mucor,5
5108,mucosity,8
5109,mucous,6
5110,mucousness,10
5111,mucro,5
5112,mucronate,9
5113,mucronated,10
5114,mucronulate,11
5115,muculent,8
5116,mucus,5
5117,mucusin,7
5118,mud,3
5119,mudar,5
5120,mudarin,7
5121,muddily,7
5122,muddiness,9
5123,muddled,7
5124,muddling,8
5125,muddle,6
5126,muddlehead,10
5127,muddler,7
5128,muddy,5
5129,muddied,7
5130,muddying,8
5131,mudfish,7
5132,mudhole,7
5133,mudir,5
5134,mudsill,7
5135,mudsucker,9
5136,mudwall,7
5137,mudwort,7
5138,mue,3
5139,muezzin,7
5140,muff,4
5141,muffed,6
5142,muffing,7
5143,muffetee,8
5144,muffin,6
5145,muffineer,9
5146,muffish,7
5147,muffle,6
5148,muffled,7
5149,muffling,8
5150,muffler,7
5151,muflon,6
5152,muftis,6
5153,mufti,5
5154,mug,3
5155,muggard,7
5156,mugget,6
5157,mugginess,9
5158,muggish,7
5159,muggletonian,12
5160,muggy,5
5161,mughouse,8
5162,mugiency,8
5163,mugient,7
5164,mugil,5
5165,mugiloid,8
5166,mugweed,7
5167,mugwort,7
5168,mugwump,7
5169,mugwumpery,10
5170,mugwumpism,10
5171,muhammadan,10
5172,muhammedan,10
5173,muhammadanism,13
5174,mulada,6
5175,mulattoes,9
5176,mulatto,7
5177,mulattress,10
5178,mulberries,10
5179,mulberry,8
5180,mulch,5
5181,mulched,7
5182,mulching,8
5183,mulct,5
5184,mulcted,7
5185,mulcting,8
5186,mulctary,8
5187,mulctuary,9
5188,mule,4
5189,muleteer,8
5190,mulewort,8
5191,muley,5
5192,muliebrity,10
5193,mulier,6
5194,mulierly,8
5195,mulierose,9
5196,mulierosity,11
5197,mulierty,8
5198,mulish,6
5199,mull,4
5200,mulled,6
5201,mulling,7
5202,mulla,5
5203,mullagatawny,12
5204,mullah,6
5205,mullar,6
5206,mullein,7
5207,mullen,6
5208,muller,6
5209,mullerian,9
5210,mullet,6
5211,mulley,6
5212,mulligatawny,12
5213,mulligrubs,10
5214,mullingong,10
5215,mullion,7
5216,mullock,7
5217,mulliod,7
5218,mulmul,6
5219,mulse,5
5220,multangular,11
5221,multanimous,11
5222,multarticulate,14
5223,multeity,8
5224,multiaxial,10
5225,multicapsular,13
5226,multicarinate,13
5227,multicavous,11
5228,multicellular,13
5229,multicentral,12
5230,multicipital,12
5231,multicolor,10
5232,multicostate,12
5233,multicuspid,11
5234,multicuspidate,14
5235,multidentate,12
5236,multidigitate,13
5237,multifaced,10
5238,multifarious,12
5239,multifariously,14
5240,multifariousness,16
5241,multiferous,11
5242,multifid,8
5243,multiflorous,12
5244,multiflue,9
5245,multifoil,9
5246,multifold,9
5247,multiform,9
5248,multiformity,12
5249,multiformous,12
5250,multigenerous,13
5251,multigranulate,14
5252,multijugate,11
5253,multijugous,11
5254,multilateral,12
5255,multilineal,11
5256,multilobar,10
5257,multilocular,12
5258,multiloquence,13
5259,multiloquent,12
5260,multiloquous,12
5261,multiloquy,10
5262,multinodate,11
5263,multinodous,11
5264,multinomial,11
5265,multinominal,12
5266,multinominous,13
5267,multinuclear,12
5268,multinucleate,13
5269,multinucleated,14
5270,multiparous,11
5271,multipartite,12
5272,multiped,8
5273,multiple,8
5274,multiplex,9
5275,multipliable,12
5276,multiplicable,13
5277,multiplicand,12
5278,multiplicate,12
5279,multiplication,14
5280,multiplicative,14
5281,multiplicatively,16
5282,multiplicator,13
5283,multiplicious,13
5284,multiplicity,12
5285,multiplier,10
5286,multiplied,10
5287,multiplying,11
5288,multiply,8
5289,multipolar,10
5290,multipotent,11
5291,multipresence,13
5292,multipresent,12
5293,multiradiate,12
5294,multiramified,13
5295,multiramose,11
5296,multiscious,11
5297,multisect,9
5298,multiseptate,12
5299,multiserial,11
5300,multisiliquous,14
5301,multisonous,11
5302,multispiral,11
5303,multistriate,12
5304,multisulcate,12
5305,multisyllable,13
5306,multititular,12
5307,multitubular,12
5308,multitude,9
5309,multitudinary,13
5310,multitudinous,13
5311,multivagant,11
5312,multivagous,11
5313,multivalence,12
5314,multivalent,11
5315,multivalve,10
5316,multivalvular,13
5317,multiversant,12
5318,multivious,10
5319,multivocal,10
5320,multocular,10
5321,multum,6
5322,multungulate,12
5323,multure,7
5324,mum,3
5325,mumbled,7
5326,mumbling,8
5327,mumble,6
5328,mumblenews,10
5329,mumbler,7
5330,mummed,6
5331,mumming,7
5332,mumm,4
5333,mummer,6
5334,mummeries,9
5335,mummery,7
5336,mummichog,9
5337,mummification,13
5338,mummified,9
5339,mummiform,9
5340,mummifying,10
5341,mummify,7
5342,mummies,7
5343,mummy,5
5344,mummied,7
5345,mummying,8
5346,mummychog,9
5347,mump,4
5348,mumped,6
5349,mumping,7
5350,mumper,6
5351,mumpish,7
5352,mumps,5
5353,mun,3
5354,munched,7
5355,munching,8
5356,munch,5
5357,munchausenism,13
5358,muncher,7
5359,mund,4
5360,mundane,7
5361,mundanity,9
5362,mundation,9
5363,mundatory,9
5364,mundic,6
5365,mundificant,11
5366,mundification,13
5367,mundificative,13
5368,mundify,7
5369,mundil,6
5370,mundivagant,11
5371,mundungus,9
5372,munnerary,9
5373,munnerate,9
5374,muneration,10
5375,mung,4
5376,munga,5
5377,mungcorn,8
5378,mungo,5
5379,mungoose,8
5380,mungoos,7
5381,mungrel,7
5382,municipal,9
5383,municipalism,12
5384,municipalities,14
5385,municipality,12
5386,municipally,11
5387,munific,7
5388,munificate,10
5389,munificence,11
5390,munificent,10
5391,munify,6
5392,muniment,8
5393,munite,6
5394,munition,8
5395,munity,6
5396,munjeet,7
5397,munjistin,9
5398,munnion,7
5399,muntin,6
5400,munting,7
5401,muntjac,7
5402,muraena,7
5403,muraenoid,9
5404,murenoid,8
5405,murage,6
5406,mural,5
5407,murder,6
5408,murdered,8
5409,murdering,9
5410,murderer,8
5411,murderess,9
5412,murderment,10
5413,murderous,9
5414,murdress,8
5415,mure,4
5416,mured,5
5417,murenger,8
5418,murices,7
5419,murex,5
5420,murexan,7
5421,murexide,8
5422,murexoin,8
5423,muriate,7
5424,muriated,8
5425,muriatic,8
5426,muriatiferous,13
5427,muricate,8
5428,muricated,9
5429,muricoid,8
5430,muriculate,10
5431,muride,6
5432,muriform,8
5433,murine,6
5434,muringer,8
5435,murk,4
5436,murkily,7
5437,murkiness,9
5438,murky,5
5439,murlins,7
5440,murmur,6
5441,murmured,8
5442,murmuring,9
5443,murmuration,11
5444,murmurer,8
5445,murmurous,9
5446,murnival,8
5447,murphy,6
5448,murr,4
5449,murrain,7
5450,murrayin,8
5451,murre,5
5452,murrelet,8
5453,murrey,6
5454,murrhine,8
5455,murrion,7
5456,murry,5
5457,murth,5
5458,murther,7
5459,murtherer,9
5460,murza,5
5461,mures,5
5462,mus,3
5463,musae,5
5464,musa,4
5465,musaceous,9
5466,musal,5
5467,musang,6
5468,musar,5
5469,musard,6
5470,muscae,6
5471,musca,5
5472,muscadel,8
5473,muscadine,9
5474,muscales,8
5475,muscallonge,11
5476,muscardin,9
5477,muscardine,10
5478,muscariform,11
5479,muscarin,8
5480,muscat,6
5481,muscatel,8
5482,muschelkalk,11
5483,musci,5
5484,muscicapine,11
5485,muscid,6
5486,musciform,9
5487,muscle,6
5488,muscled,7
5489,muscling,8
5490,muscogees,9
5491,muscoid,7
5492,muscology,9
5493,muscosity,9
5494,muscovado,9
5495,muscovite,9
5496,muscular,8
5497,muscularity,11
5498,muscularize,11
5499,muscularly,10
5500,musculation,11
5501,musculature,11
5502,muscule,7
5503,musculin,8
5504,musculocutaneous,16
5505,musculophrenic,14
5506,musculosity,11
5507,musculospiral,13
5508,musculous,9
5509,muse,4
5510,mused,5
5511,musing,6
5512,museful,7
5513,museless,8
5514,muser,5
5515,muset,5
5516,musette,7
5517,museum,6
5518,mush,4
5519,mushroom,8
5520,mushy,5
5521,music,5
5522,musical,7
5523,musicale,8
5524,musically,9
5525,musicalness,11
5526,musician,8
5527,musicomania,11
5528,musimon,7
5529,musingly,8
5530,musit,5
5531,musk,4
5532,muskadel,8
5533,muskat,6
5534,muskellunge,11
5535,musket,6
5536,musketeer,9
5537,musketo,7
5538,musketoon,9
5539,musketry,8
5540,muskiness,9
5541,muskmelon,9
5542,muskogees,9
5543,muskrat,7
5544,muskwood,8
5545,musky,5
5546,muslim,6
5547,muslin,6
5548,muslinet,8
5549,musmon,6
5550,musomania,9
5551,musquash,8
5552,musquaw,7
5553,musquet,7
5554,musquito,8
5555,musrole,7
5556,musrol,6
5557,muss,4
5558,mussed,6
5559,mussing,7
5560,mussel,6
5561,mussitation,11
5562,mussite,7
5563,mussulmans,10
5564,mussulman,9
5565,mussulmanic,11
5566,mussulmanish,12
5567,mussulmanism,12
5568,mussulmanly,11
5569,mussy,5
5570,must,4
5571,mustac,6
5572,mustaches,9
5573,mustache,8
5574,mustachios,10
5575,mustacho,8
5576,mustachoed,10
5577,mustaiba,8
5578,mustang,7
5579,mustard,7
5580,mustee,6
5581,musteline,9
5582,muster,6
5583,mustered,8
5584,mustering,9
5585,mustily,7
5586,mustiness,9
5587,musty,5
5588,mutability,10
5589,mutable,7
5590,mutableness,11
5591,mutably,7
5592,mutacism,8
5593,mutage,6
5594,mutanda,7
5595,mutandum,8
5596,mutation,8
5597,mutch,5
5598,muchkin,7
5599,mute,4
5600,mutely,6
5601,muteness,8
5602,mutic,5
5603,muticous,8
5604,mutilate,8
5605,mutilated,9
5606,mutilating,10
5607,mutilation,10
5608,mutilator,9
5609,mutilous,8
5610,mutine,6
5611,mutineer,8
5612,muting,6
5613,mutinous,8
5614,mutinies,8
5615,mutiny,6
5616,mutinied,8
5617,mutinying,9
5618,mutism,6
5619,muttered,8
5620,muttering,9
5621,mutter,6
5622,mutterer,8
5623,mutteringly,11
5624,mutton,6
5625,muttony,7
5626,mutual,6
5627,mutualism,9
5628,mutuality,9
5629,mutually,8
5630,mutuary,7
5631,mutuation,9
5632,mutule,6
5633,mux,3
5634,muxy,4
5635,muzarab,7
5636,muzarabic,9
5637,muzziness,9
5638,muzzle,6
5639,muzzled,7
5640,muzzling,8
5641,muzzy,5
5642,my,2
5643,mya,3
5644,myalgia,7
5645,myaria,6
5646,mycelium,8
5647,myceloid,8
5648,mycetes,7
5649,mycetoid,8
5650,mycoderma,9
5651,mycologic,9
5652,mycological,11
5653,mycologist,10
5654,mycology,8
5655,mycomelic,9
5656,mycoprotein,11
5657,mycose,6
5658,mycothrix,9
5659,mydaleine,9
5660,mydatoxin,9
5661,mydaus,6
5662,mydriasis,9
5663,mydriatic,9
5664,myelencephala,13
5665,myelencephalic,14
5666,myelencephalon,14
5667,myelencephalous,15
5668,myelin,6
5669,myelitis,8
5670,myelocoele,10
5671,myelogenic,10
5672,myeloid,7
5673,myeloidin,9
5674,myelon,6
5675,myelonal,8
5676,myeloneura,10
5677,myeloplaxes,11
5678,myeloplaces,11
5679,myeloplax,9
5680,mygale,6
5681,mylodon,7
5682,mylohyoid,9
5683,myna,4
5684,mynchen,7
5685,mynchery,8
5686,mynheer,7
5687,myocarditis,11
5688,myocardium,10
5689,myochrome,9
5690,myocommata,10
5691,myocommas,9
5692,myocomma,8
5693,myodynamics,11
5694,myodynamiometer,15
5695,myodynamometer,14
5696,myoepithelial,13
5697,myogalid,8
5698,myogram,7
5699,myograph,8
5700,myographic,10
5701,myographical,12
5702,myography,9
5703,myohaematin,11
5704,myoid,5
5705,myolemma,8
5706,myolin,6
5707,myologic,8
5708,myological,10
5709,myologist,9
5710,myology,7
5711,myoma,5
5712,myomancy,8
5713,myomorph,8
5714,myomorpha,9
5715,myopathia,9
5716,myopathic,9
5717,myopathy,8
5718,myope,5
5719,myophan,7
5720,myopia,6
5721,myopic,6
5722,myips,5
5723,myopsis,7
5724,myopy,5
5725,myosin,6
5726,myosis,6
5727,myositic,8
5728,myositis,8
5729,myosotis,8
5730,myotic,6
5731,myotome,7
5732,myotomic,8
5733,myotomy,7
5734,myrcia,6
5735,myriacanthous,13
5736,myriad,6
5737,myriagram,9
5738,myriagramme,11
5739,myrialiter,10
5740,myrialitre,10
5741,myriameter,10
5742,myriametre,10
5743,myriapod,8
5744,myriapoda,9
5745,myriarch,8
5746,myriare,7
5747,myrica,6
5748,myricin,7
5749,myricyl,7
5750,myriological,12
5751,myriologist,11
5752,myriologue,10
5753,myriophyllous,13
5754,myriopoda,9
5755,myriorama,9
5756,myrioscope,10
5757,myristate,9
5758,myristic,8
5759,myristin,8
5760,myristone,9
5761,myrmicine,9
5762,myrmidon,8
5763,myrmidonian,11
5764,myrmotherine,12
5765,myrobalan,9
5766,myrobolan,9
5767,myronic,7
5768,myropolist,10
5769,myrosin,7
5770,myroxylon,9
5771,myrrh,5
5772,myrrhic,7
5773,myrrhine,8
5774,myrtaceous,10
5775,myrtiform,9
5776,myrtle,6
5777,ourselves,9
5778,myself,6
5779,myselven,8
5780,mysis,5
5781,mystacal,8
5782,mystagogic,10
5783,mystagogical,12
5784,mystagogue,10
5785,mystagogy,9
5786,mysterial,9
5787,mysteriarch,11
5788,mysterious,10
5789,mysteriously,12
5790,mysteriousness,14
5791,mysterized,10
5792,mysterizing,11
5793,mysterize,9
5794,mysteries,9
5795,mystery,7
5796,mystic,6
5797,mystical,8
5798,mysticete,9
5799,mysticism,9
5800,mystification,13
5801,mystificator,12
5802,mystified,9
5803,mystifying,10
5804,mystify,7
5805,mytacism,8
5806,myth,4
5807,mythe,5
5808,mythic,6
5809,mythical,8
5810,mythographer,12
5811,mythologer,10
5812,mythologian,11
5813,mythologic,10
5814,mythological,12
5815,mythologist,11
5816,mythologize,11
5817,mythologizer,12
5818,mythologue,10
5819,mythologies,11
5820,mythology,9
5821,mythoplasm,10
5822,mythopoeic,10
5823,mythopoetic,11
5824,mytiloid,8
5825,mytilotoxine,12
5826,mytilus,7
5827,myxa,4
5828,myxine,6
5829,myxinoid,8
5830,myxocystodea,12
5831,myxomata,8
5832,myxoma,6
5833,myxopod,7
5834,myzontes,8
5835,myzostomata,11
