,N
0,na
1,nab
2,nabbed
3,nabbing
4,nabit
5,nabk
6,nabob
7,nacarat
8,nacker
9,nacre
10,nacreous
11,nad
12,nadde
13,nadder
14,nadir
15,naenia
16,naeve
17,naevoid
18,naevose
19,naevi
20,navus
21,nag
22,nagged
23,nagging
24,naggy
25,nagor
26,nagyagite
27,naiad
28,naiant
29,naid
30,naif
31,naik
32,nail
33,nailed
34,nailing
35,nailbrush
36,nailer
37,naileress
38,naileries
39,nailery
40,nailless
41,nainsook
42,nais
43,naissant
44,naive
45,naively
46,naivete
47,naivety
48,nake
49,naked
50,nakedly
51,nakedness
52,naker
53,nakoo
54,nale
55,nall
56,nam
57,namable
58,namation
59,namaycush
60,name
61,named
62,naming
63,nameless
64,namelessly
65,namely
66,namer
67,namesake
68,namo
69,nan
70,nandine
71,nandou
72,nandu
73,nankeen
74,nanny
75,nannyberry
76,nanpie
77,naos
78,napped
79,napping
80,nap
81,nape
82,naperies
83,napery
84,naphew
85,naphtha
86,naphthalate
87,naphthalene
88,naphthalenic
89,naphthalic
90,naphthalidine
91,naphthalin
92,naphthaline
93,naphthalize
94,naphthazarin
95,naphthene
96,naphthide
97,naphthoic
98,naphthol
99,naphthoquinone
100,naphthyl
101,naphthylamine
102,napierian
103,naperian
104,napiform
105,napkin
106,napless
107,napoleon
108,napoleonic
109,napoleonist
110,nappe
111,nappiness
112,nappy
113,nappies
114,napu
115,napus
116,narceine
117,narcissine
118,narcissuses
119,narcissus
120,narcosis
121,narcotic
122,narcotical
123,narcotine
124,narcotinic
125,narcotism
126,narcotized
127,narcotizing
128,narcotize
129,nard
130,nardine
131,nardoo
132,nare
133,nares
134,nargile
135,nargileh
136,narica
137,nariform
138,narine
139,narrable
140,narragansetts
141,narrated
142,narrating
143,narrate
144,narration
145,narrative
146,narratively
147,narrator
148,narratory
149,narre
150,narrow
151,narrows
152,narrowed
153,narrowing
154,narrower
155,narrowly
156,narrowness
157,nart
158,narthex
159,narwal
160,narwe
161,narwhal
162,nas
163,nasal
164,nasality
165,nasalization
166,nasalized
167,nasalizing
168,nasalize
169,nasally
170,nascal
171,nascency
172,nascent
173,naseberry
174,nash
175,nasicornous
176,nasiform
177,nasion
178,nasobuccal
179,nasofrontal
180,nasolachrymal
181,nasopalatal
182,nasopalatine
183,nasopharyngeal
184,nasoseptal
185,nasoturbinal
186,nassas
187,nassae
188,nassa
189,nastily
190,nastiness
191,nasturtion
192,nasturtium
193,nasty
194,nasute
195,nasutness
196,nat
197,natal
198,natalitial
199,natalitious
200,nataloin
201,natals
202,natant
203,natantly
204,natation
205,natatores
206,natatorial
207,natatorious
208,natatorium
209,natatory
210,natch
211,natchez
212,natchnee
213,nates
214,nath
215,nathless
216,nathmore
217,naticas
218,naticae
219,natica
220,naticoid
221,nation
222,national
223,nationalism
224,nationalist
225,nationalities
226,nationality
227,nationalization
228,nationalized
229,nationalizing
230,nationalize
231,nationally
232,nationalness
233,native
234,natively
235,nativeness
236,nativism
237,nativist
238,nativistic
239,nativies
240,nativity
241,natka
242,natrium
243,natrolite
244,natron
245,natter
246,natterjack
247,natty
248,natural
249,naturalism
250,naturalist
251,naturalistic
252,naturality
253,naturalization
254,naturalized
255,naturalizing
256,naturalize
257,naturally
258,naturalness
259,nature
260,natured
261,natureless
262,naturism
263,naturist
264,naturity
265,naturize
266,naufrage
267,naufragous
268,naught
269,naughtily
270,naughtiness
271,naughtly
272,naughty
273,naumachy
274,nauplii
275,nauplius
276,nauropometer
277,nauscopy
278,nausea
279,nauseant
280,nauseated
281,nauseating
282,nauseate
283,nauseation
284,nauseative
285,nauseous
286,nautch
287,nautic
288,nautical
289,nautically
290,nautiform
291,nautilite
292,nautiloid
293,nautiluses
294,nautili
295,nautilus
296,navajoes
297,naval
298,navals
299,navarch
300,navarchy
301,navarrese
302,nave
303,navel
304,navelwort
305,navew
306,navicular
307,navigability
308,navigable
309,navigated
310,navigating
311,navigate
312,navigation
313,navigator
314,navigerous
315,navies
316,navvy
317,navy
318,nawab
319,nawl
320,nay
321,nays
322,nayaur
323,nayt
324,nayward
325,nayword
326,nazarene
327,nazarite
328,nazariteship
329,nazaritic
330,nazaritism
331,naze
332,nazirite
333,ne
334,neaf
335,neal
336,neap
337,neaped
338,neapolitan
339,near
340,neared
341,nearing
342,nearctic
343,nearhand
344,nearly
345,nearness
346,nearsighted
347,nearsightedness
348,neat
349,neatherd
350,neathouse
351,neatify
352,neatly
353,neatness
354,neatress
355,neb
356,nebalia
357,nebulae
358,nebula
359,nebular
360,nebulated
361,nebulation
362,nebule
363,nebuly
364,nebulization
365,nebulize
366,nebulizer
367,nebulose
368,nebulosity
369,nebulous
370,necessarian
371,necessarianism
372,necessarily
373,necessariness
374,necessary
375,necessaries
376,necessitarian
377,necessitarianism
378,necessitated
379,necessitating
380,necessitate
381,necessitattion
382,necessitied
383,necessitous
384,necessitude
385,necessities
386,necessity
387,neck
388,necked
389,necking
390,neckband
391,neckcloth
392,neckerchief
393,necklace
394,necklaced
395,neckland
396,necklet
397,neckmold
398,neckmould
399,neckplate
400,necktie
401,neckwear
402,neckweed
403,necrobiosis
404,necrobiotic
405,necrolatry
406,necrolite
407,necrologic
408,necrological
409,necrologist
410,necrologies
411,necrology
412,necromancer
413,necromancy
414,necromantic
415,necromantical
416,necronite
417,necrophagan
418,necrophagous
419,necrophobia
420,necrophore
421,necropolises
422,necropolis
423,necropsy
424,necroscopic
425,necroscopical
426,necrose
427,necrosed
428,necrosis
429,necrotic
430,nectar
431,nectareal
432,nectarean
433,nectared
434,nectareous
435,nectarial
436,nectaried
437,nectariferous
438,nectarine
439,nectarized
440,nectarizing
441,nectarize
442,nectarous
443,nectaries
444,nectary
445,nectocalyces
446,nectocalyx
447,nectosac
448,nectosack
449,nectostem
450,nedder
451,neddies
452,neddy
453,nee
454,need
455,needed
456,needing
457,needer
458,needful
459,needily
460,neediness
461,needle
462,needlebook
463,needlecase
464,needlefish
465,needlefuls
466,needleful
467,needler
468,needless
469,needlestone
470,needlewomen
471,needlewoman
472,needlework
473,needly
474,needment
475,needs
476,needscost
477,needsly
478,needy
479,neeld
480,neele
481,neelghau
482,neer
483,neesed
484,neesing
485,neese
486,nef
487,nefand
488,nefandous
489,nefarious
490,nefasch
491,nefast
492,negation
493,negative
494,negatived
495,negativing
496,negatively
497,negativeness
498,negativity
499,negatory
500,neginoth
501,neglected
502,neglecting
503,neglect
504,neglectedness
505,neglecter
506,neglectful
507,neglectingly
508,neglection
509,neglective
510,negligee
511,negligence
512,negligent
513,negligently
514,negligible
515,negoce
516,negotiability
517,negotiable
518,negotiant
519,negotiate
520,negotiated
521,negotiating
522,negotiation
523,negotiator
524,negotiatory
525,negotiatrix
526,negotiosity
527,negotious
528,negotiousness
529,negresses
530,negress
531,negrita
532,negritic
533,negritos
534,negroes
535,negro
536,negroid
537,negroloid
538,negus
539,nehiloth
540,nehushtan
541,neif
542,neife
543,neighed
544,neighing
545,neigh
546,neighbor
547,neighbored
548,neighboring
549,neighborhood
550,neighborliness
551,neighborly
552,neighborship
553,neishout
554,neither
555,nelumbo
556,nemaline
557,nemalite
558,nematelmia
559,nemathecia
560,nemathecium
561,nemthelminthes
562,nematelminthes
563,nematoblast
564,nematocalyces
565,calyxes
566,nematocalyx
567,nematocera
568,nematocyst
569,nematode
570,nematogene
571,nematognath
572,nematognathi
573,nematoid
574,nematoidea
575,nematoidean
576,nematophora
577,nemean
578,nemetean
579,nemertes
580,nemertian
581,nemertid
582,nemertida
583,nemertina
584,nemesis
585,nemophilist
586,nemophily
587,nemoral
588,nemorous
589,nempne
590,nempt
591,nems
592,nenia
593,nenuphar
594,neocarida
595,neocene
596,neocomian
597,neocosmic
598,neocracy
599,neodamode
600,neodymium
601,neogaean
602,neogamist
603,neogen
604,neography
605,neolithic
606,neologian
607,neologianism
608,neologic
609,neological
610,neologically
611,neologism
612,neologist
613,neologistic
614,neologistical
615,neologization
616,neologize
617,neology
618,neomenia
619,neomenoidea
620,neomorph
621,neonism
622,neonomian
623,neonomianism
624,neophyte
625,neoplasia
626,neoplasm
627,neoplastic
628,neoplasty
629,neoplatonic
630,neoplatonician
631,neoplatonism
632,neoplatonist
633,neorama
634,neossine
635,neossology
636,neoteric
637,neoterical
638,neoterically
639,neoterism
640,neoterist
641,neoterized
642,neoterize
643,neotropical
644,neozoic
645,nep
646,nepa
647,nepaulese
648,nepenthe
649,nepenthes
650,nepeta
651,nephalism
652,nephalist
653,nepheline
654,nephelite
655,nephelodometer
656,nephelometer
657,nephew
658,nephilim
659,nephoscope
660,nephralgia
661,nephralgy
662,nephridial
663,nephridia
664,nephridium
665,nephrite
666,nephritic
667,nephritical
668,nephritis
669,nephrolithic
670,nephrology
671,nephrostome
672,nephrotomy
673,nepotal
674,nepotic
675,nepotism
676,nepotist
677,neptune
678,neptunian
679,neptunist
680,neptunicentric
681,neptunium
682,ner
683,nere
684,nereids
685,nereides
686,nereid
687,nereidian
688,nereis
689,nereites
690,nereocystis
691,nerfling
692,nerita
693,nerite
694,neritina
695,nero
696,neroli
697,nerre
698,nervate
699,nervation
700,nerve
701,nerved
702,nerving
703,nerveless
704,nervelessness
705,nervimotion
706,nervimotor
707,nervine
708,nervomuscular
709,nervose
710,nervosity
711,nervous
712,nervously
713,nervousness
714,nervure
715,nervy
716,nescience
717,nese
718,nesh
719,ness
720,nesslerize
721,nest
722,nestfuls
723,nestful
724,nestled
725,nestling
726,nestle
727,nestor
728,nestorian
729,nestorianism
730,ney
731,netted
732,netting
733,net
734,netfish
735,nether
736,neithermore
737,nethermost
738,nethinim
739,netify
740,nettle
741,nettled
742,nettling
743,nettlebird
744,nettler
745,nettles
746,netty
747,network
748,neurad
749,neural
750,neuralgia
751,neuralgic
752,neuralgy
753,neurapophysial
754,neurapophyses
755,neurapophysis
756,neurasthenia
757,neuration
758,neuraxis
759,neurenteric
760,neuridin
761,neurilemma
762,neurility
763,neurine
764,neurism
765,neuritis
766,neurochord
767,neurochordal
768,neurocity
769,neurocoele
770,neurocord
771,neuroglia
772,neurography
773,neurokeratin
774,neurological
775,neurologist
776,neurology
777,neuroma
778,neuromere
779,neuromuscular
780,neura
781,neuron
782,neuropathic
783,neuropathy
784,neuropod
785,neuropodium
786,neuropodous
787,neuropore
788,neuropter
789,neuroptera
790,neropteral
791,neuropteran
792,neuropteris
793,neuropterous
794,neurosensiferous
795,neurosis
796,neuroskeletal
797,neuroskeleton
798,neurospast
799,neurotic
800,neurotome
801,neurotomical
802,neurotomist
803,neurotomy
804,neurula
805,neuter
806,neutral
807,neutralist
808,neutrality
809,neutralization
810,neutralized
811,neutralizing
812,neutralize
813,neutralizer
814,neutrally
815,neuvaines
816,nevadite
817,neve
818,neven
819,never
820,nevermore
821,neverthelater
822,nevertheless
823,nevew
824,new
825,newborn
826,newcome
827,newcomer
828,newel
829,newfangle
830,newfangled
831,newfangledness
832,newfangleness
833,newfanglist
834,newfangly
835,newfashioned
836,newfoundland
837,newing
838,newish
839,newly
840,newmarket
841,newness
842,news
843,newsboy
844,newsmen
845,newsman
846,newsmonger
847,newspaper
848,newsroom
849,newsy
850,newt
851,newtonian
852,nexible
853,next
854,nexus
855,ngina
856,nias
857,nib
858,nebbed
859,nibbing
860,nibbed
861,nibbled
862,nibbling
863,nibble
864,nibbler
865,nibblingly
866,niblick
867,nicagua
868,niccolite
869,nice
870,nicely
871,nicene
872,niceness
873,nicery
874,niceties
875,nicety
876,niche
877,niched
878,nick
879,nicked
880,nicking
881,nickel
882,nickelic
883,nickeliferous
884,nickeline
885,nickelous
886,nicker
887,nickle
888,nicknack
889,nicknackery
890,nickname
891,nicknamed
892,nicknaming
893,nicolaitan
894,nicotian
895,nicotiana
896,nicotianine
897,nicotic
898,nicotidine
899,nicotine
900,nicotinic
901,nictate
902,nictation
903,nictitate
904,nictitation
905,nidamental
906,nidary
907,nide
908,nidering
909,nidgery
910,nidget
911,nidificated
912,nidificating
913,nidificate
914,nidification
915,niding
916,nidor
917,nidorose
918,nidorous
919,nidulant
920,nidulated
921,nidulating
922,nidulate
923,nidulation
924,nidulite
925,nidi
926,nidus
927,niece
928,nief
929,niellist
930,niello
931,nifle
932,niggard
933,niggardise
934,niggardish
935,niggardliness
936,niggardly
937,niggardness
938,niggardous
939,niggardship
940,niggardy
941,nigged
942,nigger
943,niggish
944,niggled
945,niggling
946,niggle
947,niggler
948,nigh
949,nighly
950,nighness
951,night
952,nightcap
953,nightdress
954,nighted
955,nightertale
956,nightfall
957,nightgown
958,nightingale
959,nightish
960,nightjar
961,nightless
962,nightlong
963,nightly
964,nightmen
965,nightman
966,nightmare
967,nightshade
968,nightshirt
969,nighttime
970,nightward
971,nigraniline
972,nigrescent
973,nigrification
974,nigrine
975,nigritude
976,nigromancie
977,nigromancien
978,nigrosine
979,nigua
980,nihil
981,nihilism
982,nihilist
983,nihilistic
984,nihility
985,nil
986,nile
987,nilgau
988,nilled
989,nilling
990,nill
991,nilometer
992,niloscope
993,nilotic
994,nilt
995,nimmed
996,nomen
997,nome
998,nim
999,nimbiferous
1000,nimble
1001,nimbleness
1002,nimbless
1003,nimbly
1004,nimbose
1005,nimbi
1006,nimbuses
1007,nimbus
1008,nimiety
1009,nimious
1010,nimmer
1011,nin
1012,nincompoop
1013,nine
1014,ninefold
1015,nineholes
1016,ninepences
1017,ninepence
1018,ninepins
1019,ninescore
1020,nineteen
1021,nineteenth
1022,ninetieth
1023,ninety
1024,nineties
1025,ninnies
1026,ninny
1027,ninnyhammer
1028,ninth
1029,ninthly
1030,ninut
1031,niobate
1032,niobe
1033,niobic
1034,niobite
1035,niobium
1036,niopo
1037,nip
1038,nipped
1039,nipt
1040,nipping
1041,nipper
1042,nipperkin
1043,nippers
1044,nippingly
1045,nippitate
1046,nippitato
1047,nipple
1048,nipplewort
1049,nirvana
1050,nis
1051,nisan
1052,nyseys
1053,nisey
1054,nisi
1055,niste
1056,nisus
1057,nit
1058,nitency
1059,niter
1060,nitre
1061,nithing
1062,nitid
1063,nitranilic
1064,nitraniline
1065,nitrate
1066,nitrated
1067,nitratine
1068,nitriary
1069,nitric
1070,nitride
1071,nitriferous
1072,nitrification
1073,nitrifier
1074,nitrified
1075,nitrifying
1076,nitrify
1077,nitrile
1078,nitrite
1079,nitrobenzene
1080,nitrobenzol
1081,nitrobenzole
1082,nitrocalcite
1083,nitrocarbol
1084,nitrocellulose
1085,nitroform
1086,nitrogelatin
1087,nitrogen
1088,nitrogenized
1089,nitrogenizing
1090,nitrogenize
1091,nitrogenous
1092,nitroglycerin
1093,nitrohydrochloric
1094,nitrol
1095,nitroleum
1096,nitrolic
1097,nitromagnesite
1098,nitrometer
1099,nitromethane
1100,nitromuriatic
1101,nitrophnol
1102,nitroprussic
1103,nitroprusside
1104,nitroquinol
1105,niteosaccharin
1106,nitrosalicylic
1107,nitrose
1108,nitrosyl
1109,nitrosylic
1110,nitrous
1111,nitroxyl
1112,nitrum
1113,nitry
1114,nitryl
1115,nitter
1116,nittily
1117,nittings
1118,nitty
1119,nival
1120,niveous
1121,nivose
1122,nix
1123,nixie
1124,nizam
1125,no
1126,noes
1127,noachian
1128,noah
1129,nob
1130,nobbily
1131,nobbler
1132,nobby
1133,nobiliary
1134,nobilify
1135,nobilitate
1136,nobilitation
1137,nobility
1138,noble
1139,noblemen
1140,nobleman
1141,nobleness
1142,nobless
1143,noblesse
1144,noblewomen
1145,noblewoman
1146,nobley
1147,nobly
1148,nobodies
1149,nobody
1150,nocake
1151,nocent
1152,nocently
1153,nocive
1154,nock
1155,noctambulation
1156,noctambulism
1157,noctambulist
1158,noctambulo
1159,noctidial
1160,noctiferous
1161,noctilionid
1162,noctilucae
1163,noctiluca
1164,noctilucin
1165,noctilucine
1166,noctilucous
1167,noctivagant
1168,noctivagation
1169,noctivagous
1170,noctograph
1171,noctuary
1172,noctuid
1173,noctule
1174,nocturn
1175,nocturnal
1176,nocturnally
1177,nocturne
1178,nocument
1179,nocuous
1180,nod
1181,nodded
1182,nodding
1183,nodal
1184,nodated
1185,nodation
1186,nodder
1187,noddle
1188,noddies
1189,noddy
1190,node
1191,nodical
1192,nodosarine
1193,nodose
1194,nodosity
1195,nodosous
1196,nodous
1197,nodular
1198,nodule
1199,noduled
1200,nodulose
1201,nodulous
1202,noel
1203,noematachograph
1204,noematic
1205,noematical
1206,noemics
1207,noetian
1208,noetic
1209,noetical
1210,nof
1211,nog
1212,noggen
1213,noggin
1214,nogging
1215,noght
1216,noiance
1217,noie
1218,noier
1219,noils
1220,noint
1221,noious
1222,noise
1223,noised
1224,noising
1225,noiseful
1226,noiseless
1227,noisette
1228,noisily
1229,noisiness
1230,noisome
1231,noisy
1232,nolde
1233,nole
1234,nolition
1235,noll
1236,nolleity
1237,nolt
1238,nom
1239,noma
1240,nomad
1241,nomade
1242,nomadian
1243,nomadic
1244,nomadism
1245,nomadized
1246,nomadizing
1247,nomadize
1248,nomancy
1249,nomarch
1250,nomarchies
1251,nomarchy
1252,nombles
1253,nombril
1254,nomenclator
1255,nomenclatress
1256,nomenclatural
1257,nomenclature
1258,nomial
1259,nomic
1260,nominal
1261,nominalism
1262,nominalist
1263,nominalistic
1264,nominalize
1265,nominally
1266,nominated
1267,nominating
1268,nominate
1269,nominately
1270,nomination
1271,nominatival
1272,nominative
1273,nominatively
1274,nominator
1275,nominee
1276,nominor
1277,nomocracy
1278,nomography
1279,nomology
1280,nomopelmous
1281,nomothete
1282,nomothetic
1283,nomothetical
1284,non
1285,nonability
1286,nonacceptance
1287,nonacid
1288,nonacquaintance
1289,nonacquiescence
1290,nonadmission
1291,nonadult
1292,nonaerobiotic
1293,nonage
1294,nonaged
1295,nonagenarian
1296,nonagesimal
1297,nonagon
1298,nonagrian
1299,nonalienation
1300,nonane
1301,nonappearance
1302,nonappointment
1303,nonarrival
1304,nonattendance
1305,nonattention
1306,nonbituminous
1307,nonce
1308,nonchalance
1309,nonchalant
1310,nonchalantly
1311,nonclaim
1312,noncohesion
1313,noncoincidence
1314,noncoincident
1315,noncombatant
1316,noncommissioned
1317,noncommittal
1318,noncommunion
1319,noncompletion
1320,noncompliance
1321,noncomplying
1322,noncon.
1323,nonconcluding
1324,nonconcur
1325,nonconcurrence
1326,noncondensible
1327,noncondensing
1328,nonconducting
1329,nonconduction
1330,nonconductor
1331,nonconforming
1332,nonconformist
1333,nonconformity
1334,nonconstat
1335,noncontagious
1336,noncontent
1337,noncontributing
1338,noncontributory
1339,nonda
1340,nondecane
1341,nondeciduate
1342,nondelivery
1343,nondeposition
1344,nondescript
1345,nondevelopment
1346,nondiscovery
1347,nondo
1348,none
1349,noneffective
1350,nonelastic
1351,nonelect
1352,nonelection
1353,nonelectric
1354,nonelectrical
1355,nonemphatic
1356,nonemphatical
1357,nonentities
1358,nonentity
1359,nones
1360,nonessential
1361,nonesuch
1362,nonet
1363,nonetto
1364,nonett
1365,nonexecution
1366,nonexistence
1367,nonexistent
1368,nonexportation
1369,nonextensile
1370,nonfulfillment
1371,nonillion
1372,nonimportation
1373,nonimporting
1374,noninflectional
1375,noninhabitant
1376,nonintervention
1377,nonius
1378,nonjoinder
1379,nonjurant
1380,nonjuring
1381,nonjuror
1382,nonjurorism
1383,nonlimitation
1384,nonmalignant
1385,nonmanufacturing
1386,nonmedullated
1387,nonmember
1388,nonmembership
1389,nonmetal
1390,nonmetallic
1391,nonnatural
1392,nonne
1393,nonnecessity
1394,nonnitrognous
1395,nonnucleated
1396,nonny
1397,nonobedience
1398,nonobservance
1399,nonoic
1400,nonone
1401,nonoxygenous
1402,nonpareil
1403,nonpayment
1404,nonperformance
1405,nonphotobiotic
1406,nonplane
1407,nonplus
1408,nonplused
1409,nonplussed
1410,nonplusing
1411,nonplussing
1412,nonpreparation
1413,nonpresentation
1414,nonproduction
1415,nonprofessional
1416,nonproficiency
1417,nonproficient
1418,nonprossed
1419,nonrecurrent
1420,nonrecurring
1421,nonregardance
1422,nonregent
1423,nonrendition
1424,nonresemblance
1425,nonresidence
1426,nonresident
1427,nonresistance
1428,nonresistant
1429,nonresisting
1430,nonruminant
1431,nonsane
1432,nonsense
1433,nonsensical
1434,nonsensitive
1435,nonsexual
1436,nonslaveholding
1437,nonsolution
1438,nonsolvency
1439,nonsolvent
1440,nonsonant
1441,nonsparing
1442,nonstriated
1443,nonsubmission
1444,nonsubmissive
1445,nonsuch
1446,nonsuit
1447,nonsuited
1448,nonsuiting
1449,nonsurety
1450,nontenure
1451,nonterm
1452,nontoxic
1453,nontronite
1454,nonuniformist
1455,nonunionist
1456,nonusance
1457,nonuser
1458,nonvascular
1459,nonvernacular
1460,nonvocal
1461,nonyl
1462,nonylene
1463,nonylenic
1464,nonylic
1465,noodle
1466,nook
1467,noological
1468,noologist
1469,noology
1470,noon
1471,noonday
1472,nooning
1473,noonshun
1474,noonstead
1475,noontide
1476,noose
1477,noosed
1478,noosing
1479,noot
1480,nopal
1481,nopalries
1482,nopalry
1483,nope
1484,nor
1485,norbertine
1486,noria
1487,norian
1488,norice
1489,norie
1490,norimons
1491,norimon
1492,norite
1493,norium
1494,norm
1495,norma
1496,normal
1497,normalcy
1498,normalization
1499,normally
1500,norman
1501,normanism
1502,norn
1503,norna
1504,noropianic
1505,norroy
1506,norse
1507,norsemen
1508,norseman
1509,nortelry
1510,north
1511,northeast
1512,northeaster
1513,northeasterly
1514,northeastern
1515,northeastward
1516,northeastwardly
1517,norther
1518,northerliness
1519,northerly
1520,northern
1521,northerner
1522,northernly
1523,northernmost
1524,northing
1525,northmen
1526,northman
1527,northmost
1528,northness
1529,northumbrian
1530,northward
1531,northwards
1532,northwardly
1533,northwest
1534,northwester
1535,northwesterly
1536,northwestern
1537,northwestward
1538,northwestwardly
1539,norwegian
1540,norwegium
1541,norweyan
1542,nose
1543,nosed
1544,nosing
1545,nosebag
1546,noseband
1547,nosebleed
1548,nosegay
1549,nosel
1550,noseless
1551,nosesmart
1552,nosethirl
1553,nosethril
1554,nosle
1555,nosocomial
1556,nosography
1557,nosological
1558,nosologist
1559,nosology
1560,nosopoetic
1561,nost
1562,nostalgia
1563,nostalgic
1564,nostalgy
1565,nostoc
1566,nostril
1567,nostrums
1568,nostrum
1569,not
1570,notabilia
1571,notabilities
1572,notability
1573,notable
1574,notableness
1575,notably
1576,notaeum
1577,notal
1578,notanda
1579,notandum
1580,notarial
1581,notarially
1582,notaries
1583,notary
1584,notate
1585,notation
1586,notch
1587,notched
1588,notching
1589,notchboard
1590,notchweed
1591,note
1592,noted
1593,noting
1594,notebook
1595,noteful
1596,noteless
1597,notelessness
1598,notelet
1599,noter
1600,noteworthy
1601,nother
1602,nothing
1603,nothingarian
1604,nothingism
1605,nothingness
1606,notice
1607,noticed
1608,noticing
1609,noticeable
1610,noticeably
1611,noticer
1612,notidanian
1613,notification
1614,notified
1615,notifying
1616,notify
1617,notion
1618,notional
1619,notionality
1620,notionally
1621,notionate
1622,notionist
1623,notist
1624,notobranchiata
1625,notobranchiate
1626,notochord
1627,notochordal
1628,notodontian
1629,notopodia
1630,e
1631,notopodiums
1632,notopodium
1633,notorhizal
1634,notoriety
1635,notorious
1636,notornis
1637,nototherium
1638,nototrema
1639,notself
1640,nott
1641,notturno
1642,nota
1643,notum
1644,notus
1645,notwheat
1646,notwithstanding
1647,nouch
1648,nougat
1649,nought
1650,nould
1651,noule
1652,noumenal
1653,noumenon
1654,noun
1655,nounal
1656,nounize
1657,nourice
1658,nourished
1659,nourishing
1660,nourish
1661,nourishable
1662,nourisher
1663,nourishingly
1664,nourishment
1665,nouriture
1666,noursle
1667,nous
1668,nousel
1669,nousle
1670,nouthe
1671,nowthe
1672,novaculite
1673,novatian
1674,novatianism
1675,novation
1676,novator
1677,novel
1678,novelette
1679,novelism
1680,novelist
1681,novelize
1682,novelized
1683,novelizing
1684,novelry
1685,novelties
1686,novelty
1687,november
1688,novenary
1689,novene
1690,novennial
1691,novercal
1692,novice
1693,noviceship
1694,novilunar
1695,novitiate
1696,novitious
1697,novity
1698,novum
1699,now
1700,nowadays
1701,noway
1702,noways
1703,nowch
1704,nowd
1705,nowed
1706,nowel
1707,nowes
1708,nowhere
1709,nowhither
1710,nowise
1711,nowt
1712,noxious
1713,noy
1714,noyance
1715,noyau
1716,noyer
1717,noyful
1718,noyls
1719,noyous
1720,nozle
1721,nozzle
1722,nuance
1723,nub
1724,nubbin
1725,nubble
1726,nubeculae
1727,nubecula
1728,nubia
1729,nubian
1730,nubiferous
1731,nubigenous
1732,nubilate
1733,nubile
1734,nubility
1735,nubilose
1736,nubilous
1737,nucament
1738,nucamentaceous
1739,nucelli
1740,nucellus
1741,nuch/
1742,nucha
1743,nuchal
1744,nuciferous
1745,nuciform
1746,nucin
1747,nucleal
1748,nuclear
1749,nucleate
1750,nucleated
1751,nucleiform
1752,nuclein
1753,nucleobranch
1754,nucleobranchiata
1755,nucleoidioplasma
1756,nucleolar
1757,nucleolated
1758,nucleole
1759,nucleoli
1760,nucleolus
1761,nucleoplasm
1762,nucleoplasmic
1763,nucleuses
1764,nuclei
1765,nucleus
1766,nucula
1767,nucle
1768,nucumentaceous
1769,nudation
1770,nuddle
1771,nude
1772,nudge/
1773,nudging
1774,nudge
1775,nudibrachiate
1776,nudibranch
1777,nudibranchiata
1778,nudibranchiate
1779,nudicaul
1780,nudification
1781,nudities
1782,nudity
1783,nugacity
1784,nugae
1785,nugation
1786,nugatory
1787,nugget
1788,nugify
1789,nuisance
1790,nuisancer
1791,nul
1792,null
1793,nulled
1794,nullibiety
1795,nullification
1796,nullifidian
1797,nullifier
1798,nullified
1799,nullifying
1800,nullify
1801,nullipore
1802,nullities
1803,nullity
1804,numb
1805,numbed
1806,numbing
1807,numbedness
1808,number
1809,numbered
1810,numbering
1811,numberer
1812,numberful
1813,numberless
1814,numberous
1815,numbers
1816,numbfish
1817,numbless
1818,numbness
1819,numerable
1820,numeral
1821,numerally
1822,numerary
1823,numerated
1824,numerating
1825,numerate
1826,numeration
1827,numerative
1828,numerator
1829,numeric
1830,numerical
1831,numerically
1832,numerist
1833,numero
1834,numerosity
1835,numerous
1836,numidian
1837,numismatic
1838,numismatical
1839,numismatics
1840,numismatist
1841,numismatography
1842,numismatologist
1843,numismatology
1844,nummary
1845,nummular
1846,nummulary
1847,nummulation
1848,nummulite
1849,nummulites
1850,nummulitic
1851,numps
1852,numskull
1853,numskulled
1854,nun
1855,nunchion
1856,nunciate
1857,nunciature
1858,nuncios
1859,nuncio
1860,nuncii
1861,nuncius
1862,nuncupate
1863,nuncupation
1864,nuncupative
1865,nuncupatory
1866,nundinal
1867,nundinary
1868,nundinate
1869,nundination
1870,nunnation
1871,nunneries
1872,nunnery
1873,nunnish
1874,nup
1875,nuphar
1876,nupson
1877,nuptial
1878,nuptials
1879,nur
1880,nurled
1881,nurling
1882,nurl
1883,nurse
1884,nursed
1885,nursing
1886,nursehound
1887,nursemaid
1888,nursepond
1889,nurser
1890,nurseries
1891,nursery
1892,nurserymen
1893,nurseryman
1894,nursling
1895,nurstle
1896,nurture
1897,nurtured
1898,nurturing
1899,nustle
1900,nut
1901,nutted
1902,nutting
1903,nutant
1904,nutation
1905,nutbreaker
1906,nutcracker
1907,nutgall
1908,nuthatch
1909,nuthook
1910,nutjobber
1911,nutlet
1912,nutmeg
1913,nutmegged
1914,nutpecker
1915,nutria
1916,nutrication
1917,nutrient
1918,nutriment
1919,nutrimental
1920,nutritial
1921,nutrition
1922,nutritional
1923,nutritious
1924,nutritive
1925,nutriture
1926,nutshell
1927,nutter
1928,nutty
1929,nuzzied
1930,nuzzling
1931,nuzzle
1932,ny
1933,nye
1934,nyas
1935,nyctalopia
1936,nyctalops
1937,nyctalopy
1938,nycthemeron
1939,nyctibune
1940,nyctitropic
1941,nyctophile
1942,nyentek
1943,nylghau
1944,nylgau
1945,nymph
1946,nymph/
1947,nympha
1948,nymphaea
1949,nymphal
1950,nymphales
1951,nymphean
1952,nymphet
1953,nymphic
1954,nymphical
1955,nymphiparous
1956,nymphish
1957,nymphlike
1958,nymphly
1959,nympholepsy
1960,nympholeptic
1961,nymphomania
1962,nymphomany
1963,nymphotomy
1964,nys
1965,nystagmus
1966,nyula
