,O
0,oes
1,oad
2,oaf
3,oafish
4,oak
5,oaken
6,oaker
7,oakling
8,oakum
9,oaky
10,oar
11,oared
12,oaring
13,oarfish
14,oarfoot
15,oarless
16,oarlock
17,oarsmen
18,oarsman
19,oarsweed
20,oary
21,oases
22,oasis
23,oast
24,oats
25,oat
26,oatcake
27,oaten
28,oaths
29,oath
30,oathable
31,oathbreaking
32,oatmeal
33,obcompressed
34,obconic
35,obconical
36,obcordate
37,obdiplostemonous
38,obdiplostemony
39,obdormition
40,obduce
41,obduct
42,obduction
43,obduracy
44,obdurate
45,obduration
46,obdure
47,obdured
48,obdureness
49,obduredness
50,obbe
51,obeah
52,obedible
53,obedience
54,obedienciary
55,obedient
56,obediential
57,obediently
58,obeisance
59,obeisancy
60,obeisant
61,obelion
62,obeliscal
63,obelisk
64,obelisked
65,obelisking
66,obelized
67,obelizing
68,obelize
69,obeli
70,obelus
71,obequitate
72,oberon
73,oberration
74,obese
75,obeseness
76,obesity
77,obeyed
78,obeying
79,obey
80,obeyer
81,obeyingly
82,obfirm
83,obfirmate
84,obfirmation
85,obfuscate
86,obfuscated
87,obfuscating
88,obfuscation
89,obi
90,obimbricate
91,obit
92,obiter
93,obitual
94,obituarily
95,obiyuary
96,obituaries
97,obituary
98,objected
99,objecting
100,object
101,objectable
102,objectify
103,objection
104,objectionable
105,objectist
106,objectivate
107,objectivation
108,objective
109,objectively
110,objectiveness
111,objectivity
112,obectize
113,objectless
114,objector
115,objibways
116,objicient
117,objuration
118,objurgated
119,objurgating
120,objurgate
121,objurgation
122,objurgatory
123,oblanceolate
124,oblate
125,oblateness
126,oblati
127,oblation
128,oblationer
129,oblatrate
130,oblatration
131,oblata
132,oblatum
133,oblectate
134,oblectation
135,obligable
136,obligated
137,obligating
138,obligate
139,obligation
140,obligato
141,obligatorily
142,obligatoriness
143,obligatory
144,obliged
145,obliging
146,oblige
147,obligee
148,obligement
149,obliger
150,obligor
151,obliquation
152,oblique
153,obliqued
154,obliquing
155,obliquely
156,obliqueness
157,obliquities
158,obliquity
159,oblite
160,obliterated
161,obliterating
162,obliterate
163,obliteration
164,obliterative
165,oblivion
166,oblivious
167,oblocutor
168,oblong
169,oblongata
170,oblongatal
171,oblongish
172,oblongly
173,oblongness
174,oblonga
175,oblongum
176,obloquious
177,obloquy
178,obluctation
179,obmutescence
180,obnoxious
181,obnubilate
182,oboe
183,oboist
184,obolary
185,obole
186,obolize
187,obolo
188,oboli
189,obolus
190,obomegoid
191,oboval
192,obovate
193,obreption
194,obreptitious
195,obrogate
196,obrok
197,obscene
198,obscenities
199,obscenity
200,obscurant
201,obscurantism
202,obscurantist
203,obscuration
204,obscure
205,obscured
206,obscuring
207,obscurely
208,obscurement
209,obscureness
210,obscurer
211,obscurity
212,obsecrated
213,obsecrating
214,obsecrate
215,obsecration
216,obsecratory
217,obsequent
218,obsequience
219,obsequies
220,obsequious
221,obsequiously
222,obsequiousness
223,obsequy
224,observable
225,observance
226,observancy
227,observanda
228,observandum
229,observant
230,observantine
231,observantly
232,observation
233,observational
234,observative
235,observator
236,observatories
237,observatory
238,observed
239,observing
240,observe
241,observer
242,observership
243,obsess
244,obsession
245,obsidian
246,obsidional
247,obsigillation
248,obsign
249,obsignate
250,obsignation
251,obsignatory
252,obsolesce
253,obsolescence
254,obsolescent
255,obsolete
256,obsoletely
257,obsoleteness
258,obsoletism
259,obstacle
260,obstancy
261,obstetric
262,obstetrical
263,obstetricate
264,obstetrication
265,obstetrician
266,obstetricious
267,obstetrics
268,obstetricy
269,obstinacy
270,obstinate
271,obstination
272,obstipation
273,obstreperous
274,obstriction
275,obstringe
276,obstructed
277,obstructing
278,obstruct
279,obstructer
280,obstruction
281,obstructionism
282,obstructionist
283,obstructive
284,obstruent
285,obstupefaction
286,obstupefactive
287,obstupefy
288,obtained
289,obtaining
290,obtain
291,obtainable
292,obtainer
293,obtainment
294,obtected
295,obtemper
296,obtemperate
297,obtended
298,obtending
299,obtend
300,obtenebration
301,obtension
302,obtested
303,obtesting
304,obtest
305,obtestation
306,obtrectation
307,obtruded
308,obtruding
309,obtrude
310,obtruder
311,obtruncate
312,obtruncation
313,obtrusion
314,obtrusionist
315,obtrusive
316,obtunded
317,obtunding
318,obtund
319,obtundent
320,obtunder
321,obturation
322,obturator
323,obtusangular
324,obtuse
325,obtusely
326,obtuseness
327,obtusion
328,obtusity
329,obumbrant
330,obumbrate
331,obumbration
332,obuncous
333,obvention
334,obversant
335,obverse
336,obversely
337,obversion
338,obverted
339,obverting
340,obvert
341,obviated
342,obviating
343,obviate
344,obviation
345,obvious
346,obvolute
347,obvoluted
348,oby
349,oca
350,occamy
351,occasion
352,occasioned
353,occasioning
354,occasionable
355,occasional
356,occasionalism
357,occasionality
358,occasionally
359,occasionate
360,occasioner
361,occasive
362,occecation
363,occident
364,occidental
365,occidentals
366,occiduous
367,occipital
368,occipitoaxial
369,occipita
370,occiputs
371,occiput
372,occision
373,occlude
374,occludent
375,occluse
376,occlusion
377,occrustate
378,occult
379,occultation
380,occulted
381,occulting
382,occultism
383,occultist
384,occultly
385,occultness
386,occupancy
387,occupant
388,occupate
389,occupation
390,occupier
391,occupied
392,occupying
393,occupy
394,occurred
395,occurring
396,occur
397,occurrence
398,occurrent
399,occurse
400,occursion
401,ocean
402,oceanic
403,oceanography
404,oceanology
405,oceanus
406,ocellary
407,ocellate
408,ocellated
409,ocelli
410,ocellus
411,oceloid
412,ocelot
413,ocher
414,ochre
415,ocherous
416,ochreous
417,ochery
418,ochimy
419,ochlesis
420,ochlocracy
421,ochlocratic
422,ochlocratical
423,ochraceous
424,ochreaee
425,ochrea
426,ochreate
427,ochreated
428,ochrey
429,ochroleucous
430,ochry
431,ochymy
432,ocra
433,ocrea
434,ocreate
435,ocreated
436,octachord
437,octad
438,octaedral
439,octaemeron
440,octagon
441,octagonal
442,octagynous
443,octahedral
444,octahedrite
445,octahedron
446,octamerous
447,octameter
448,octander
449,octandria
450,octandrian
451,octandrous
452,octane
453,octangular
454,octant
455,octapla
456,octaroon
457,octastyle
458,octateuch
459,octavalent
460,octave
461,octavos
462,octavo
463,octene
464,octennial
465,octet
466,octic
467,octile
468,octillion
469,octoate
470,october
471,octocera
472,octocerata
473,octochord
474,octodecimo
475,octodecimos
476,octodentate
477,octodont
478,octoedrical
479,octofid
480,octogamy
481,octogenarian
482,octogenary
483,octogild
484,octogonal
485,octogynia
486,octogynian
487,octogynous
488,octoic
489,octolocular
490,octonaphthene
491,octonary
492,octonocular
493,octopede
494,octopetalous
495,octopod
496,octopoda
497,octopodia
498,octopus
499,octoradiated
500,octoroon
501,octospermous
502,octostichous
503,octostyle
504,octosyllabic
505,octosyllabical
506,octosyllable
507,octoyl
508,octroi
509,octuor
510,octuple
511,octyl
512,octylene
513,octylic
514,ocular
515,ocularly
516,oculary
517,oculate
518,oculated
519,oculiform
520,oculina
521,oculinacea
522,oculist
523,oculomotor
524,oculonasal
525,oculi
526,oculus
527,ocypodian
528,od
529,odalisque
530,odd
531,oddities
532,oddity
533,oddly
534,oddness
535,odds
536,ode
537,odelet
538,odeon
539,odeum
540,odible
541,odic
542,odin
543,odinic
544,odious
545,odist
546,odium
547,odized
548,odizing
549,odize
550,odmyl
551,odometer
552,odometrical
553,odometrous
554,odometry
555,odonata
556,odontalgia
557,odontalgic
558,odontalgy
559,odontiasis
560,odontoblast
561,odontocete
562,odontogeny
563,odontograph
564,odontographic
565,odontography
566,odontoid
567,odontolcae
568,odontolite
569,odontology
570,odontophora
571,odontophore
572,odontophorous
573,odontoplast
574,odontopteryx
575,odontornithes
576,odontostomatous
577,odontotormae
578,odor
579,odorament
580,odorant
581,odorate
582,odorating
583,odoriferous
584,odorline
585,odorless
586,odorous
587,ods
588,odyl
589,odyle
590,odylic
591,odyssey
592,oe
593,oecoid
594,oecology
595,oeconomical
596,oeconomics
597,oeconomy
598,oecumenical
599,oedema
600,oedematous
601,oeiliad
602,oeillade
603,oelet
604,oenanthate
605,oenanthic
606,oenanthol
607,oenanthone
608,oenanthyl
609,oenanthylate
610,oenanthylic
611,oenanthylidene
612,oenanthylous
613,oenocyan
614,oenology
615,oenomania
616,oenomel
617,oenometer
618,oenophilist
619,oenothionic
620,oesophagus
621,oesophageal
622,oestrian
623,oestrual
624,oestruation
625,oestrus
626,of
627,off
628,offal
629,offcut
630,offence
631,offended
632,offending
633,offend
634,odfend
635,offendant
636,offender
637,offendress
638,offense
639,offenseful
640,offenseless
641,offensible
642,offension
643,offensive
644,offered
645,offering
646,offer
647,offerable
648,offerer
649,offertories
650,offertory
651,offerture
652,offhand
653,office
654,officeholder
655,officer
656,officered
657,officering
658,official
659,officialism
660,officialily
661,officially
662,officialty
663,officiant
664,officiary
665,officiated
666,officiating
667,officiate
668,officiator
669,officinal
670,officious
671,offing
672,offish
673,offlet
674,offscouring
675,offscum
676,offset
677,offsetting
678,offshoot
679,offshore
680,offskip
681,offspring
682,offuscate
683,offuscation
684,oft
685,often
686,oftenness
687,oftensith
688,oftentide
689,oftentimes
690,ofter
691,ofttimes
692,ogam
693,ogdoad
694,ogdoastich
695,ogee
696,ogganition
697,ogham
698,ogive
699,ogled
700,ogling
701,ogle
702,ogler
703,oglio
704,ogre
705,ogreish
706,ogress
707,ogreism
708,ogrism
709,ogygian
710,oh
711,ohm
712,oho
713,oidium
714,oil
715,oiled
716,oiling
717,oilbird
718,oilcloth
719,oiler
720,oilery
721,oiliness
722,oillet
723,oilmen
724,oilman
725,oilnut
726,oilseed
727,oilskin
728,oilstone
729,oily
730,oinement
731,oinomania
732,ointed
733,ointing
734,oint
735,ointment
736,ojibways
737,ojo
738,oke
739,okenite
740,oker
741,okra
742,olay
743,old
744,olden
745,oldish
746,oldness
747,oldster
748,olea
749,oleaceous
750,oleaginous
751,oleaginousness
752,oleamen
753,oleander
754,oleandrine
755,oleaster
756,oleate
757,olecranal
758,olecranon
759,olefiant
760,olefine
761,oleic
762,oleiferous
763,olein
764,olent
765,oleograph
766,oleomargarine
767,oleometer
768,oleone
769,oleoptene
770,oleoresin
771,oleose
772,oleous
773,oleosity
774,oleraceous
775,olf
776,olfaction
777,olfactive
778,olfactor
779,olfactory
780,olfactories
781,oliban
782,olibanum
783,olibene
784,olid
785,olidous
786,olifant
787,oligandrous
788,oliganthous
789,oligarch
790,oligarchal
791,oligarchic
792,oligarchical
793,oligarchist
794,oligarchies
795,oligarchy
796,oligist
797,oligistic
798,oligocene
799,oligochaeta
800,oligochete
801,oligoclase
802,oligomerous
803,oligomyold
804,oligopetalous
805,oligosepalous
806,oligosiderite
807,oligospermous
808,oligotokous
809,olio
810,olitory
811,oliva
812,olivaceous
813,olivary
814,olivaster
815,olive
816,olived
817,olivenite
818,oliver
819,oliverian
820,olivewood
821,olivil
822,olivin
823,olivine
824,olivite
825,olla
826,ology
827,olpe
828,olusatrum
829,olympiad
830,olympian
831,olympic
832,olympionic
833,omagra
834,omahas
835,omasum
836,omber
837,ombre
838,ombrometer
839,omega
840,omegoid
841,omelet
842,omen
843,omened
844,omening
845,omental
846,omenta
847,omentum
848,omer
849,omiletical
850,ominate
851,omination
852,ominous
853,omissible
854,omission
855,omissive
856,omitted
857,omitting
858,omit
859,omittance
860,omitter
861,ommateal
862,ommatea
863,ommateum
864,ommatidia
865,ommatidium
866,omnibus
867,omnicorporeal
868,omniety
869,omnifarious
870,omniferous
871,omnific
872,omniform
873,omniformity
874,omnify
875,omnigenous
876,omnigraph
877,omniparient
878,omniparity
879,omniparous
880,omnipatient
881,omnipercipience
882,omnipercipiency
883,omnipercipient
884,omnipotence
885,omnipotency
886,omnipotent
887,omnipotently
888,omnipresence
889,omnipresency
890,omnipresent
891,omnipresential
892,omniprevalent
893,omniscience
894,omnisciency
895,omniscient
896,omniscious
897,omnispective
898,omnium
899,omnivagant
900,omnivora
901,omnivorous
902,omohyoid
903,omophagic
904,omoplate
905,omostegite
906,omosternal
907,omosternum
908,omphacine
909,omphalic
910,omphalocele
911,omphalode
912,omphalomancy
913,omphalomesaraic
914,omphalomesenteric
915,omphalopsychite
916,omphalopter
917,omphaloptic
918,omphalos
919,omphalotomy
920,omy
921,on
922,onagri
923,onagers
924,onager
925,onagga
926,onagraceous
927,onagrarieous
928,onanism
929,onappo
930,ince
931,once
932,oncidium
933,oncograph
934,oncometer
935,oncotomy
936,onde
937,one
938,oneberry
939,oneidas
940,oneirocritic
941,oneirocritical
942,oneirocriticism
943,oneirocritics
944,oneiromancy
945,oneiroscopist
946,oneiroscopy
947,oneliness
948,onely
949,onement
950,oneness
951,onerary
952,onerated
953,onerating
954,onerate
955,oneration
956,onerous
957,onerously
958,ones
959,oneself
960,onethe
961,ongoing
962,onguent
963,onion
964,onirocritic
965,onliness
966,onloft
967,only
968,onocerin
969,onology
970,onomancy
971,onomantic
972,onomantical
973,onomastic
974,onomasticon
975,onomatechny
976,onomatologist
977,onomatology
978,onomatope
979,onomatopoeia
980,onomatopoeic
981,onomatopoetic
982,onomatopy
983,onomomancy
984,onondagas
985,onrush
986,onset
987,onslaught
988,onstead
989,onto
990,ontogenesis
991,ontogeny
992,ontogenetic
993,ontogenic
994,ontologic
995,ontological
996,ontologically
997,ontologist
998,ontology
999,onus
1000,onward
1001,onwardness
1002,onwards
1003,ony
1004,onycha
1005,onychia
1006,onychomancy
1007,onychophora
1008,onyx
1009,oo
1010,ooecia
1011,ooecium
1012,oogenesis
1013,oogonia
1014,oogoniums
1015,oogonium
1016,ooidal
1017,ook
1018,oolite
1019,oolitic
1020,oological
1021,oologist
1022,oology
1023,oolong
1024,oomiac
1025,oomiak
1026,oon
1027,oones
1028,oop
1029,oopack
1030,oopak
1031,oophore
1032,oophorectomy
1033,oophoric
1034,oophorida
1035,oophoridiums
1036,oophoridium
1037,oophoritis
1038,oophyte
1039,oophytic
1040,oorial
1041,oosperm
1042,oospere
1043,oosporangia
1044,oosporangiums
1045,oosporangium
1046,oospore
1047,oosporic
1048,oostegite
1049,oothecae
1050,ootheca
1051,ootooid
1052,ootocoid
1053,ootype
1054,ooze
1055,oozed
1056,oozing
1057,oozoa
1058,oozy
1059,opacate
1060,opacity
1061,opacous
1062,opacular
1063,opah
1064,opake
1065,opal
1066,opalesced
1067,opalescing
1068,opalesce
1069,opalescence
1070,opalescent
1071,opaline
1072,opalized
1073,opalizing
1074,opalize
1075,opalotype
1076,opaque
1077,opaqueness
1078,ope
1079,opeidoscope
1080,opelet
1081,open
1082,opened
1083,opening
1084,openbill
1085,opener
1086,openly
1087,openness
1088,openwork
1089,opera
1090,operable
1091,operameter
1092,operance
1093,operancy
1094,operand
1095,operant
1096,operated
1097,operating
1098,operate
1099,operatic
1100,operatical
1101,operation
1102,operative
1103,operatively
1104,operator
1105,operatory
1106,opercle
1107,opercula
1108,oparcular
1109,opercular
1110,operculate
1111,operculated
1112,operculiferous
1113,operculiform
1114,operculigenous
1115,operculums
1116,operculum
1117,operetta
1118,operose
1119,operosity
1120,operous
1121,opertaneous
1122,opetide
1123,ophelic
1124,ophicleide
1125,ophidia
1126,ophidian
1127,ophidioid
1128,ophidion
1129,ophidious
1130,ophiolatry
1131,ophiologic
1132,ophiological
1133,ophiologist
1134,ophiology
1135,ophiomancy
1136,ophiomorpha
1137,ophiomorphite
1138,ophiomorphous
1139,ophiophagous
1140,ophiophagus
1141,ophite
1142,ophiuchus
1143,ophiura
1144,ophiuran
1145,ophiurid
1146,ophiurida
1147,ophiurioid
1148,ophiurioidea
1149,ophiuroidea
1150,ophryon
1151,ophthalmia
1152,ophthalmic
1153,ophthalmite
1154,ophthalmological
1155,ophthalmologist
1156,ophthalmology
1157,ophthalmometer
1158,ophthalmoscope
1159,ophthalmoscopy
1160,ophthalmy
1161,opianic
1162,opianine
1163,opianyl
1164,opiate
1165,opiated
1166,opie
1167,opiferous
1168,opifice
1169,opificer
1170,opinable
1171,opination
1172,opinative
1173,opinator
1174,opined
1175,opining
1176,opine
1177,opiner
1178,opiniaster
1179,opiniatre
1180,opiniastrous
1181,opinlate
1182,opiniated
1183,opiniative
1184,opiniator
1185,opiniatrety
1186,opinicus
1187,opinion
1188,opinionable
1189,opinionate
1190,opinionated
1191,opinionately
1192,opinionatist
1193,opinionative
1194,opinionator
1195,opinioned
1196,opinionist
1197,opiparous
1198,opisometer
1199,opisthion
1200,opisthobranchia
1201,opisthobranchiata
1202,opisthobranchiate
1203,opisthocoelian
1204,opisthocoelous
1205,opisthodome
1206,opisthoglypha
1207,opisthography
1208,opisthomi
1209,opisthopulmonate
1210,opisthotic
1211,opisthotonos
1212,opitulation
1213,opium
1214,opobalsam
1215,opobalsamum
1216,opodeldoc
1217,opopanax
1218,opossum
1219,oppidan
1220,oppignerate
1221,oppilated
1222,oppilating
1223,oppilate
1224,oppilation
1225,oppilative
1226,opplete
1227,oppleted
1228,oppletion
1229,oppone
1230,opponency
1231,opponent
1232,opportune
1233,opportunism
1234,opportunist
1235,opportunities
1236,opportunity
1237,opposability
1238,opposable
1239,opposal
1240,opposed
1241,opposing
1242,oppose
1243,opposeless
1244,opposer
1245,opposite
1246,oppositely
1247,oppositeness
1248,oppositifolious
1249,opposition
1250,oppositionist
1251,oppositipetalous
1252,oppositisepalous
1253,oppositive
1254,oppressed
1255,oppressing
1256,oppress
1257,oppression
1258,oppressive
1259,oppressor
1260,oppressure
1261,opprobrious
1262,opprobrium
1263,opprobry
1264,oppugned
1265,oppugning
1266,oppugn
1267,oppugnancy
1268,oppugnant
1269,oppugnation
1270,oppugner
1271,opsimathy
1272,opsiometer
1273,opsonation
1274,optable
1275,optate
1276,optation
1277,optative
1278,optatively
1279,optic
1280,optical
1281,optically
1282,optician
1283,optics
1284,optigraph
1285,optimacy
1286,optimate
1287,optimates
1288,optime
1289,optimism
1290,optimist
1291,optimistic
1292,optimity
1293,option
1294,optional
1295,optionally
1296,optocoele
1297,optocoelia
1298,optogram
1299,optography
1300,optometer
1301,opulence
1302,opulency
1303,opulent
1304,opuntia
1305,opus
1306,opuscle
1307,opuscule
1308,opuscula
1309,opusculum
1310,opye
1311,oquassa
1312,or
1313,ora
1314,orabassu
1315,orach
1316,orache
1317,oracle
1318,oracled
1319,oracling
1320,oracular
1321,oraculous
1322,oragious
1323,oraison
1324,oral
1325,orally
1326,orang
1327,orange
1328,orangeade
1329,orangeat
1330,orangeism
1331,orangeman
1332,orangeroot
1333,orangery
1334,orangetawny
1335,orangite
1336,orarian
1337,oration
1338,orator
1339,oratorial
1340,oratorian
1341,oratorical
1342,oratorio
1343,oratorious
1344,oratorize
1345,oratories
1346,oratory
1347,oratress
1348,oratrix
1349,orb
1350,orbed
1351,orbing
1352,orbate
1353,orbation
1354,orbic
1355,orbical
1356,orbicle
1357,orbicula
1358,orbicular
1359,orbiculate
1360,orbiculated
1361,orbiculation
1362,orbit
1363,orbital
1364,orbitar
1365,orbitary
1366,orbitelae
1367,orbitolites
1368,orbitonasal
1369,orbitosphenoid
1370,orbitosphenoidal
1371,orbituary
1372,orbitude
1373,orbity
1374,orbulina
1375,orby
1376,orc
1377,orcadian
1378,orcein
1379,orchal
1380,orchanet
1381,orchard
1382,orcharding
1383,orchardist
1384,orchel
1385,orchesography
1386,orchester
1387,orchestian
1388,orchestra
1389,orchestral
1390,orchestration
1391,orchestre
1392,orchestric
1393,orchestrion
1394,orchid
1395,orchidaceous
1396,orchidean
1397,orchideous
1398,orchidologist
1399,orchidology
1400,orchil
1401,orchises
1402,orchis
1403,orchitis
1404,orchotomy
1405,orcin
1406,ord
1407,ordained
1408,ordaining
1409,ordain
1410,ordainable
1411,ordainer
1412,ordainment
1413,ordal
1414,ordalian
1415,ordeal
1416,order
1417,ordered
1418,ordering
1419,orderable
1420,orderer
1421,orderless
1422,orderliness
1423,orderly
1424,orderlies
1425,ordinability
1426,ordinable
1427,ordinal
1428,ordinalism
1429,ordinance
1430,ordinand
1431,ordinant
1432,ordinarily
1433,ordinary
1434,ordinaries
1435,ordinaryship
1436,ordinate
1437,ordinately
1438,ordination
1439,ordinative
1440,ordinator
1441,ordnance
1442,ordonnance
1443,ordonnant
1444,ordovian
1445,ordovician
1446,ordure
1447,ordurous
1448,ore
1449,oread
1450,oreades
1451,orectic
1452,oreide
1453,oreodon
1454,oreodont
1455,oreographic
1456,oreography
1457,oreoselin
1458,oreosoma
1459,oreweed
1460,orewood
1461,orf
1462,orfe
1463,orfgild
1464,orfray
1465,orfrays
1466,orgal
1467,organ
1468,organdie
1469,organdy
1470,organic
1471,organical
1472,organically
1473,organicalness
1474,organicism
1475,organific
1476,organism
1477,organist
1478,organista
1479,organity
1480,organizability
1481,organizable
1482,organization
1483,organized
1484,organizing
1485,organize
1486,organizer
1487,organling
1488,organogen
1489,organogenesis
1490,organogenic
1491,organogeny
1492,organographic
1493,organographical
1494,organographist
1495,organography
1496,organoleptic
1497,organological
1498,organology
1499,organometallic
1500,organon
1501,organum
1502,organonymy
1503,organophyly
1504,organoplastic
1505,organoscopy
1506,organotrophic
1507,organule
1508,organy
1509,organzine
1510,orgasm
1511,orgeat
1512,orgeis
1513,orgiastic
1514,orgies
1515,orgillous
1516,orgue
1517,orgulous
1518,orgy
1519,orgyia
1520,oricalche
1521,orichalceous
1522,orichalch
1523,oriel
1524,oriency
1525,orient
1526,oriental
1527,orientalism
1528,orientalist
1529,orientality
1530,orientalized
1531,orientalizing
1532,orientalize
1533,orientated
1534,orientating
1535,orientate
1536,orientation
1537,orientness
1538,orifice
1539,oriflamb
1540,oriflamme
1541,origan
1542,origanum
1543,origenism
1544,origenist
1545,origin
1546,originable
1547,original
1548,originalist
1549,originality
1550,originally
1551,originalness
1552,originant
1553,originary
1554,originated
1555,originating
1556,originate
1557,origination
1558,originative
1559,originator
1560,orillon
1561,oriol
1562,oriole
1563,orion
1564,oriskany
1565,orismological
1566,orismology
1567,orison
1568,orisont
1569,ork
1570,orkneyan
1571,orle
1572,orleans
1573,orlo
1574,orlop
1575,ormer
1576,ormolu
1577,ormuzd
1578,orn
1579,ornament
1580,ornamented
1581,ornamenting
1582,ornamental
1583,ornamentally
1584,ornamentation
1585,ornamenter
1586,ornate
1587,ornately
1588,ornateness
1589,ornature
1590,ornithic
1591,ornithichnite
1592,ornithichnology
1593,ornithodelphia
1594,ornithoidichnite
1595,ornitholite
1596,ornithologic
1597,ornithological
1598,ornithologist
1599,ornithology
1600,ornithomancy
1601,ornithon
1602,ornithopappi
1603,ornithopoda
1604,ornithorhynchus
1605,ornithosauria
1606,ornithoscelida
1607,ornithoscopy
1608,ornithotomical
1609,ornithotomist
1610,ornithotomy
1611,orographic
1612,orographical
1613,orography
1614,orohippus
1615,oroide
1616,orological
1617,orologist
1618,orology
1619,orotund
1620,orotundity
1621,orphaline
1622,orphan
1623,orphaned
1624,orphaning
1625,orphanage
1626,orphancy
1627,orphanet
1628,orphanhood
1629,orphanism
1630,orphanotrophism
1631,orphanotrophy
1632,orpharion
1633,orphean
1634,orpheline
1635,orpheus
1636,orphic
1637,orphrey
1638,orpiment
1639,orpin
1640,orpine
1641,orrach
1642,orreries
1643,orrery
1644,orris
1645,orsedew
1646,orsedue
1647,orseille
1648,orsellic
1649,orsellinic
1650,orts
1651,ort
1652,ortalidian
1653,orthid
1654,orthis
1655,orthite
1656,orthocarbonic
1657,orthocenter
1658,orthoceras
1659,orthoceratite
1660,orthoclase
1661,orthoclastic
1662,orthodiagonal
1663,orthodome
1664,orthodox
1665,orthodoxal
1666,orthodoxality
1667,orthodoxally
1668,orthodoxastical
1669,orthodoxical
1670,orthodoxly
1671,orthodoxness
1672,orthodoxy
1673,orthodromic
1674,orthodromics
1675,orthodromy
1676,orthoepic
1677,orthoepical
1678,orthoepist
1679,orthoepy
1680,orthogamy
1681,orthognathic
1682,orthognathism
1683,orthognathous
1684,orthogon
1685,orthogonal
1686,orthogonally
1687,orthographer
1688,orthographic
1689,orthographical
1690,orthographically
1691,orthographist
1692,orthographize
1693,orthography
1694,orthology
1695,orthometric
1696,orthometry
1697,orthomorphic
1698,orthopedic
1699,orthopedical
1700,orthopedist
1701,orthopedy
1702,orthophony
1703,orthopinacoid
1704,orthopn/a
1705,orthopny
1706,orthopoda
1707,orthopraxy
1708,orthoptera
1709,orthopteran
1710,orthopterous
1711,orthorhombic
1712,orthoscope
1713,orthoscopic
1714,orthosilicic
1715,orthospermous
1716,orthostade
1717,orthostichies
1718,orthostichy
1719,orthotomic
1720,orthotomous
1721,orthotomy
1722,orthotone
1723,orthotropal
1724,orthotropous
1725,orthotropic
1726,orthoxylene
1727,ortive
1728,ortolan
1729,ortygan
1730,orval
1731,orvet
1732,orvietan
1733,oryal
1734,oryall
1735,oryctere
1736,orycterope
1737,oryctognosy
1738,oryctography
1739,oryctological
1740,oryctologist
1741,oryctology
1742,oryx
1743,oryza
1744,ossa
1745,os
1746,osar
1747,osages
1748,osanne
1749,oscan
1750,oscillancy
1751,oscillaria
1752,oscillated
1753,oscillating
1754,oscillate
1755,oscillation
1756,oscillative
1757,oscillatoria
1758,oscillatory
1759,oscine
1760,oscines
1761,oscinian
1762,oscinine
1763,oscitancy
1764,oscitant
1765,oscitantly
1766,oscitate
1767,oscitation
1768,osculant
1769,osculated
1770,osculating
1771,osculate
1772,osculation
1773,osculatory
1774,osculatrixes
1775,osculatrix
1776,oscule
1777,oscula
1778,osculum
1779,osier
1780,osiered
1781,osiery
1782,osiris
1783,osmanlis
1784,osmanli
1785,osmate
1786,osmateria
1787,osmaterium
1788,osmazome
1789,osmiamate
1790,osmiamic
1791,osmic
1792,osmidrosis
1793,osmious
1794,osmite
1795,osmium
1796,osmometer
1797,osmometry
1798,osmose
1799,osmosis
1800,osmotic
1801,osmund
1802,osnaburg
1803,osphradia
1804,osphradium
1805,osprey
1806,ospray
1807,oss
1808,osse
1809,ossean
1810,ossein
1811,osselet
1812,osseous
1813,osseter
1814,ossianic
1815,ossicle
1816,ossiculated
1817,ossicula
1818,ossiculum
1819,ossiferous
1820,ossific
1821,ossification
1822,ossified
1823,ossifrage
1824,ossifragous
1825,ossifying
1826,ossify
1827,ossivorous
1828,osspringer
1829,ossuarium
1830,ossuary
1831,ost
1832,osteal
1833,ostein
1834,osteitis
1835,osteler
1836,ostend
1837,ostensibility
1838,ostensible
1839,ostensibly
1840,ostension
1841,ostensive
1842,ostensively
1843,ostensorium
1844,ostensory
1845,ostent
1846,ostentate
1847,ostentation
1848,ostentatious
1849,ostentator
1850,ostentive
1851,ostentous
1852,osteoblast
1853,osteoclasis
1854,osteoclast
1855,osteocolla
1856,osteocommata
1857,osteocommas
1858,osteocomma
1859,osteocope
1860,osteocranium
1861,osteodentine
1862,osteogen
1863,osteogenesis
1864,osteogeny
1865,osteogenetic
1866,osteogenic
1867,osteographer
1868,osteography
1869,osteoid
1870,osteolite
1871,osteologer
1872,osteologic
1873,osteological
1874,osteologist
1875,osteology
1876,osteomata
1877,osteoma
1878,osteomalacia
1879,osteomanty
1880,osteomere
1881,osteophone
1882,osteoplast
1883,osteoplastic
1884,osteoplasty
1885,osteopterygious
1886,osteosarcomata
1887,osteosarcoma
1888,osteotome
1889,osteotomist
1890,osteotomy
1891,osteozoa
1892,ostiary
1893,ostic
1894,ostiole
1895,ostitis
1896,ostia
1897,ostium
1898,ostler
1899,ostleress
1900,ostlery
1901,ostmen
1902,ostosis
1903,ostracea
1904,ostracean
1905,ostracion
1906,ostraciont
1907,ostracism
1908,ostracite
1909,ostracized
1910,ostracizing
1911,ostracize
1912,ostracoda
1913,ostracodermi
1914,ostracoid
1915,ostracoidea
1916,ostrea
1917,ostreaceous
1918,ostreaculture
1919,ostreophagist
1920,ostrich
1921,ostriferous
1922,ostrogoth
1923,ostrogothic
1924,otacoustic
1925,otacousticon
1926,otalgia
1927,otalgic
1928,otalgy
1929,otaries
1930,otary
1931,otheoscope
1932,other
1933,othergates
1934,otherguise
1935,otherguess
1936,otherness
1937,otherways
1938,otherwhere
1939,otherwhile
1940,otherwhiles
1941,otherwise
1942,othman
1943,otic
1944,otiose
1945,otiosity
1946,otis
1947,otitis
1948,otoconite
1949,otocrane
1950,otocranial
1951,otocyst
1952,otography
1953,otolith
1954,otolite
1955,otolithic
1956,otolitic
1957,otological
1958,otologist
1959,otology
1960,otopathy
1961,otorrh/a
1962,otoscope
1963,otoscopeic
1964,otoscopy
1965,otosteal
1966,otozoum
1967,ottar
1968,ottawas
1969,otter
1970,otto
1971,ottoman
1972,ottomans
1973,ottomite
1974,ottrelite
1975,ouakari
1976,ouanderoo
1977,ouarine
1978,oubliette
1979,ouch
1980,oughne
1981,ought
1982,oughtness
1983,oughwhere
1984,ouistiti
1985,oul
1986,oulachan
1987,ounce
1988,ounded
1989,oundy
1990,ounding
1991,ouphe
1992,ouphen
1993,our
1994,ourang
1995,ouranographist
1996,ouranography
1997,ourebi
1998,ouretic
1999,ourology
2000,ouroscopy
2001,ours
2002,ourselves
2003,ouse
2004,ousel
2005,oust
2006,ousted
2007,ousting
2008,ouster
2009,out
2010,outact
2011,outagamies
2012,outargue
2013,outbabble
2014,outbalance
2015,outbar
2016,outbeg
2017,outbid
2018,outbade
2019,outbidden
2020,outbidding
2021,outbidder
2022,outbleat
2023,outblown
2024,outblush
2025,outboard
2026,outborn
2027,outbound
2028,outbounds
2029,outbow
2030,outbowed
2031,outbrag
2032,outbrave
2033,outbray
2034,outbrazen
2035,outbreak
2036,outbreaking
2037,outbreast
2038,outbreathe
2039,outbribe
2040,outbring
2041,outbud
2042,outbuilt
2043,outbuilded
2044,outbuilding
2045,outbuild
2046,outburn
2047,outburst
2048,outcant
2049,outcast
2050,outcasting
2051,outcept
2052,outcheat
2053,outclimb
2054,outcome
2055,outcompass
2056,outcourt
2057,outcrafty
2058,outcrier
2059,outcrop
2060,outcry
2061,outdare
2062,outdated
2063,outdazzle
2064,outdid
2065,outdone
2066,outdoing
2067,outdo
2068,outdoor
2069,outdoors
2070,outdraw
2071,outdream
2072,outdrink
2073,outdure
2074,outdwell
2075,outdweller
2076,outer
2077,outerly
2078,outermost
2079,outfaced
2080,outfacing
2081,outface
2082,outfall
2083,outfangthef
2084,outfawn
2085,outfeast
2086,outfeat
2087,outfield
2088,outfit
2089,outfitter
2090,outflank
2091,outflatter
2092,outfling
2093,outflow
2094,outflew
2095,outflown
2096,outflying
2097,outfly
2098,outfool
2099,outform
2100,outfrown
2101,outgate
2102,outgaze
2103,outgeneraled
2104,outgeneralled
2105,outgeneraling
2106,outgeneralling
2107,outgeneral
2108,outgive
2109,outwent
2110,outgone
2111,outgoing
2112,outgo
2113,outgoes
2114,outgoer
2115,outground
2116,outgrew
2117,outgrown
2118,outgrowing
2119,outgrow
2120,outgrowth
2121,outguard
2122,outgush
2123,outhaul
2124,outhess
2125,outher
2126,outhire
2127,outhouse
2128,outing
2129,outjest
2130,outjet
2131,outjuggle
2132,outkeeper
2133,outknave
2134,outlabor
2135,outland
2136,outlander
2137,outlandish
2138,outlast
2139,outlaugh
2140,outlaw
2141,outlawed
2142,outlawing
2143,outlawries
2144,outlawry
2145,outlay
2146,outleap
2147,outlearn
2148,outlet
2149,outlie
2150,outlier
2151,outlimb
2152,outline
2153,outlined
2154,outlining
2155,outlinear
2156,outlived
2157,outliving
2158,outlive
2159,outliver
2160,outlook
2161,outloose
2162,outlope
2163,outluster
2164,outlustre
2165,outlying
2166,outmaneuver
2167,outmanoeuvre
2168,outmantle
2169,outmarch
2170,outmeasure
2171,outmost
2172,outmount
2173,outname
2174,outness
2175,outnoise
2176,outnumber
2177,outpace
2178,outparamour
2179,outparish
2180,outpart
2181,outpass
2182,outpassion
2183,outpeer
2184,outplay
2185,outpoise
2186,outport
2187,outpost
2188,outpour
2189,outpower
2190,outpray
2191,outpreach
2192,outprize
2193,output
2194,outquench
2195,outrage
2196,outragen
2197,outraging
2198,outrageous
2199,outrance
2200,outrank
2201,outray
2202,outraye
2203,outraze
2204,outre
2205,outreach
2206,outreason
2207,outreckon
2208,outrecuidance
2209,outrede
2210,outreign
2211,outride
2212,outrider
2213,outrigger
2214,outright
2215,outring
2216,outrival
2217,outrive
2218,outroad
2219,outrode
2220,outroar
2221,outromance
2222,outroom
2223,outroot
2224,outran
2225,outrun
2226,outrunning
2227,outrunner
2228,outrush
2229,outsail
2230,outscent
2231,outscold
2232,outscorn
2233,outscouring
2234,outscout
2235,outsee
2236,outsell
2237,outsentry
2238,outset
2239,outsettler
2240,outshine
2241,outshoot
2242,outshut
2243,outside
2244,outsider
2245,outsing
2246,outsit
2247,outskirt
2248,outsleep
2249,outslide
2250,outsoar
2251,outsole
2252,outsound
2253,outspan
2254,outsparkle
2255,outspeak
2256,outspeed
2257,outspend
2258,outspin
2259,outspoken
2260,outsport
2261,outspread
2262,outspring
2263,outstand
2264,outstanding
2265,outstare
2266,outstart
2267,outstay
2268,outstep
2269,outstorm
2270,outstreet
2271,outstretch
2272,outstride
2273,outstrike
2274,outstripped
2275,outstripping
2276,outstrip
2277,outsuffer
2278,outswear
2279,outsweeten
2280,outswell
2281,outtake
2282,outtaken
2283,outtalk
2284,outtell
2285,outterm
2286,outthrow
2287,outtoil
2288,outtongue
2289,outtop
2290,outtravel
2291,outtwine
2292,outvalue
2293,outvenom
2294,outvie
2295,outvillain
2296,outvoice
2297,outvote
2298,outwalk
2299,outwall
2300,outward
2301,outwards
2302,outwatch
2303,outway
2304,outwear
2305,outweary
2306,outweed
2307,outweep
2308,outweigh
2309,outwell
2310,outwhore
2311,outwin
2312,outwind
2313,outwing
2314,outwit
2315,outwoe
2316,outwork
2317,outworth
2318,outwrest
2319,outwrite
2320,outzany
2321,ouvarovite
2322,ouze
2323,ouzel
2324,ova
2325,oval
2326,ovalbumin
2327,ovalbumen
2328,ovaliform
2329,ovally
2330,ovant
2331,ovarian
2332,ovarial
2333,ovariole
2334,ovariotomist
2335,ovariotomy
2336,ovarious
2337,ovaritis
2338,ovaria
2339,ovariums
2340,ovarium
2341,ovaries
2342,ovary
2343,ovate
2344,ovated
2345,ovation
2346,oven
2347,ovenbird
2348,over
2349,overabound
2350,overact
2351,overaction
2352,overaffect
2353,overagitate
2354,overall
2355,overalls
2356,overanxiety
2357,overanxious
2358,overarch
2359,overawed
2360,overawing
2361,overawe
2362,overawful
2363,overbalance
2364,overbarren
2365,overbattle
2366,overbear
2367,overbearing
2368,overbend
2369,overbid
2370,overbide
2371,overblow
2372,overboard
2373,overboil
2374,overbold
2375,overbookish
2376,overbounteous
2377,overbow
2378,overbreed
2379,overbrim
2380,overbrow
2381,overbuild
2382,overbuilt
2383,overbulk
2384,overburden
2385,overburdensome
2386,overburn
2387,overbuy
2388,overcanopy
2389,overcapable
2390,overcare
2391,overcareful
2392,overcarking
2393,overcarry
2394,overcast
2395,overcatch
2396,overcautious
2397,overchange
2398,overcharge
2399,overclimb
2400,overcloud
2401,overcloy
2402,overcoat
2403,overcold
2404,overcolor
2405,overcame
2406,overcome
2407,overcoming
2408,overcomer
2409,overconfidence
2410,overconfident
2411,overcostly
2412,overcount
2413,overcover
2414,overcredulous
2415,overcrow
2416,overcrowd
2417,overcunning
2418,overcurious
2419,overdare
2420,overdate
2421,overdeal
2422,overdelicate
2423,overdelighted
2424,overdight
2425,overdid
2426,overdone
2427,overdoing
2428,overdo
2429,overdoer
2430,overdose
2431,overdrew
2432,overdrawn
2433,overdrawing
2434,overdraw
2435,overdress
2436,overdrink
2437,overdtive
2438,overdrown
2439,overdry
2440,overdue
2441,overdye
2442,overeager
2443,overearnest
2444,overeat
2445,overelegant
2446,overempty
2447,overest
2448,overestimate
2449,overexcite
2450,overexcitement
2451,overexert
2452,overexertion
2453,overexquisite
2454,overeye
2455,overfall
2456,overfatigue
2457,overfed
2458,overfeeding
2459,overfeed
2460,overfierce
2461,overfill
2462,overfish
2463,overfloat
2464,overflourish
2465,overflowed
2466,overflowing
2467,overflow
2468,overflowingly
2469,overflush
2470,overflutter
2471,overflux
2472,overflew
2473,overflown
2474,overflying
2475,overfly
2476,overfond
2477,overforce
2478,overforward
2479,overfree
2480,overfreighted
2481,overfraught
2482,overfreighting
2483,overfreight
2484,overfrequent
2485,overfrieze
2486,overfront
2487,overfruitful
2488,overfull
2489,overfullness
2490,overgarrison
2491,overgaze
2492,overget
2493,overgild
2494,overgird
2495,overgive
2496,overglad
2497,overglance
2498,overglide
2499,overgloom
2500,overwent
2501,overgone
2502,overgoing
2503,overgo
2504,overgorge
2505,overgrace
2506,overgrassed
2507,overgreat
2508,overgreatness
2509,overgreedy
2510,overgross
2511,overground
2512,overgrew
2513,overgrown
2514,overgrowing
2515,overgrow
2516,overgrowth
2517,overhall
2518,overhale
2519,overhand
2520,overhandle
2521,overhung
2522,overhanging
2523,overhang
2524,overhappy
2525,overharden
2526,overhardy
2527,overhaste
2528,overhasty
2529,overhauled
2530,overhauling
2531,overhaul
2532,overhead
2533,overheard
2534,overhearing
2535,overhear
2536,overheat
2537,overheavy
2538,overhele
2539,overhent
2540,overhigh
2541,overhighly
2542,overhipped
2543,overhipping
2544,overhip
2545,overhold
2546,overinfluence
2547,overinform
2548,overissue
2549,overjealous
2550,overjoy
2551,overjump
2552,overking
2553,overknowing
2554,overlabored
2555,overlaboring
2556,overlabor
2557,overladed
2558,overladen
2559,overlading
2560,overlade
2561,overland
2562,overlander
2563,overlanguaged
2564,overlap
2565,overlarge
2566,overlargeness
2567,overlash
2568,overlashing
2569,overlate
2570,overlave
2571,overlavish
2572,overlaid
2573,overlaying
2574,overlay
2575,overlayer
2576,overlead
2577,overleap
2578,overlearned
2579,overleather
2580,overleaven
2581,overliberal
2582,overliberally
2583,overlick
2584,overlain
2585,overlying
2586,overlie
2587,overlight
2588,overliness
2589,overlinger
2590,overlip
2591,overlive
2592,overliver
2593,overloaded
2594,overloading
2595,overload
2596,overlogical
2597,overlong
2598,overlooked
2599,overlooking
2600,overlook
2601,overlooker
2602,overloop
2603,overlord
2604,overlordship
2605,overloud
2606,overlove
2607,overluscious
2608,overlusty
2609,overly
2610,overmagnify
2611,overmalapert
2612,overmanner
2613,overmarch
2614,overmast
2615,overmaster
2616,overmatch
2617,overmeasure
2618,overmeddle
2619,overmeddling
2620,overmellow
2621,overmerit
2622,overmickle
2623,overmix
2624,overmodest
2625,overmoist
2626,overmoisture
2627,overmore
2628,overmorrow
2629,overmost
2630,overmount
2631,overmuch
2632,overmuchness
2633,overmultiply
2634,overmultitude
2635,overname
2636,overneat
2637,overnice
2638,overnight
2639,overnoise
2640,overnumerous
2641,overoffice
2642,overofficious
2643,overpaint
2644,overpamper
2645,overpart
2646,overpassed
2647,overpassing
2648,overpass
2649,overpassionate
2650,overpatient
2651,overpaid
2652,overpaying
2653,overpay
2654,overpeer
2655,overpeople
2656,overperch
2657,overpersuade
2658,overpester
2659,overpicture
2660,overplease
2661,overplus
2662,overply
2663,overpoise
2664,overpolish
2665,overponderous
2666,overpost
2667,overpotent
2668,overpowered
2669,overpowering
2670,overpower
2671,overpraise
2672,overpraising
2673,overpress
2674,overpressure
2675,overprize
2676,overproduction
2677,overprompt
2678,overproof
2679,overproportion
2680,overproud
2681,overprovident
2682,overprovoke
2683,overquell
2684,overquietness
2685,overraked
2686,overraking
2687,overrake
2688,overrank
2689,overrated
2690,overrating
2691,overrate
2692,overreached
2693,overraught
2694,overreaching
2695,overreach
2696,overreacher
2697,overread
2698,overready
2699,overreckon
2700,overred
2701,overrefine
2702,overrefinement
2703,overrent
2704,overrich
2705,overrode
2706,overridden
2707,overrid
2708,overriding
2709,override
2710,overrigged
2711,overrighteous
2712,overrigid
2713,overrigorous
2714,overripe
2715,overripen
2716,overroast
2717,overruled
2718,overruling
2719,overrule
2720,overruler
2721,overran
2722,overrun
2723,overrunning
2724,overrunner
2725,oversaturate
2726,oversay
2727,overscented
2728,overscrupulosity
2729,overscrupulous
2730,overscrupulousness
2731,oversea
2732,overseas
2733,oversearch
2734,overseason
2735,oversaw
2736,overseen
2737,overseeing
2738,oversee
2739,overseer
2740,overseership
2741,oversold
2742,overselling
2743,oversell
2744,overset
2745,oversetting
2746,overshade
2747,overshadowed
2748,overshadowing
2749,overshadow
2750,overshadower
2751,overshadowy
2752,overshake
2753,overshine
2754,overshoe
2755,overshot
2756,overshooting
2757,overshoot
2758,oversight
2759,oversize
2760,overskip
2761,overskirt
2762,overslaugh
2763,oversleep
2764,overslide
2765,overslip
2766,overslop
2767,overslow
2768,oversmen
2769,oversman
2770,oversnow
2771,oversoon
2772,oversorrow
2773,oversoul
2774,oversow
2775,overspan
2776,overspeak
2777,overspin
2778,overspread
2779,overspreading
2780,overspring
2781,overstand
2782,overstare
2783,overstated
2784,overstating
2785,overstate
2786,overstatement
2787,overstayed
2788,overstaid
2789,overstaying
2790,overstay
2791,overstepped
2792,overstepping
2793,overstep
2794,overstock
2795,overstocked
2796,overstocking
2797,overstore
2798,overstrained
2799,overstraining
2800,overstrain
2801,overstraitly
2802,overstraw
2803,overstrew
2804,overstrict
2805,overstride
2806,overstrike
2807,overstrow
2808,overstudious
2809,oversubtile
2810,oversum
2811,oversupply
2812,oversure
2813,oversway
2814,overswell
2815,overt
2816,overtook
2817,overtaken
2818,overtaking
2819,overtake
2820,overtalk
2821,overtask
2822,overtax
2823,overtedious
2824,overtempt
2825,overthrew
2826,overthrown
2827,overthrowing
2828,overthrow
2829,overthwart
2830,overthwartly
2831,overthwartness
2832,overtilt
2833,overtime
2834,overtire
2835,overtitle
2836,overtly
2837,overtoil
2838,overtone
2839,overtopped
2840,overtopping
2841,overtop
2842,overtower
2843,overtrade
2844,overtrading
2845,overtread
2846,overtrip
2847,overtroubled
2848,overtrow
2849,overtrust
2850,overture
2851,overturned
2852,overturning
2853,overturn
2854,overturnable
2855,overturner
2856,overvail
2857,overvaluation
2858,overvalued
2859,overvaluing
2860,overvalue
2861,overveil
2862,overview
2863,overvote
2864,overwalk
2865,overwar
2866,overwary
2867,overwash
2868,overwasted
2869,overwatch
2870,overwax
2871,overweak
2872,overwear
2873,overweary
2874,overweather
2875,overween
2876,overweener
2877,overweening
2878,overweigh
2879,overweight
2880,overwell
2881,overwet
2882,overwhelmed
2883,overwhelming
2884,overwhelm
2885,overwind
2886,overwing
2887,overwise
2888,overwit
2889,overword
2890,overworked
2891,overwrought
2892,overworking
2893,overwork
2894,overworn
2895,overwrest
2896,overwrestle
2897,overzeal
2898,overzealous
2899,ovicapsule
2900,ovicell
2901,ovioular
2902,ovicyst
2903,ovidian
2904,oviducal
2905,oviduct
2906,oviferous
2907,oviform
2908,ovigerons
2909,ovile
2910,ovine
2911,ovipara
2912,oviparity
2913,oviparous
2914,oviposited
2915,ovipositing
2916,oviposit
2917,oviposition
2918,ovipositor
2919,ovisac
2920,ovist
2921,ovococci
2922,ovococcus
2923,ovoid
2924,ovoidal
2925,ovolo
2926,ovology
2927,ovoplasma
2928,ovotesttis
2929,ovoviviparous
2930,ovular
2931,ovulary
2932,ovulate
2933,ovulation
2934,ovule
2935,ovuliferous
2936,ovulist
2937,ovulite
2938,ovula
2939,ovulum
2940,ovums
2941,ovum
2942,owch
2943,owed
2944,owing
2945,owe
2946,owel
2947,owelty
2948,owen
2949,owenite
2950,owher
2951,owl
2952,owled
2953,owling
2954,owler
2955,owleries
2956,owlery
2957,owlet
2958,owlish
2959,owlism
2960,owllight
2961,own
2962,owned
2963,owning
2964,owner
2965,ownerless
2966,ownership
2967,owre
2968,owse
2969,owser
2970,oxen
2971,ox
2972,oxacid
2973,oxalan
2974,oxalantin
2975,oxalate
2976,oxaldehyde
2977,oxalethyline
2978,oxalic
2979,oxaline
2980,oxalis
2981,oxalite
2982,oxaluramide
2983,oxalurate
2984,oxaluric
2985,oxalyl
2986,oxamate
2987,oxamethane
2988,oxamethylane
2989,oxamic
2990,oxamide
2991,oxamidine
2992,oxanillamide
2993,oxanilate
2994,oxanilic
2995,oxanilide
2996,oxbane
2997,oxbird
2998,oxbiter
2999,oxbow
3000,oxeye
3001,oxeyed
3002,oxfly
3003,oxford
3004,oxgang
3005,oxgoad
3006,oxhead
3007,oxheal
3008,oxheart
3009,oxhide
3010,oxid
3011,oxidability
3012,oxidable
3013,oxidated
3014,oxidating
3015,oxidate
3016,oxidation
3017,oxidator
3018,oxide
3019,oxidizable
3020,oxidized
3021,oxidizing
3022,oxidize
3023,oxidizement
3024,oxidizer
3025,oxidulated
3026,oxime
3027,oxindol
3028,oxiodic
3029,oxlike
3030,oxlip
3031,oxonate
3032,oxonian
3033,oxonic
3034,oxpecker
3035,oxshoe
3036,oxter
3037,oxtongue
3038,oxyacetic
3039,oxyacid
3040,oxyammonia
3041,oxybenzene
3042,oxybenzoic
3043,oxybromic
3044,oxybutyric
3045,oxycalcium
3046,oxycaproic
3047,oxychloric
3048,oxychloride
3049,oxycrate
3050,oxycymene
3051,oxygen
3052,oxygenated
3053,oxygenating
3054,oxygenate
3055,oxygenation
3056,oxygenator
3057,oxygenic
3058,oxygenium
3059,oxygenizable
3060,oxygenized
3061,oxygenizing
3062,oxygenize
3063,oxygenizement
3064,oxygenous
3065,oxygon
3066,oxygonal
3067,oxygonial
3068,oxyhaemacyanin
3069,oxyhaemocyanin
3070,oxyhaemoglobin
3071,oxyhemoglobin
3072,oxyhydrogen
3073,oxymel
3074,oxymethylene
3075,oxymoron
3076,oxymuriate
3077,oxymuriatic
3078,oxyneurine
3079,oxyntic
3080,oxyopia
3081,oxyopy
3082,oxyphenic
3083,oxyphenol
3084,oxyphony
3085,oxyquinoline
3086,oxyrhyncha
3087,oxyrrhodine
3088,oxysalt
3089,oxysulphide
3090,oxysulphuret
3091,oxytocic
3092,oxytoluene
3093,oxytone
3094,oxytonical
3095,oyer
3096,oyez
3097,oylet
3098,oynoun
3099,oyster
3100,oystering
3101,oysterling
3102,ozena
3103,ozocerite
3104,ozonation
3105,ozone
3106,ozonic
3107,ozonification
3108,ozonization
3109,ozonized
3110,ozonizing
3111,ozonize
3112,ozonizer
3113,ozonometer
3114,ozonometric
3115,ozonometry
3116,ozonoscope
3117,ozonoscopic
3118,ozonous
