,Q,Length
0,qua,3
1,quab,4
2,quacha,6
3,qvacked,7
4,quacking,8
5,quack,5
6,quackeries,10
7,quackery,8
8,quackish,8
9,quackism,8
10,quackled,8
11,quackling,9
12,quackle,7
13,quacksalver,11
14,quad,4
15,quade,5
16,quadrae,7
17,quadra,6
18,quadrable,9
19,quadragenarious,15
20,quadragene,10
21,quadragesima,12
22,quadragesimal,13
23,quadragesimals,14
24,quadrangle,10
25,quadrangular,12
26,quadrantes,10
27,quadrans,8
28,quadrant,8
29,quadrantal,10
30,quadrat,7
31,quadrate,8
32,quadrated,9
33,quadrating,10
34,quadratic,9
35,quadratics,10
36,quadratojugal,13
37,quadratrix,10
38,quadrature,10
39,quadrel,7
40,quadrennial,11
41,quadrennially,13
42,quadrennium,11
43,quadribasic,11
44,quadrible,9
45,quadric,7
46,quadricapsular,14
47,quadriceps,10
48,quadricipital,13
49,quadricorn,10
50,quadricornous,13
51,quadricostate,13
52,quadridentate,13
53,quadriennial,12
54,quadrifarious,13
55,quadrifid,9
56,quadrifoil,10
57,quadrifoliate,13
58,quadrifurcated,14
59,quadrigae,9
60,quadriga,8
61,quadrigeminal,13
62,quadrigeminous,14
63,quadrigenarious,15
64,quadrijugate,12
65,quadrijugous,12
66,quadrilateral,13
67,quadrilateralness,17
68,quadriliteral,13
69,quadrille,9
70,quadrillion,11
71,quadrilobate,12
72,quadrilobed,11
73,quadrilocular,13
74,quadrin,7
75,quadrinodal,11
76,quadrinomial,12
77,quadrinomical,13
78,quadrinominal,13
79,quadripartite,13
80,quadripartitely,15
81,quadripartition,15
82,quadripennate,13
83,quadriphyllous,14
84,quadrireme,10
85,quadrisection,13
86,quadrisulcate,13
87,quadrisyllabic,14
88,quadrisyllable,14
89,quadrivalence,13
90,quadrivalent,12
91,quadrivalve,11
92,quadrivalvular,14
93,quadrivial,10
94,quadrivium,10
95,quadroon,8
96,quadroxide,10
97,quadrumana,10
98,quadrumane,10
99,quadrumanous,12
100,quadruped,9
101,quadrupedal,11
102,quadruple,9
103,quadrupled,10
104,quadrupling,11
105,quadruplex,10
106,quadruplicated,14
107,quadruplicating,15
108,quadruplicate,13
109,quadruplication,15
110,quadruply,9
111,quaere,6
112,quaestor,8
113,quaffed,7
114,quaffing,8
115,quaff,5
116,quaffer,7
117,quag,4
118,quagga,6
119,quaggy,6
120,quagmire,8
121,quahog,6
122,quahaug,7
123,quaigh,6
124,quaich,6
125,qualled,7
126,qualling,8
127,quail,5
128,quaily,6
129,quaint,6
130,quaintise,9
131,quaintly,8
132,quaintness,10
133,quair,5
134,quaked,6
135,quaking,7
136,quake,5
137,quaker,6
138,quakeress,9
139,quakerish,9
140,quakerism,9
141,quakerlike,10
142,quakerly,8
143,quakery,7
144,quaketail,9
145,quakness,8
146,quakingly,9
147,quaky,5
148,qualifiable,11
149,qualification,13
150,qualificative,13
151,qualificator,12
152,qualified,9
153,qualifiedly,11
154,qualifiedness,13
155,qualifier,9
156,qualifying,10
157,qualify,7
158,qualitative,11
159,qualitied,9
160,qualities,9
161,quality,7
162,qualm,5
163,qualmish,8
164,quamash,7
165,quamoclit,9
166,quandaries,10
167,quandary,8
168,quandong,8
169,quandy,6
170,quannet,7
171,quant,5
172,quantic,7
173,quantification,14
174,quantity,8
175,quantitative,12
176,quantitive,10
177,quantitively,12
178,quantities,10
179,quantivalence,13
180,quantivalent,12
181,quanta,6
182,quantum,7
183,quap,4
184,quaquaversal,12
185,quar,4
186,quarantine,10
187,quarantined,11
188,quarantining,12
189,quarl,5
190,quarrel,7
191,quarreled,9
192,quarrelled,10
193,quarreling,10
194,quarrelling,11
195,quarrelet,9
196,quarrellous,11
197,quarrelsome,11
198,quarried,8
199,quarrier,8
200,quarry,6
201,quarries,8
202,quarrying,9
203,quarrymen,9
204,quart,5
205,quartan,7
206,quartane,8
207,quartation,10
208,quarte,6
209,quartene,8
210,quartenylic,11
211,quarter,7
212,quartered,9
213,quartering,10
214,quartter,8
215,quarterage,10
216,quarterfoil,11
217,quarterhung,11
218,quarterly,9
219,quarterlies,11
220,quartermaster,13
221,quartern,8
222,quarteron,9
223,quarteroon,10
224,quarterpace,11
225,quarterstaves,13
226,quarterstaff,12
227,quartet,7
228,quartette,9
229,quartic,7
230,quartile,8
231,quartine,8
232,quarto,6
233,quartos,7
234,quartridge,10
235,quartz,6
236,quartziferous,13
237,quartzite,9
238,quartzoid,9
239,quartzose,9
240,quartzous,9
241,quartzy,7
242,quas,4
243,quaschi,7
244,quasje,6
245,quash,5
246,quashed,7
247,quashing,8
248,quashee,7
249,quasi,5
250,quasimodo,9
251,quass,5
252,quassation,10
253,quassia,7
254,quassin,7
255,quat,4
256,quata,5
257,quatch,6
258,quaternary,10
259,quaternate,10
260,quaternion,10
261,quaternity,10
262,quateron,8
263,quatorzain,10
264,quatorze,8
265,quatrain,8
266,quatre,6
267,quatrefeuille,13
268,quatrefoil,10
269,quatuor,7
270,quave,5
271,quavemire,9
272,quavered,8
273,quavering,9
274,quaver,6
275,quaverer,8
276,quay,4
277,quayage,7
278,quayd,5
279,que,3
280,queach,6
281,queachy,7
282,quean,5
283,queasily,8
284,queasiness,10
285,queasy,6
286,quebracho,9
287,quebrith,8
288,quech,5
289,queck,5
290,queen,5
291,queened,7
292,queening,8
293,queencraft,10
294,queendom,8
295,queenfish,9
296,queenhood,9
297,queenliness,11
298,queenly,7
299,queenship,9
300,queer,5
301,queerish,8
302,queerly,7
303,queerness,9
304,queest,6
305,quegh,5
306,queint,6
307,queintise,9
308,quelled,7
309,quelling,8
310,quell,5
311,queller,7
312,quellio,7
313,quelquechose,12
314,queme,5
315,quemeful,8
316,quenched,8
317,quenching,9
318,quench,6
319,quenchable,10
320,quencher,8
321,quenchless,10
322,quenelle,8
323,quercitannic,12
324,quercite,8
325,quercitin,9
326,quercitrin,10
327,quercitron,10
328,quercus,7
329,querele,7
330,querent,7
331,quermonious,11
332,querimony,9
333,querist,7
334,querken,7
335,querl,5
336,quern,5
337,querpo,6
338,querquedule,11
339,querry,6
340,querulential,12
341,querulous,9
342,queries,7
343,query,5
344,queried,7
345,querying,8
346,quesal,6
347,quest,5
348,questant,8
349,quester,7
350,question,8
351,questioned,10
352,questioning,11
353,questionability,15
354,questionable,12
355,questionableness,16
356,questionably,12
357,questionary,11
358,questioner,10
359,questionist,11
360,questionless,12
361,questmen,8
362,questman,8
363,questmonger,11
364,questor,7
365,questorship,11
366,questrist,9
367,questuary,9
368,quet,4
369,queue,5
370,quey,4
371,quib,4
372,quibble,7
373,quibbled,8
374,quibbling,9
375,quibbler,8
376,quibblingly,11
377,quica,5
378,quice,5
379,quich,5
380,quick,5
381,quickbeam,9
382,quickened,9
383,quickening,10
384,quicken,7
385,quickener,9
386,quickens,8
387,quickhatch,10
388,quicklime,9
389,quickly,7
390,quickness,9
391,quicksand,9
392,quickset,8
393,quicksilver,11
394,quicksilvered,13
395,quicksilvering,14
396,quickstep,9
397,quickwork,9
398,quid,4
399,quidam,6
400,quiddany,8
401,quiddative,10
402,quiddit,7
403,quidditative,12
404,quiddities,10
405,quiddity,8
406,quiddled,8
407,quiddling,9
408,quiddle,7
409,quiddler,8
410,quidnunc,8
411,quiesced,8
412,quiescing,9
413,quiesce,7
414,quiescence,10
415,quiescency,10
416,quiescent,9
417,quiescently,11
418,quiet,5
419,quieted,7
420,quieting,8
421,quietage,8
422,quieter,7
423,quietism,8
424,quietist,8
425,quietistic,10
426,quietly,7
427,quietness,9
428,quietsome,9
429,quietude,8
430,quietus,7
431,quill,5
432,quilled,7
433,quilling,8
434,quillback,9
435,quillet,7
436,quillwort,9
437,quilt,5
438,quilted,7
439,quilting,8
440,quilter,7
441,quin,4
442,quinaldine,10
443,quinary,7
444,quiname,7
445,quinate,7
446,quinazol,8
447,quince,6
448,quincewort,10
449,quinch,6
450,quincuncial,11
451,quincuncially,13
452,quincunx,8
453,quindecagon,11
454,quindecemvirs,13
455,quindecemviri,13
456,quindecemvir,12
457,quindecemvirate,15
458,quindecone,10
459,quindecylic,11
460,quindem,7
461,quindism,8
462,quinhydrone,11
463,quinia,6
464,quinible,8
465,quinic,6
466,quinicine,9
467,quinidine,9
468,quinine,7
469,quininic,8
470,quininism,9
471,quinism,7
472,quinizarin,10
473,quinizine,9
474,quinnat,7
475,quinoa,6
476,quinogen,8
477,quinoidine,10
478,quinoline,9
479,quinologist,11
480,quinology,9
481,quinone,7
482,quinovic,8
483,quinovin,8
484,quinoxaline,11
485,quinoxyl,8
486,quinoyl,7
487,quinquagesima,13
488,quinquangular,13
489,quinquarticular,15
490,quinqueangled,13
491,quinquedentate,14
492,quinquedentated,15
493,quinquefarious,14
494,quinquefid,10
495,quinquefoliate,14
496,quinquefoliated,15
497,quinqueliteral,14
498,quinquelobate,13
499,quinquelobared,14
500,quinquelobed,12
501,quinquelocular,14
502,quinquenerved,13
503,quinquennalia,13
504,quinquennial,12
505,quinquennium,12
506,quinquepartite,14
507,quinquereme,11
508,quinquesyllable,15
509,quinquevalve,12
510,quinquevalvular,15
511,quinquevirs,11
512,quinqueviri,11
513,quinquevir,10
514,quinquina,9
515,quinquivalent,13
516,quinsy,6
517,quint,5
518,quintain,8
519,quintal,7
520,quintan,7
521,quintel,7
522,quintessence,12
523,quintessential,14
524,quintet,7
525,quintette,9
526,quintic,7
527,quintile,8
528,quintilllion,12
529,quintin,7
530,quintine,8
531,quintole,8
532,quintuple,9
533,quintupled,10
534,quintupling,11
535,quinzaine,9
536,quinze,6
537,quip,4
538,quipped,7
539,quipping,8
540,quipo,5
541,quipus,6
542,quipu,5
543,quirboilly,10
544,quire,5
545,quirister,9
546,quiritation,11
547,quirite,7
548,quirites,8
549,quirk,5
550,quirked,7
551,quirkish,8
552,quirky,6
553,quirl,5
554,quirpele,8
555,quirt,5
556,quish,5
557,quit,4
558,quitted,7
559,quitting,8
560,quitch,6
561,quitclaim,9
562,quitclaimed,11
563,quitclaiming,12
564,quite,5
565,quitly,6
566,quitrent,8
567,quits,5
568,quittable,9
569,quittal,7
570,quittance,9
571,quitter,7
572,quittor,7
573,quitture,8
574,quiver,6
575,quivered,8
576,quivering,9
577,quiveringly,11
578,quixotic,8
579,quixotically,12
580,quixotism,9
581,quixotry,8
582,quiz,4
583,quizzed,7
584,quizzing,8
585,quizzer,7
586,quizzical,9
587,quizzism,8
588,quob,4
589,quod,4
590,quoddies,8
591,quodlibet,9
592,quodlibetarian,14
593,quodlibetical,13
594,quoif,5
595,quoifffure,10
596,quoil,5
597,quoin,5
598,quoit,5
599,quoke,5
600,quoll,5
601,quondam,7
602,quook,5
603,quop,4
604,quorum,6
605,quota,5
606,quotable,8
607,quotation,9
608,quotationist,12
609,quoted,6
610,quoting,7
611,quote,5
612,quoter,6
613,quoth,5
614,quotha,6
615,quotidian,9
616,quotient,8
617,quotiety,8
618,quotum,6
619,quran,5
