,R,Length
0,ra,2
1,raash,5
2,rab,3
3,rabat,5
4,rabate,6
5,rabatine,8
6,rabato,6
7,rabbate,7
8,rabbeted,8
9,rabbeting,9
10,rabbet,6
11,rabbis,6
12,rabbies,7
13,rabbi,5
14,rabbin,6
15,rabbinic,8
16,rabbinical,10
17,rabbinically,12
18,rabbinism,9
19,rabbinist,9
20,rabbinite,9
21,rabbit,6
22,rabbiting,9
23,rabbitry,8
24,rabble,6
25,rabbled,7
26,rabbling,8
27,rabblement,10
28,rabbler,7
29,rabdoidal,9
30,rabdology,9
31,rabdomancy,10
32,rabid,5
33,rabidity,8
34,rabidly,7
35,rabidness,9
36,rabies,6
37,rabinet,7
38,rabious,7
39,rabot,5
40,raca,4
41,racahout,8
42,raccoon,7
43,race,4
44,raced,5
45,racing,6
46,racemate,8
47,racemation,10
48,raceme,6
49,racemed,7
50,racemic,7
51,racemiferous,12
52,racemiform,10
53,racemose,8
54,racemous,8
55,racemule,8
56,racemulose,10
57,racer,5
58,rach,4
59,rache,5
60,rachialgia,10
61,rachidian,9
62,rachilla,8
63,rachiodont,10
64,rachises,8
65,rachides,8
66,rachis,6
67,rachitic,8
68,rachitis,8
69,rachitome,9
70,racial,6
71,racily,6
72,raciness,8
73,rack,4
74,racked,6
75,racking,7
76,rackabones,10
77,racker,6
78,racket,6
79,racketed,8
80,racketing,9
81,racketer,8
82,rackett,7
83,rackety,7
84,racktail,8
85,rackwork,8
86,racle,5
87,racleness,9
88,raconteur,9
89,racoonda,8
90,racovian,8
91,racquet,7
92,racy,4
93,rad,3
94,radde,5
95,raddle,6
96,raddock,7
97,rade,4
98,radeau,6
99,radial,6
100,radialia,8
101,radiale,7
102,radially,8
103,radian,6
104,radiance,8
105,radiancy,8
106,radiant,7
107,radiantly,9
108,radiary,7
109,radiata,7
110,radiated,8
111,radiating,9
112,radiate,7
113,radiately,9
114,radiatiform,11
115,radiation,9
116,radiative,9
117,radiator,8
118,radical,7
119,radicalism,10
120,radicality,10
121,radically,9
122,radicalness,11
123,radicant,8
124,radicate,8
125,radicated,9
126,radicating,10
127,radication,10
128,radicel,7
129,radiciflorous,13
130,radiciform,10
131,radicle,7
132,radicular,9
133,radicule,8
134,radiculose,10
135,radii,5
136,radiograph,10
137,radiolaria,10
138,radiolarian,11
139,radioli,7
140,radiolite,9
141,radiometer,10
142,radiomicrometer,15
143,radiophone,10
144,radiophony,10
145,radious,7
146,radish,6
147,radiuses,8
148,radius,6
149,radices,7
150,radixes,7
151,radix,5
152,radulae,7
153,radula,6
154,raduliform,10
155,raffed,6
156,raffing,7
157,raff,4
158,raffaelesque,12
159,raffia,6
160,raffinose,9
161,raffish,7
162,raffle,6
163,raffled,7
164,raffling,8
165,raffler,7
166,rafflesia,9
167,raft,4
168,rafted,6
169,rafting,7
170,rafte,5
171,rafter,6
172,raftsmen,8
173,raftsman,8
174,rafty,5
175,rag,3
176,ragged,6
177,ragging,7
178,ragabash,8
179,ragabrash,9
180,ragamuffin,10
181,rage,4
182,raged,5
183,raging,6
184,rageful,7
185,ragery,6
186,raggie,6
187,raggy,5
188,raghuvansa,10
189,ragious,7
190,raglan,6
191,ragmen,6
192,ragman,6
193,ragout,6
194,ragpicker,9
195,raguled,7
196,ragguled,8
197,ragweed,7
198,ragwork,7
199,ragwort,7
200,raia,4
201,raiae,5
202,raid,4
203,raided,6
204,raiding,7
205,raider,6
206,rail,4
207,railed,6
208,railing,7
209,railer,6
210,railingly,9
211,raillery,8
212,railleur,8
213,railroad,8
214,railway,7
215,railroading,11
216,raiment,7
217,rain,4
218,rained,6
219,raining,7
220,rainbow,7
221,rainbowed,9
222,raindeer,8
223,raindrop,8
224,rainfall,8
225,raininess,9
226,rainless,8
227,rainy,5
228,raip,4
229,rais,4
230,raisable,8
231,raised,6
232,raising,7
233,raise,5
234,raiser,6
235,raisin,6
236,raisonne,8
237,raivel,6
238,raj,3
239,raja,4
240,rajah,5
241,rajahship,9
242,rajpoot,7
243,rajput,6
244,rake,4
245,raked,5
246,raking,6
247,rakehell,8
248,rakehelly,9
249,rakel,5
250,raker,5
251,rakery,6
252,rakeshame,9
253,rakestale,9
254,rakish,6
255,rakishly,8
256,rakishness,10
257,rale,4
258,rallentando,11
259,ralliance,9
260,rallier,7
261,ralline,7
262,rallied,7
263,rallying,8
264,rally,5
265,rallies,7
266,ralph,5
267,ralstonite,10
268,ram,3
269,rammed,6
270,ramming,7
271,ramadan,7
272,ramage,6
273,ramagious,9
274,ramal,5
275,ramayana,8
276,ramberge,8
277,rambled,7
278,rambling,8
279,ramble,6
280,rambler,7
281,ramblingly,10
282,rambooze,8
283,rambutan,8
284,rameal,6
285,ramean,6
286,ramed,5
287,ramee,5
288,ramekin,7
289,rament,6
290,ramenta,7
291,ramentaceous,12
292,rameous,7
293,ramequin,8
294,ramie,5
295,ramification,12
296,ramiflorous,11
297,ramiform,8
298,ramified,8
299,ramifying,9
300,ramify,6
301,ramigerous,10
302,ramiparous,10
303,ramist,6
304,ramline,7
305,rammel,6
306,rammer,6
307,rammish,7
308,rammishness,11
309,rammy,5
310,ramollescence,13
311,ramoon,6
312,ramose,6
313,ramous,6
314,ramped,6
315,ramping,7
316,ramp,4
317,rampacious,10
318,rampage,7
319,rampageous,10
320,rampallian,10
321,rampancy,8
322,rampant,7
323,rampantly,9
324,rampart,7
325,ramparted,9
326,ramparting,10
327,rampe,5
328,rampier,7
329,rampion,7
330,rampire,7
331,rampler,7
332,ramrod,6
333,ramshackle,10
334,ramson,6
335,ramsted,7
336,ramulose,8
337,ramulous,8
338,ramuli,6
339,ramulus,7
340,rami,4
341,ramus,5
342,ramuscule,9
343,ran,3
344,rana,4
345,ranal,5
346,rance,5
347,rancescent,10
348,ranch,5
349,rancheros,9
350,ranchero,8
351,ranchmen,8
352,ranchman,8
353,ranchos,7
354,rancho,6
355,rancid,6
356,rancidity,9
357,rancidly,8
358,rancidness,10
359,rancor,6
360,rancorous,9
361,rancorously,11
362,rand,4
363,randan,6
364,randing,7
365,random,6
366,randomly,8
367,randon,6
368,ranedeer,8
369,ranee,5
370,ranforce,8
371,rang,4
372,ranged,6
373,ranging,7
374,range,5
375,rangement,9
376,ranger,6
377,rangership,10
378,rangle,6
379,rani,4
380,ranine,6
381,rank,4
382,ranked,6
383,ranking,7
384,ranker,6
385,rankled,7
386,rankling,8
387,rankle,6
388,rankly,6
389,rankness,8
390,rannel,6
391,ranny,5
392,ransacked,9
393,ransacking,10
394,ransack,7
395,ransom,6
396,ransomed,8
397,ransoming,9
398,ransomable,10
399,ransomer,8
400,ransomless,10
401,ranted,6
402,ranting,7
403,rant,4
404,ranter,6
405,ranterism,9
406,rantingly,9
407,rantipole,9
408,rantism,7
409,ranty,5
410,ranula,6
411,ranunculaceous,14
412,ranunculuses,12
413,ranunculi,9
414,ranunculus,10
415,rap,3
416,rapped,6
417,rapping,7
418,rapt,4
419,rapaces,7
420,rapacious,9
421,rapacity,8
422,raparee,7
423,rape,4
424,rapeful,7
425,rapfully,8
426,raphaelesque,12
427,raphaelism,10
428,raphaelite,10
429,raphany,7
430,raphe,5
431,raphides,8
432,rapid,5
433,rapidity,8
434,rapidly,7
435,rapidness,9
436,rapier,6
437,rapiered,8
438,rapilli,7
439,rapine,6
440,rapinous,8
441,rappage,7
442,rapparee,8
443,rappee,6
444,rappel,6
445,rapper,6
446,rapport,7
447,rapscallion,11
448,rapter,6
449,raptor,6
450,raptores,8
451,raptorial,9
452,raptorious,10
453,rapture,7
454,raptured,8
455,rapturing,9
456,rapturist,9
457,rapturize,9
458,rapturous,9
459,rapturously,11
460,rare,4
461,rarebit,7
462,rarefaction,11
463,rarefiable,10
464,rarefied,8
465,rarefying,9
466,rarefy,6
467,rarely,6
468,rareness,8
469,rareripe,8
470,rarification,12
471,rarities,8
472,rarity,6
473,ras,3
474,rasante,7
475,rascal,6
476,rascaldom,9
477,rascaless,9
478,rascalities,11
479,rascality,9
480,rascallion,10
481,rascally,8
482,rased,5
483,rasing,6
484,rase,4
485,rash,4
486,rasher,6
487,rashful,7
488,rashling,8
489,rashly,6
490,rashness,8
491,raskolnik,9
492,rasores,7
493,rasorial,8
494,rasour,6
495,rasped,6
496,rasping,7
497,rasp,4
498,raspatorium,11
499,raspatory,9
500,raspberry,9
501,rasper,6
502,raspis,6
503,raspy,5
504,rasse,5
505,rasure,6
506,rat,3
507,ratted,6
508,ratting,7
509,rata,4
510,ratability,10
511,ratable,7
512,ratafia,7
513,ratan,5
514,ratany,6
515,rataplan,8
516,ratch,5
517,ratchel,7
518,ratchet,7
519,rate,4
520,rated,5
521,rating,6
522,rateable,8
523,ratel,5
524,ratepayer,9
525,rater,5
526,ratfish,7
527,rath,4
528,rathe,5
529,rather,6
530,rathripe,8
531,ratification,12
532,ratifier,8
533,ratified,8
534,ratifying,9
535,ratify,6
536,ratihabition,12
537,ratio,5
538,ratiocinate,11
539,ratiocination,13
540,ratiocinative,13
541,ratiocinatory,13
542,ration,6
543,rational,8
544,rationale,9
545,rationalism,11
546,rationalist,11
547,rationalistic,13
548,rationalistical,15
549,rationality,11
550,rationalization,15
551,rationalize,11
552,rationally,10
553,rationalness,12
554,ratitae,7
555,ratitate,8
556,ratite,6
557,ratlines,8
558,ratlins,7
559,raton,5
560,ratoon,6
561,ratsbane,8
562,ratsbaned,9
563,rattan,6
564,ratteen,7
565,ratten,6
566,ratter,6
567,rattinet,8
568,rattled,7
569,rattling,8
570,rattle,6
571,rattlebox,9
572,rattlehead,10
573,rattlemouse,11
574,rattlepate,10
575,rattler,7
576,rattlesnake,11
577,rattletrap,10
578,rattleweed,10
579,rattlewings,11
580,rattlewort,10
581,rattlings,9
582,rattoon,7
583,rattooned,9
584,rattooning,10
585,raucid,6
586,raucity,7
587,raucous,7
588,raught,6
589,raunch,6
590,raunsoun,8
591,ravage,6
592,ravaged,7
593,ravaging,8
594,ravager,7
595,rave,4
596,raved,5
597,raving,6
598,ravehook,8
599,raveled,7
600,ravelled,8
601,raveling,8
602,ravelling,9
603,ravel,5
604,raveler,7
605,ravelin,7
606,raven,5
607,ravened,7
608,ravening,8
609,ravenala,8
610,ravener,7
611,ravenous,8
612,raver,5
613,ravin,5
614,ravine,6
615,ravished,8
616,ravishing,9
617,ravish,6
618,ravisher,8
619,ravishingly,11
620,ravishment,10
621,ravissant,9
622,raw,3
623,rawbone,7
624,rawboned,8
625,rawhead,7
626,rawhide,7
627,rawish,6
628,rawly,5
629,rawness,7
630,ray,3
631,rayed,5
632,raying,6
633,rayah,5
634,rayless,7
635,rayon,5
636,rayonnant,9
637,raze,4
638,razed,5
639,razing,6
640,razee,5
641,razeed,6
642,razeeing,8
643,razor,5
644,razorable,9
645,razorback,9
646,razorbill,9
647,razure,6
648,razzia,6
649,re,2
650,reabsorb,8
651,reabsorption,12
652,reaccess,8
653,reaccuse,8
654,reach,5
655,reached,7
656,reaching,8
657,reachable,9
658,reacher,7
659,reachless,9
660,react,5
661,reaction,8
662,reactionary,11
663,reactionaries,13
664,reactionist,11
665,reactive,8
666,read,4
667,reading,7
668,readability,11
669,readable,8
670,readdress,9
671,readept,7
672,readeption,10
673,reader,6
674,readership,10
675,readily,7
676,readiness,9
677,readjourn,9
678,readjournment,13
679,readjust,8
680,readjuster,10
681,readjustment,12
682,readmission,11
683,readmit,7
684,readmittance,12
685,readopt,7
686,readorn,7
687,readvance,9
688,readvertency,12
689,ready,5
690,reaffirm,8
691,reaffirmance,12
692,reaffirmation,13
693,reafforest,10
694,reafforestation,15
695,reagent,7
696,reaggravation,13
697,reagree,7
698,reak,4
699,real,4
700,realgar,7
701,realism,7
702,realist,7
703,realistic,9
704,realistically,13
705,realities,9
706,reality,7
707,realizable,10
708,realization,11
709,realized,8
710,realizing,9
711,realize,7
712,realizer,8
713,reallege,8
714,realliance,10
715,really,6
716,realm,5
717,realmless,9
718,realness,8
719,realty,6
720,ream,4
721,reamed,6
722,reaming,7
723,reame,5
724,reamer,6
725,reamputation,12
726,reanimate,9
727,reanimation,11
728,reannex,7
729,reannexation,12
730,reanswer,8
731,reaped,6
732,reaping,7
733,reap,4
734,reaper,6
735,reapparel,9
736,reappear,8
737,reappearance,12
738,reapplication,13
739,reapply,7
740,reappoint,9
741,reappointment,13
742,reapportion,11
743,reapportionment,15
744,reapproach,10
745,rear,4
746,reared,6
747,rearing,7
748,reardorse,9
749,reardoss,8
750,rearer,6
751,reargue,7
752,reargument,10
753,rearly,6
754,rearmost,8
755,rearmouse,9
756,reremouse,9
757,rearrange,9
758,rearrangement,13
759,rearward,8
760,reascend,8
761,reascension,11
762,reascent,8
763,reason,6
764,reasoned,8
765,reasoning,9
766,reasonable,10
767,reasonableness,14
768,reasonably,10
769,reasoner,8
770,reasonist,9
771,reasonless,10
772,reassemblage,12
773,reassemble,10
774,reassert,8
775,reassertion,11
776,reassessment,12
777,reassign,8
778,reassignment,12
779,reassimilate,12
780,reassociate,11
781,reassume,8
782,reassurance,11
783,reassure,8
784,reassurer,9
785,reasty,6
786,reata,5
787,reattach,8
788,reattachment,12
789,reattain,8
790,reattainment,12
791,reattempt,9
792,reaume,6
793,reaumur,7
794,reaved,6
795,reft,4
796,reaving,7
797,reave,5
798,reaver,6
799,reawake,7
800,rebanish,8
801,rebaptism,9
802,rebaptization,13
803,rebaptize,9
804,rebaptizer,10
805,rebarbarize,11
806,rebate,6
807,rebatement,10
808,rebato,6
809,rebec,5
810,rebel,5
811,rebelled,8
812,rebelling,9
813,rebeldom,8
814,rebeller,8
815,rebellion,9
816,rebellious,10
817,rebellow,8
818,rebiting,8
819,rebloom,7
820,reblossom,9
821,reboant,7
822,reboation,9
823,reboil,6
824,reborn,6
825,rebound,7
826,rebrace,7
827,rebreathe,9
828,rebucous,8
829,rebuff,6
830,rebuffed,8
831,rebuffing,9
832,rebuild,7
833,rebuilder,9
834,rebukable,9
835,rebuked,7
836,rebuking,8
837,rebuke,6
838,rebukeful,9
839,rebuker,7
840,rebukingly,10
841,rebullition,11
842,rebury,6
843,rebuses,7
844,rebus,5
845,rebutted,8
846,rebutting,9
847,rebut,5
848,rebuttable,10
849,rebuttal,8
850,rebutter,8
851,recadency,9
852,recalcitrant,12
853,recalcitrate,12
854,recalcitration,14
855,recall,6
856,recallable,10
857,recallment,10
858,recanted,8
859,recanting,9
860,recant,6
861,recantation,11
862,recanter,8
863,recapacitate,12
864,recapitulate,12
865,recapitulation,14
866,recapitulator,13
867,recapitulatory,14
868,recapper,8
869,recaption,9
870,recaptor,8
871,recapture,9
872,recarbonize,11
873,recarnify,9
874,recarriage,10
875,recarry,7
876,recast,6
877,recche,6
878,reccheles,9
879,receded,7
880,receding,8
881,recede,6
882,receipt,7
883,receipted,9
884,receipting,10
885,receiptment,11
886,receiptor,9
887,receit,6
888,receivability,13
889,receivable,10
890,received,8
891,receiving,9
892,receive,7
893,receivedness,12
894,receiver,8
895,receivership,12
896,recelebrate,11
897,recency,7
898,recense,7
899,recension,9
900,recensionist,12
901,recent,6
902,recenter,8
903,recently,8
904,recentness,10
905,receptacle,10
906,receptacular,12
907,receptacula,11
908,receptaculum,12
909,receptary,9
910,receptibility,13
911,receptible,10
912,reception,9
913,receptive,9
914,receptiveness,13
915,receptivity,11
916,receptory,9
917,recess,6
918,recessed,8
919,recessing,9
920,recession,9
921,recessional,11
922,recessive,9
923,rechabite,9
924,rechange,8
925,recharge,8
926,recharter,9
927,rechase,7
928,recheat,7
929,recherche,9
930,rechless,8
931,rechoose,8
932,recidivate,10
933,recidivation,12
934,recidivous,10
935,recipes,7
936,recipe,6
937,recipiangle,11
938,recipience,10
939,recipiency,10
940,recipient,9
941,reciprocal,10
942,reciprocality,13
943,reciprocally,12
944,reciprocalness,14
945,reciprocated,12
946,reciprocating,13
947,reciprocate,11
948,reciprocation,13
949,reciprocity,11
950,reciprocornous,14
951,reciprocous,11
952,reciprok,8
953,reciproque,10
954,recision,8
955,recital,7
956,recitation,10
957,recitative,10
958,recitativo,10
959,recited,7
960,reciting,8
961,recite,6
962,reciter,7
963,recked,6
964,roughte,7
965,recking,7
966,reck,4
967,reckless,8
968,reckling,8
969,reckoned,8
970,reckoning,9
971,reckon,6
972,reckoner,8
973,reclaim,7
974,reclaimed,9
975,reclaiming,10
976,reclaimable,11
977,reclaimant,10
978,reclaimer,9
979,reclaimless,11
980,reclamation,11
981,reclasp,7
982,reclinant,9
983,reclinate,9
984,reclination,11
985,reclined,8
986,reclining,9
987,recline,7
988,recliner,8
989,reclose,7
990,reclothe,8
991,reclude,7
992,recluse,7
993,reclusely,9
994,recluseness,11
995,reclusion,9
996,reclusive,9
997,reclusory,9
998,recoct,6
999,recoction,9
1000,recognition,11
1001,recognitor,10
1002,recognitory,11
1003,recognizability,15
1004,recognizable,12
1005,recognizance,12
1006,recognization,13
1007,recognized,10
1008,recognizing,11
1009,recognize,9
1010,recognizee,10
1011,recognizer,10
1012,recognizor,10
1013,recognosce,10
1014,recoiled,8
1015,recoiling,9
1016,recoil,6
1017,recoiler,8
1018,recoilingly,11
1019,recoilment,10
1020,recoin,6
1021,recoinage,9
1022,recollected,11
1023,recollecting,12
1024,recollect,9
1025,recollection,12
1026,recollective,12
1027,recollet,8
1028,recolonization,14
1029,recolonize,10
1030,recombination,13
1031,recombine,9
1032,recomfort,9
1033,recomfortless,13
1034,recomforture,12
1035,recommence,10
1036,recommencement,14
1037,recommended,11
1038,recommending,12
1039,recommend,9
1040,recommendable,13
1041,recommendation,14
1042,recommendative,14
1043,recommendatory,14
1044,recommender,11
1045,recommission,12
1046,recommit,8
1047,recommitment,12
1048,recommittal,11
1049,recompact,9
1050,recompensation,14
1051,recompensed,11
1052,recompensing,12
1053,recompense,10
1054,recompensement,14
1055,recompenser,11
1056,recompensive,12
1057,recompilation,13
1058,recompile,9
1059,recompilement,13
1060,recomposed,10
1061,recomposing,11
1062,recompose,9
1063,recomposer,10
1064,recomposition,13
1065,reconcilable,12
1066,reconciled,10
1067,reconciling,11
1068,reconcile,9
1069,reconcilement,13
1070,reconciler,10
1071,reconciliation,14
1072,reconciliatory,14
1073,recondensation,14
1074,recondense,10
1075,recondite,9
1076,reconditory,11
1077,reconduct,9
1078,reconfirm,9
1079,reconfort,9
1080,reconjoin,9
1081,reconnoissance,14
1082,reconnaissance,14
1083,reconnoiter,11
1084,reconnoitre,11
1085,reconquer,9
1086,reconquest,10
1087,reconsecrate,12
1088,reconsecration,14
1089,reconsider,10
1090,reconsideration,15
1091,reconsolate,11
1092,reconsolidate,13
1093,reconsolidation,15
1094,reconstruct,11
1095,reconstruction,14
1096,reconstructive,14
1097,recontinuance,13
1098,recontinue,10
1099,reconvene,9
1100,reconvention,12
1101,reconversion,12
1102,reconvert,9
1103,reconvertible,13
1104,reconvey,8
1105,reconveyance,12
1106,recopy,6
1107,recorded,8
1108,recording,9
1109,record,6
1110,recordance,10
1111,recordation,11
1112,recorder,8
1113,recordership,12
1114,recorporification,17
1115,recouch,7
1116,recount,7
1117,recountment,11
1118,recoup,6
1119,recoupe,7
1120,recouper,8
1121,recoupment,10
1122,recourse,8
1123,recourseful,11
1124,recover,7
1125,recovered,9
1126,recovering,10
1127,recoverable,11
1128,recoveree,9
1129,recoverer,9
1130,recoveror,9
1131,recovery,8
1132,recreance,9
1133,recreancy,9
1134,recreant,8
1135,recreated,9
1136,recreating,10
1137,recreate,8
1138,recreation,10
1139,recreative,10
1140,recrement,9
1141,recremental,11
1142,recrementitial,14
1143,recrementitious,15
1144,recriminate,11
1145,recrimination,13
1146,recriminative,13
1147,recriminator,12
1148,recriminatory,13
1149,recross,7
1150,recrudency,10
1151,recrudescence,13
1152,recrudescency,13
1153,recrudescent,12
1154,recruited,9
1155,recruiting,10
1156,recruit,7
1157,recruiter,9
1158,recruitment,11
1159,recrystallization,17
1160,recrystallize,13
1161,rectal,6
1162,rectangle,9
1163,rectangled,10
1164,rectangular,11
1165,rectangularity,14
1166,rectifiable,11
1167,rectification,13
1168,rectificator,12
1169,rectifier,9
1170,rectified,9
1171,rectifying,10
1172,rectify,7
1173,rectilineal,11
1174,rectilinear,11
1175,rectilinearity,14
1176,rectilineous,12
1177,rectinerved,11
1178,rection,7
1179,rectirostral,12
1180,rectiserial,11
1181,rectitis,8
1182,rectitude,9
1183,recto,5
1184,rector,6
1185,rectoral,8
1186,rectorate,9
1187,rectoress,9
1188,rectorial,9
1189,rectorship,10
1190,rectories,9
1191,rectory,7
1192,rectovaginal,12
1193,rectress,8
1194,rectrices,9
1195,rectrix,7
1196,rectum,6
1197,recti,5
1198,rectus,6
1199,recubation,10
1200,recule,6
1201,reculement,10
1202,recumb,6
1203,recumbence,10
1204,recumbency,10
1205,recumbent,9
1206,recuperable,11
1207,recuperated,11
1208,recuperating,12
1209,recuperate,10
1210,recuperation,12
1211,recuperative,12
1212,recuperatory,12
1213,recuperator,11
1214,recurred,8
1215,recurring,9
1216,recur,5
1217,recure,6
1218,recureless,10
1219,recurrence,10
1220,recurrency,10
1221,recurrent,9
1222,recursant,9
1223,recursion,9
1224,recurvate,9
1225,recurvation,11
1226,recurve,7
1227,recurved,8
1228,recurviroster,13
1229,recurvirostral,14
1230,recurvity,9
1231,recurvous,9
1232,recusancy,9
1233,recusant,8
1234,recusation,10
1235,recusative,10
1236,recuse,6
1237,recussion,9
1238,red,3
1239,redact,6
1240,redacteur,9
1241,redaction,9
1242,redactor,8
1243,redan,5
1244,redargued,9
1245,redarguing,10
1246,redargue,8
1247,redargution,11
1248,redargutory,11
1249,redback,7
1250,redbelly,8
1251,redbird,7
1252,redbreast,9
1253,redbud,6
1254,redcap,6
1255,redcoat,7
1256,redde,5
1257,reddened,8
1258,reddening,9
1259,redden,6
1260,reddendum,9
1261,reddish,7
1262,reddition,9
1263,redditive,9
1264,reddle,6
1265,reddour,7
1266,rede,4
1267,redeemed,8
1268,redeeming,9
1269,redeem,6
1270,redeemability,13
1271,redeemable,10
1272,redeemableness,14
1273,redeemer,8
1274,redeless,8
1275,redeliberate,12
1276,redeliver,9
1277,redeliverance,13
1278,redelivery,10
1279,redemand,8
1280,redemise,8
1281,redemonstrate,13
1282,redemptible,11
1283,redemptionary,13
1284,redemptioner,12
1285,redemptionist,13
1286,redemptive,10
1287,redemptorist,12
1288,redemptory,10
1289,redempture,10
1290,redented,8
1291,redeposit,9
1292,redescend,9
1293,redeye,6
1294,redfin,6
1295,redfinch,8
1296,redfish,7
1297,redhead,7
1298,redhibition,11
1299,redhibitory,11
1300,redhoop,7
1301,redhorn,7
1302,rediae,6
1303,redias,6
1304,redia,5
1305,redient,7
1306,redigest,8
1307,rediminish,10
1308,redingote,9
1309,redintegrate,12
1310,redintegration,14
1311,redirect,8
1312,redisburse,10
1313,rediscover,10
1314,redispose,9
1315,redisseize,10
1316,redisseizin,11
1317,redisseizor,11
1318,redissolve,10
1319,redistill,9
1320,redistrainer,12
1321,redistribute,12
1322,redistrict,10
1323,redition,8
1324,redivide,8
1325,redleg,6
1326,redlegs,7
1327,redly,5
1328,redmouth,8
1329,redness,7
1330,redolence,9
1331,redolency,9
1332,redolent,8
1333,redouble,8
1334,redoubt,7
1335,redoubtable,11
1336,redoubted,9
1337,redoubting,10
1338,redounded,9
1339,redounding,10
1340,redound,7
1341,redowa,6
1342,redpole,7
1343,redpoll,7
1344,redraft,7
1345,redrew,6
1346,redrawn,7
1347,redrawing,9
1348,redraw,6
1349,redress,7
1350,redressal,9
1351,redresser,9
1352,redressible,11
1353,redressive,10
1354,redressless,11
1355,redressment,11
1356,redroot,7
1357,redsear,7
1358,redshank,8
1359,redskin,7
1360,redstart,8
1361,redstreak,9
1362,redtail,7
1363,redthroat,9
1364,redtop,6
1365,redub,5
1366,reduced,7
1367,reducing,8
1368,reduce,6
1369,reducement,10
1370,reducent,8
1371,reducer,7
1372,reducible,9
1373,reducibleness,13
1374,reduct,6
1375,reductibility,13
1376,reduction,9
1377,reductive,9
1378,reductively,11
1379,reduit,6
1380,redundance,10
1381,redundancy,10
1382,redundant,9
1383,redundantly,11
1384,reduplicate,11
1385,reduplication,13
1386,reduplicative,13
1387,reduvid,7
1388,redweed,7
1389,redwing,7
1390,redwithe,8
1391,redwood,7
1392,ree,3
1393,reebok,6
1394,reecho,6
1395,reechy,6
1396,reed,4
1397,reedbird,8
1398,reedbuck,8
1399,reeded,6
1400,reeden,6
1401,reedification,13
1402,reedify,7
1403,reeding,7
1404,reedless,8
1405,reedling,8
1406,reedwork,8
1407,reedy,5
1408,reef,4
1409,reefed,6
1410,reefing,7
1411,reefer,6
1412,reefy,5
1413,reek,4
1414,reeked,6
1415,reeking,7
1416,reeky,5
1417,reel,4
1418,reeled,6
1419,reeling,7
1420,reelect,7
1421,reelection,10
1422,reeler,6
1423,reeligible,10
1424,reem,4
1425,reembark,8
1426,reembarkation,13
1427,reembody,8
1428,reembrace,9
1429,reemerge,8
1430,reemergence,11
1431,reenact,7
1432,reenaction,10
1433,reenactment,11
1434,reencourage,11
1435,reendow,7
1436,reenforce,9
1437,reenforcement,13
1438,reengage,8
1439,reengagement,12
1440,reengrave,9
1441,reenjoy,7
1442,reenjoyment,11
1443,reenkindle,10
1444,reenlist,8
1445,reenlistment,12
1446,reenslave,9
1447,reenter,7
1448,reentering,10
1449,reenthrone,10
1450,reenthronement,14
1451,reentrance,10
1452,reentrant,9
1453,reentry,7
1454,reerect,7
1455,reermouse,9
1456,reestablish,11
1457,reestablisher,13
1458,reestablishment,15
1459,reestate,8
1460,reeve,5
1461,rove,4
1462,reeving,7
1463,reexaminable,12
1464,reexamination,13
1465,reexamine,9
1466,reexchange,10
1467,reexhibit,9
1468,reexpel,7
1469,reexperience,12
1470,reexport,8
1471,reexportation,13
1472,reexpulsion,11
1473,reezed,6
1474,refaction,9
1475,refar,5
1476,refashion,9
1477,refashionment,13
1478,refasten,8
1479,refect,6
1480,refection,9
1481,refective,9
1482,refectories,11
1483,refectory,9
1484,refel,5
1485,referred,8
1486,referring,9
1487,refer,5
1488,referable,9
1489,referee,7
1490,reference,9
1491,referendary,11
1492,referendum,10
1493,referential,11
1494,referment,9
1495,referrer,8
1496,referrible,10
1497,refigure,8
1498,refill,6
1499,refind,6
1500,refined,7
1501,refining,8
1502,refine,6
1503,refinement,10
1504,refiner,7
1505,refineries,10
1506,refinery,8
1507,refit,5
1508,refitment,9
1509,refix,5
1510,reflame,7
1511,reflected,9
1512,reflecting,10
1513,reflect,7
1514,reflectent,10
1515,reflectible,11
1516,reflectingly,12
1517,reflection,10
1518,reflective,10
1519,reflector,9
1520,reflex,6
1521,reflexed,8
1522,reflexibility,13
1523,reflexible,10
1524,reflexion,9
1525,reflexity,9
1526,reflexive,9
1527,reflexly,8
1528,refloat,7
1529,reflorescence,13
1530,reflourish,10
1531,reflow,6
1532,reflower,8
1533,refluctuation,13
1534,refluence,9
1535,refluency,9
1536,refluent,8
1537,reflueus,8
1538,reflux,6
1539,refocillate,11
1540,refocillation,13
1541,refold,6
1542,refoment,8
1543,reforestization,15
1544,reforestize,11
1545,reforge,7
1546,reforger,8
1547,reform,6
1548,reformable,10
1549,reformade,9
1550,reformado,9
1551,reformalize,11
1552,reformation,11
1553,reformative,11
1554,reformatory,11
1555,reformed,8
1556,reformer,8
1557,reformist,9
1558,reformly,8
1559,refortification,15
1560,refortify,9
1561,refossion,9
1562,refound,7
1563,refounder,9
1564,refracted,9
1565,refracting,10
1566,refract,7
1567,refractable,11
1568,refraction,10
1569,refractive,10
1570,refractiveness,14
1571,refractometer,13
1572,refractor,9
1573,refractorily,12
1574,refractoriness,14
1575,refractory,10
1576,refracture,10
1577,refragable,10
1578,refragate,9
1579,refrained,9
1580,refraining,10
1581,refrain,7
1582,refrainer,9
1583,refrainment,11
1584,reframe,7
1585,refrangibility,14
1586,refrangible,11
1587,refrenation,11
1588,refreshed,9
1589,refreshing,10
1590,refresh,7
1591,refresher,9
1592,refreshful,10
1593,refreshment,11
1594,refret,6
1595,refreyd,7
1596,refrication,11
1597,refrigerant,11
1598,refrigerated,12
1599,refrigerating,13
1600,refrigerate,11
1601,refrigeration,13
1602,refrigerative,13
1603,refrigerator,12
1604,refrigeratory,13
1605,refrigerium,11
1606,refringency,11
1607,refringent,10
1608,refuge,6
1609,refugee,7
1610,refulgence,10
1611,refulgency,10
1612,refulgent,9
1613,refund,6
1614,refunder,8
1615,refundment,10
1616,refurbish,9
1617,refurnish,9
1618,refurnishment,13
1619,refusable,9
1620,refusal,7
1621,refused,7
1622,refusing,8
1623,refuse,6
1624,refuser,7
1625,refusion,8
1626,refut,5
1627,refutability,12
1628,refutable,9
1629,refutal,7
1630,refutation,10
1631,refutatory,10
1632,refuted,7
1633,refuting,8
1634,refute,6
1635,refuter,7
1636,regain,6
1637,regal,5
1638,regale,6
1639,regaled,7
1640,regaling,8
1641,regalement,10
1642,regaler,7
1643,regalia,7
1644,regalian,8
1645,regalism,8
1646,regality,8
1647,regally,7
1648,regarded,8
1649,regarding,9
1650,regard,6
1651,regardable,10
1652,regardant,9
1653,regarder,8
1654,regardful,9
1655,regardless,10
1656,regather,8
1657,regattas,8
1658,regatta,7
1659,regel,5
1660,regelate,8
1661,regelation,10
1662,regence,7
1663,regencies,9
1664,regency,7
1665,regeneracy,10
1666,regenerate,10
1667,regenerateness,14
1668,regeneration,12
1669,regenerative,12
1670,regeneratively,14
1671,regenerator,11
1672,regeneratory,12
1673,regenesis,9
1674,regent,6
1675,regentess,9
1676,regentship,10
1677,regerminate,11
1678,regermination,13
1679,regest,6
1680,reget,5
1681,regian,6
1682,regible,7
1683,regicidal,9
1684,regicide,8
1685,regild,6
1686,regime,6
1687,regimen,7
1688,regiment,8
1689,regimented,10
1690,regimenting,11
1691,regimental,10
1692,regimentally,12
1693,regimentals,11
1694,regiminal,9
1695,region,6
1696,regional,8
1697,regious,7
1698,register,8
1699,registered,10
1700,registering,11
1701,registership,12
1702,registrant,10
1703,registrar,9
1704,registrarship,13
1705,registrary,10
1706,registrate,10
1707,registration,12
1708,registry,8
1709,regius,6
1710,regive,6
1711,regle,5
1712,reglement,9
1713,reglementary,12
1714,reglet,6
1715,regma,5
1716,regmacarp,9
1717,regnal,6
1718,regnancy,8
1719,regnant,7
1720,regnative,9
1721,regne,5
1722,regorge,7
1723,regrade,7
1724,regraft,7
1725,regrant,7
1726,regrated,8
1727,regrating,9
1728,regrate,7
1729,regrater,8
1730,regratery,9
1731,regratiatory,12
1732,regrator,8
1733,regrede,7
1734,regredience,11
1735,regreet,7
1736,regress,7
1737,regressed,9
1738,regressing,10
1739,regression,10
1740,regressive,10
1741,regressively,12
1742,regret,6
1743,regretted,9
1744,regretting,10
1745,regretful,9
1746,regrow,6
1747,regrowth,8
1748,reguardant,10
1749,reguerdon,9
1750,regulable,9
1751,regular,7
1752,regularia,9
1753,regularity,10
1754,regularize,10
1755,regularly,9
1756,regularness,11
1757,regulated,9
1758,regulating,10
1759,regulate,8
1760,regulation,10
1761,regulative,10
1762,regulator,9
1763,reguline,8
1764,regulize,8
1765,reguluses,9
1766,reguli,6
1767,regulus,7
1768,regurgitate,11
1769,regurgitation,13
1770,rehabilitated,13
1771,rehabilitating,14
1772,rehabilitate,12
1773,rehabilitation,14
1774,rehash,6
1775,rehear,6
1776,rehearsal,9
1777,rehearsed,9
1778,rehearsing,10
1779,rehearse,8
1780,rehearser,9
1781,reheat,6
1782,rehibition,10
1783,rehibitory,10
1784,rehire,6
1785,rehypothecate,13
1786,reis,4
1787,rei,3
1788,reichsrath,10
1789,reichsstand,11
1790,reichstag,9
1791,reif,4
1792,reigle,6
1793,reiglement,10
1794,reign,5
1795,reigned,7
1796,reigning,8
1797,reigner,7
1798,reillume,8
1799,reilluminate,12
1800,reillumination,14
1801,reillumine,10
1802,reim,4
1803,reimbark,8
1804,reimbody,8
1805,reimbursable,12
1806,reimbursed,10
1807,reimbursing,11
1808,reimburse,9
1809,reimbursement,13
1810,reimburser,10
1811,reimplant,9
1812,reimport,8
1813,reimportation,13
1814,reimportune,11
1815,reimpose,8
1816,reimpregnate,12
1817,reimpress,9
1818,reimpression,12
1819,reimprint,9
1820,reimprison,10
1821,reimprisonment,14
1822,rein,4
1823,reined,6
1824,reining,7
1825,reinaugurate,12
1826,reincit,7
1827,reincorporate,13
1828,reincrease,10
1829,reincur,7
1830,reindeer,8
1831,reinduce,8
1832,reinette,8
1833,reinfect,8
1834,reinfectious,12
1835,reinforce,9
1836,reinforcement,13
1837,reinfund,8
1838,reingratiate,12
1839,reinhabit,9
1840,reinless,8
1841,reins,5
1842,reinsert,8
1843,reinsertion,11
1844,reinspect,9
1845,reinspection,12
1846,reinspire,9
1847,reinspirit,10
1848,reinstall,9
1849,reinstallment,13
1850,reinstate,9
1851,reinstatement,13
1852,reinstation,11
1853,reinstruct,10
1854,reinsurance,11
1855,reinsure,8
1856,reinsurer,9
1857,reintegrate,11
1858,reintegration,13
1859,reinter,7
1860,reinterrogate,13
1861,reinthrone,10
1862,reinthronize,12
1863,reintroduce,11
1864,reinvest,8
1865,reinvestigate,13
1866,reinvestment,12
1867,reinvigorate,12
1868,reinvolve,9
1869,reissuable,10
1870,reissue,7
1871,reit,4
1872,reiter,6
1873,reiterant,9
1874,reiterated,10
1875,reiterating,11
1876,reiterate,9
1877,reiteratedly,12
1878,reiteration,11
1879,reiterative,11
1880,reiver,6
1881,rejected,8
1882,rejecting,9
1883,reject,6
1884,rejectable,10
1885,rejectamenta,12
1886,rejectaneous,12
1887,rejecter,8
1888,rejection,9
1889,rejectitious,12
1890,rejective,9
1891,rejectment,10
1892,rejoiced,8
1893,rejoicing,9
1894,rejoice,7
1895,rejoicement,11
1896,rejoicer,8
1897,rejoicingly,11
1898,rejoined,8
1899,rejoining,9
1900,rejoin,6
1901,rejoinder,9
1902,rejoindure,10
1903,rejoint,7
1904,rejolt,6
1905,rejourn,7
1906,rejournment,11
1907,rejudge,7
1908,rejuvenate,10
1909,rejuvenation,12
1910,rejuvenescence,14
1911,rejuvenescency,14
1912,rejuvenescent,13
1913,rejuvenize,10
1914,rekindle,8
1915,rekne,5
1916,relade,6
1917,relaid,6
1918,relais,6
1919,reland,6
1920,relapsed,8
1921,relapsing,9
1922,relapse,7
1923,relapser,8
1924,related,7
1925,relating,8
1926,relate,6
1927,relatedness,11
1928,relater,7
1929,relation,8
1930,relational,10
1931,relationist,11
1932,relationship,12
1933,relative,8
1934,relatively,10
1935,relativeness,12
1936,relativity,10
1937,relator,7
1938,relatrix,8
1939,relaxed,7
1940,relaxing,8
1941,relax,5
1942,relaxable,9
1943,relaxant,8
1944,relaxation,10
1945,relaxative,10
1946,relaying,8
1947,relay,5
1948,relbun,6
1949,releasable,10
1950,release,7
1951,released,8
1952,releasing,9
1953,releasee,8
1954,releasement,11
1955,releaser,8
1956,releasor,8
1957,relegated,9
1958,relegating,10
1959,relegate,8
1960,relegation,10
1961,relented,8
1962,relenting,9
1963,relent,6
1964,relentless,10
1965,relentment,10
1966,relesse,7
1967,relessee,8
1968,relessor,8
1969,relevance,9
1970,relevancy,9
1971,relevant,8
1972,relevantly,10
1973,relevation,10
1974,reliability,11
1975,reliable,8
1976,reliance,8
1977,reliant,7
1978,relic,5
1979,relicly,7
1980,relict,6
1981,relicted,8
1982,reliction,9
1983,relief,6
1984,reliefful,9
1985,reliefless,10
1986,relier,6
1987,relievable,10
1988,relieved,8
1989,relieving,9
1990,relieve,7
1991,relievement,11
1992,reliever,8
1993,relievo,7
1994,relight,7
1995,religieuse,10
1996,religieux,9
1997,religion,8
1998,religionary,11
1999,religioner,10
2000,religionism,11
2001,religionist,11
2002,religionize,11
2003,religionless,12
2004,religiosity,11
2005,religious,9
2006,religiously,11
2007,religiousness,13
2008,relik,5
2009,relinquent,10
2010,relinquished,12
2011,relinquishing,13
2012,relinquish,10
2013,relinquisher,12
2014,relinquishment,14
2015,reliquary,9
2016,relique,7
2017,reliquiae,9
2018,reliquian,9
2019,reliquidate,11
2020,reliquidation,13
2021,relished,8
2022,relishing,9
2023,relish,6
2024,relishable,10
2025,relive,6
2026,reload,6
2027,reloan,6
2028,relocate,8
2029,relocation,10
2030,relodge,7
2031,relove,6
2032,relucent,8
2033,reluct,6
2034,reluctance,10
2035,reluctancy,10
2036,reluctant,9
2037,reluctantly,11
2038,reluctate,9
2039,reluctation,11
2040,relumed,7
2041,reluming,8
2042,relume,6
2043,relumined,9
2044,relumining,10
2045,relumine,8
2046,relied,6
2047,relying,7
2048,rely,4
2049,remade,6
2050,remained,8
2051,remaining,9
2052,remain,6
2053,remainder,9
2054,remake,6
2055,remanded,8
2056,remanding,9
2057,remand,6
2058,remandment,10
2059,remanence,9
2060,remanency,9
2061,remanent,8
2062,remanet,7
2063,remarked,8
2064,remarking,9
2065,remark,6
2066,remarkable,10
2067,remarker,8
2068,remarriage,10
2069,remarry,7
2070,remast,6
2071,remasticate,11
2072,remastication,13
2073,remberge,8
2074,remblai,7
2075,remble,6
2076,reme,4
2077,remean,6
2078,remeant,7
2079,remeasure,9
2080,remede,6
2081,remediable,10
2082,remedial,8
2083,remedially,10
2084,remediate,9
2085,remediless,10
2086,remedies,8
2087,remedy,6
2088,remedied,8
2089,remedying,9
2090,remelt,6
2091,remembered,10
2092,remembering,11
2093,remember,8
2094,rememberable,12
2095,rememberer,10
2096,remembrance,11
2097,remembrancer,12
2098,rememorate,10
2099,rememoration,12
2100,rememorative,12
2101,remenant,8
2102,remercie,8
2103,remercy,7
2104,remerge,7
2105,remeve,6
2106,remewe,6
2107,remiform,8
2108,remiges,7
2109,remigrate,9
2110,remigration,11
2111,remind,6
2112,reminder,8
2113,remindful,9
2114,reminiscence,12
2115,reminiscency,12
2116,reminiscent,11
2117,reminiscential,14
2118,remiped,7
2119,remised,7
2120,remising,8
2121,remise,6
2122,remiss,6
2123,remissful,9
2124,remissibility,13
2125,remissible,10
2126,remission,9
2127,remissive,9
2128,remissly,8
2129,remissness,10
2130,remissory,9
2131,remitted,8
2132,remitting,9
2133,remit,5
2134,remitment,9
2135,remittal,8
2136,remittance,10
2137,remittee,8
2138,remittent,9
2139,remitter,8
2140,remittitur,10
2141,remittor,8
2142,remix,5
2143,remnant,7
2144,remodel,7
2145,remodification,14
2146,remodify,8
2147,remolade,8
2148,remoulad,8
2149,remold,6
2150,remould,7
2151,remollient,10
2152,remonetization,14
2153,remonetize,10
2154,remonstrance,12
2155,remonstrant,11
2156,remonstrantly,13
2157,remonstrated,12
2158,remonstrating,13
2159,remonstrate,11
2160,remonstration,13
2161,remonstrative,13
2162,remonstrator,12
2163,remontant,9
2164,remontoir,9
2165,remora,6
2166,remorate,8
2167,remord,6
2168,remordency,10
2169,remorse,7
2170,remorsed,8
2171,remorseful,10
2172,remorseless,11
2173,remote,6
2174,remotion,8
2175,remount,7
2176,removable,9
2177,removal,7
2178,removed,7
2179,removing,8
2180,remove,6
2181,remover,7
2182,remuable,8
2183,remue,5
2184,remugient,9
2185,remunerable,11
2186,remunerated,11
2187,remunerating,12
2188,remunerate,10
2189,remuneration,12
2190,remunerative,12
2191,remuneratory,12
2192,remurmur,8
2193,ren,3
2194,renable,7
2195,renaissance,11
2196,renaissant,10
2197,renal,5
2198,rename,6
2199,renard,6
2200,renardine,9
2201,renascence,10
2202,renascency,10
2203,renascent,9
2204,renascible,10
2205,renate,6
2206,renavigate,10
2207,renay,5
2208,rencontre,9
2209,rencountered,12
2210,rencountering,13
2211,rencounter,10
2212,rent,4
2213,rending,7
2214,rend,4
2215,render,6
2216,rendered,8
2217,rendering,9
2218,renderable,10
2219,renderer,8
2220,rendezvouses,12
2221,rendezvous,10
2222,rendezvoused,12
2223,rendezvousing,13
2224,rendible,8
2225,rendition,9
2226,rendrock,8
2227,renegade,8
2228,renegado,8
2229,renegat,7
2230,renegation,10
2231,renege,6
2232,renerve,7
2233,reneved,7
2234,renewing,8
2235,renew,5
2236,renewability,12
2237,renewable,9
2238,renewal,7
2239,renewedly,9
2240,renewedness,11
2241,renewer,7
2242,reneye,6
2243,reng,4
2244,renidification,14
2245,reniform,8
2246,renitence,9
2247,renitency,9
2248,renitent,8
2249,renne,5
2250,renner,6
2251,rennet,6
2252,renneted,8
2253,renneting,9
2254,rennin,6
2255,renning,7
2256,renomee,7
2257,renounced,9
2258,renouncing,10
2259,renounce,8
2260,renouncement,12
2261,renouncer,9
2262,renovate,8
2263,renovation,10
2264,renovator,9
2265,renovel,7
2266,renovelance,11
2267,renowme,7
2268,renowmed,8
2269,renown,6
2270,renowned,8
2271,renownedly,10
2272,renowner,8
2273,renownful,9
2274,renownless,10
2275,rensselaerite,13
2276,rented,6
2277,renting,7
2278,rentable,8
2279,rentage,7
2280,rental,6
2281,rente,5
2282,renter,6
2283,rentered,8
2284,rentering,9
2285,renterer,8
2286,rentier,7
2287,renumerate,10
2288,renunciation,12
2289,renunciatory,12
2290,renverse,8
2291,renversement,12
2292,renvoy,6
2293,reobtain,8
2294,reobtainable,12
2295,reoccupy,8
2296,reometer,8
2297,reopen,6
2298,reoppose,8
2299,reordain,8
2300,reorder,7
2301,reordination,12
2302,reorganization,14
2303,reorganize,10
2304,reorient,8
2305,reostat,7
2306,reotrope,8
2307,rep,3
2308,repace,6
2309,repacify,8
2310,repack,6
2311,repacker,8
2312,repaganize,10
2313,repaid,6
2314,repaint,7
2315,repair,6
2316,repaired,8
2317,repairing,9
2318,repairable,10
2319,repairer,8
2320,repairment,10
2321,repand,6
2322,reparability,12
2323,reparable,9
2324,reparably,9
2325,reparation,10
2326,reparative,10
2327,reparel,7
2328,repartee,8
2329,reparteed,9
2330,reparteeing,11
2331,repartimiento,13
2332,repartotion,11
2333,repass,6
2334,repassage,9
2335,repassant,9
2336,repast,6
2337,repaster,8
2338,repasture,9
2339,repatriate,10
2340,repatriation,12
2341,repaying,8
2342,repay,5
2343,repayable,9
2344,repayment,9
2345,repealed,8
2346,repealing,9
2347,repeal,6
2348,repealability,13
2349,repealable,10
2350,repealer,8
2351,repealment,10
2352,repeated,8
2353,repeating,9
2354,repeat,6
2355,repeatedly,10
2356,repeater,8
2357,repedation,10
2358,repelled,8
2359,repelling,9
2360,repel,5
2361,repellence,10
2362,repellency,10
2363,repellent,9
2364,repeller,8
2365,repent,6
2366,repented,8
2367,repenting,9
2368,repentance,10
2369,repentant,9
2370,repentantly,11
2371,repenter,8
2372,repentingly,11
2373,repentless,10
2374,repeople,8
2375,reperception,12
2376,repercussed,11
2377,repercussing,12
2378,repercuss,9
2379,repercussion,12
2380,repercussive,12
2381,repertitious,12
2382,repertoire,10
2383,repertory,9
2384,reperusal,9
2385,reperuse,8
2386,repetend,8
2387,repetition,10
2388,repetitional,12
2389,repetitionary,13
2390,repetitioner,12
2391,repetitious,11
2392,repetitive,10
2393,repetitor,9
2394,repine,6
2395,repiner,7
2396,repiningly,10
2397,repkie,6
2398,replace,7
2399,replaceability,14
2400,replaceable,11
2401,replacement,11
2402,replait,7
2403,replant,7
2404,replantable,11
2405,replantation,12
2406,replead,7
2407,repleader,9
2408,replenished,11
2409,replenishing,12
2410,replenish,9
2411,replenisher,11
2412,replenishment,13
2413,replete,7
2414,repleteness,11
2415,repletion,9
2416,repletive,9
2417,repletory,9
2418,repleviable,11
2419,replevin,8
2420,replevisable,12
2421,replevied,9
2422,replevying,10
2423,replevy,7
2424,replica,7
2425,replicant,9
2426,replicate,9
2427,replicated,10
2428,replication,11
2429,replier,7
2430,replum,6
2431,replied,7
2432,replying,8
2433,reply,5
2434,replies,7
2435,replyer,7
2436,repolish,8
2437,repone,6
2438,repopulation,12
2439,reported,8
2440,report,6
2441,reportable,10
2442,reportage,9
2443,reporter,8
2444,reportingly,11
2445,reportorial,11
2446,reposal,7
2447,reposance,9
2448,reposed,7
2449,reposing,8
2450,repose,6
2451,reposeful,9
2452,reposer,7
2453,reposited,9
2454,repositing,10
2455,reposit,7
2456,reposition,10
2457,repositor,9
2458,repository,10
2459,repossess,9
2460,repossession,12
2461,reposure,8
2462,repour,6
2463,repousse,8
2464,reprefe,7
2465,reprehended,11
2466,reprehending,12
2467,reprehend,9
2468,reprehender,11
2469,reprehensible,13
2470,reprehension,12
2471,reprehensive,12
2472,reprehensory,12
2473,represent,9
2474,representable,13
2475,representance,13
2476,representant,12
2477,representation,14
2478,representationary,17
2479,representative,14
2480,representatively,16
2481,representativeness,18
2482,representer,11
2483,representment,13
2484,repress,7
2485,represser,9
2486,repressible,11
2487,repression,10
2488,repressive,10
2489,reprevable,10
2490,repreve,7
2491,repriefe,8
2492,reprieval,9
2493,reprieved,9
2494,reprieving,10
2495,reprieve,8
2496,reprimand,9
2497,reprimanded,11
2498,reprimanding,12
2499,reprimander,11
2500,reprimer,8
2501,reprint,7
2502,reprinter,9
2503,reprisal,8
2504,reprise,7
2505,repristinate,12
2506,repristination,14
2507,reprive,7
2508,reprize,7
2509,reprizes,8
2510,reproached,10
2511,reproaching,11
2512,reproach,8
2513,reproachablr,12
2514,reproacher,10
2515,reproachful,11
2516,reproachless,12
2517,reprobacy,9
2518,reprobance,10
2519,reprobate,9
2520,reprobated,10
2521,reprobating,11
2522,reprobateness,13
2523,reprobater,10
2524,reprobation,11
2525,reprobationer,13
2526,reprobative,11
2527,reprobatory,11
2528,reproduce,9
2529,reproducer,10
2530,reproduction,12
2531,reproductive,12
2532,reproductory,12
2533,reproof,7
2534,reprovable,10
2535,reproved,8
2536,reproving,9
2537,reprove,7
2538,reprover,8
2539,reprovingly,11
2540,reprune,7
2541,reptant,7
2542,reptantia,9
2543,reptation,9
2544,reptatory,9
2545,reptile,7
2546,reptilia,8
2547,reptilian,9
2548,republic,8
2549,republican,10
2550,republicanism,13
2551,republicanized,14
2552,republicanizing,15
2553,republicanize,13
2554,republicate,11
2555,republication,13
2556,republished,11
2557,republishing,12
2558,republish,9
2559,republisher,11
2560,repudiable,10
2561,repudiated,10
2562,repudiating,11
2563,repudiate,9
2564,repudiation,11
2565,repudiator,10
2566,repugn,6
2567,repugnable,10
2568,repugnance,10
2569,repugnancy,10
2570,repugnant,9
2571,repugnantly,11
2572,repugnate,9
2573,repugner,8
2574,repullulate,11
2575,repullulation,13
2576,repulsed,8
2577,repulsing,9
2578,repulse,7
2579,repulseless,11
2580,repulser,8
2581,repulsion,9
2582,repulsive,9
2583,repulsory,9
2584,repurchase,10
2585,repurify,8
2586,reputable,9
2587,reputation,10
2588,reputatively,12
2589,reputed,7
2590,reputing,8
2591,repute,6
2592,reputedly,9
2593,reputeless,10
2594,requere,7
2595,request,7
2596,requested,9
2597,requesting,10
2598,requester,9
2599,requicken,9
2600,requiem,7
2601,requietory,10
2602,requin,6
2603,requirable,10
2604,required,8
2605,requiring,9
2606,require,7
2607,requirement,11
2608,requirer,8
2609,requisite,9
2610,requisition,11
2611,requisitionist,14
2612,requisitive,11
2613,requisitor,10
2614,requisitory,11
2615,requitable,10
2616,requital,8
2617,requited,8
2618,requiting,9
2619,requite,7
2620,requitement,11
2621,requiter,8
2622,rerebrace,9
2623,reredemain,10
2624,reredos,7
2625,rerefief,8
2626,rereign,7
2627,rereward,8
2628,res,3
2629,resail,6
2630,resale,6
2631,resalgar,8
2632,resalute,8
2633,resaw,5
2634,rescat,6
2635,rescinded,9
2636,rescinding,10
2637,rescind,7
2638,rescindable,11
2639,rescindment,11
2640,rescission,10
2641,rescissory,10
2642,rescous,7
2643,rescowe,7
2644,rescribe,8
2645,rescript,8
2646,rescription,11
2647,rescriptive,11
2648,rescriptively,13
2649,rescuable,9
2650,rescued,7
2651,rescuing,8
2652,rescue,6
2653,rescueless,10
2654,rescuer,7
2655,rescussee,9
2656,rescussor,9
2657,rese,4
2658,research,8
2659,researcher,10
2660,researchful,11
2661,reseat,6
2662,resected,8
2663,resecting,9
2664,resect,6
2665,resection,9
2666,reseda,6
2667,reseek,6
2668,reseize,7
2669,reseizer,8
2670,reseizure,9
2671,resell,6
2672,resemblable,11
2673,resemblance,11
2674,resemblant,10
2675,resembled,9
2676,resembling,10
2677,resemble,8
2678,resembler,9
2679,resemblingly,12
2680,reseminate,10
2681,resend,6
2682,resented,8
2683,resenting,9
2684,resent,6
2685,resenter,8
2686,resentful,9
2687,resentiment,11
2688,resentingly,11
2689,resentive,9
2690,resentment,10
2691,reserate,8
2692,reservance,10
2693,reservation,11
2694,reservative,11
2695,reservatory,11
2696,reserved,8
2697,reserving,9
2698,reserve,7
2699,reservee,8
2700,reserver,8
2701,reservist,9
2702,reservoir,9
2703,reservor,8
2704,reset,5
2705,resetter,8
2706,resettle,8
2707,resettlement,12
2708,reshape,7
2709,reship,6
2710,reshipment,10
2711,reshipper,9
2712,resiance,8
2713,resiant,7
2714,resided,7
2715,residing,8
2716,reside,6
2717,residence,9
2718,residency,9
2719,resident,8
2720,residenter,10
2721,residential,11
2722,residentiary,12
2723,residentiaryship,16
2724,residentship,12
2725,resider,7
2726,residual,8
2727,residuary,9
2728,residue,7
2729,residuous,9
2730,residuum,8
2731,resiege,7
2732,resigned,8
2733,resigning,9
2734,resign,6
2735,resignation,11
2736,resignedly,10
2737,resignee,8
2738,resigner,8
2739,resignment,10
2740,resiled,7
2741,resiling,8
2742,resile,6
2743,resilience,10
2744,resiliency,10
2745,resilient,9
2746,resilition,10
2747,resin,5
2748,resinaceous,11
2749,resinate,8
2750,resinic,7
2751,resiniferous,12
2752,resiniform,10
2753,resinoid,8
2754,resinous,8
2755,resinously,10
2756,resinousness,12
2757,resiny,6
2758,resipiscence,12
2759,resisted,8
2760,resisting,9
2761,resist,6
2762,resistance,10
2763,resistant,9
2764,resister,8
2765,resistful,9
2766,resistibility,13
2767,resistible,10
2768,resistive,9
2769,resistless,10
2770,resoluble,9
2771,resolute,8
2772,resolutely,10
2773,resoluteness,12
2774,resolution,10
2775,resolutioner,12
2776,resolutionist,13
2777,resolutive,10
2778,resolutory,10
2779,resolvability,13
2780,resolvable,10
2781,resolvableness,14
2782,resolved,8
2783,resolving,9
2784,resolve,7
2785,resolvedly,10
2786,resolvedness,12
2787,resolvent,9
2788,resolver,8
2789,resonance,9
2790,resonancy,9
2791,resonant,8
2792,resonantly,10
2793,resonator,9
2794,resorb,6
2795,resorbent,9
2796,resorcin,8
2797,resorcylic,10
2798,resorption,10
2799,resort,6
2800,resorted,8
2801,resorting,9
2802,resorter,8
2803,resoun,6
2804,resounded,9
2805,resounding,10
2806,resound,7
2807,resource,8
2808,resourceful,11
2809,resourceless,12
2810,resow,5
2811,resown,6
2812,respeak,7
2813,respected,9
2814,respecting,10
2815,respect,7
2816,respectability,14
2817,respectable,11
2818,respectant,10
2819,respecter,9
2820,respectful,10
2821,respection,10
2822,respective,10
2823,respectively,12
2824,respectless,11
2825,respectuous,11
2826,respell,7
2827,resperse,8
2828,respersion,10
2829,respirability,13
2830,respirable,10
2831,respiration,11
2832,respirational,13
2833,respirative,11
2834,respirator,10
2835,respiratory,11
2836,respired,8
2837,respiring,9
2838,respire,7
2839,respite,7
2840,respited,8
2841,respiting,9
2842,respiteless,11
2843,resplendence,12
2844,resplendency,12
2845,resplendent,11
2846,resplendishant,14
2847,resplendishing,14
2848,resplit,7
2849,responded,9
2850,responding,10
2851,respond,7
2852,respondence,11
2853,respondency,11
2854,respondent,10
2855,respondentia,12
2856,responsal,9
2857,response,8
2858,responseless,12
2859,responsibility,14
2860,responsible,11
2861,responsion,10
2862,responsive,10
2863,responsorial,12
2864,responsory,10
2865,rest,4
2866,rested,6
2867,resting,7
2868,restagnant,10
2869,restagnate,10
2870,restagnation,12
2871,restant,7
2872,restate,7
2873,restaurant,10
2874,restaurate,10
2875,restaurateur,12
2876,restauration,12
2877,restem,6
2878,restful,7
2879,restiff,7
2880,restiffness,11
2881,restiform,9
2882,restily,7
2883,restinction,11
2884,restiness,9
2885,restinguish,11
2886,restitute,9
2887,restitution,11
2888,restitutor,10
2889,restive,7
2890,restless,8
2891,restorable,10
2892,restoral,8
2893,restoration,11
2894,restorationer,13
2895,restorationism,14
2896,restorationist,14
2897,restorative,11
2898,restoratively,13
2899,restorator,10
2900,restoratory,11
2901,restored,8
2902,restoring,9
2903,restore,7
2904,restorement,11
2905,restorer,8
2906,restrained,10
2907,restraining,11
2908,restrain,8
2909,restrainable,12
2910,restrainedly,12
2911,restrainer,10
2912,restrainment,12
2913,restraint,9
2914,restrengthen,12
2915,restrict,8
2916,restricted,10
2917,restricting,11
2918,restriction,11
2919,restrictionary,14
2920,restrictive,11
2921,restringed,10
2922,restringing,11
2923,restringe,9
2924,restringency,12
2925,restringent,11
2926,restrive,8
2927,resty,5
2928,resubjection,12
2929,resublime,9
2930,resudation,10
2931,resulted,8
2932,resulting,9
2933,result,6
2934,resultance,10
2935,resultant,9
2936,resultate,9
2937,resultful,9
2938,resultive,9
2939,resultless,10
2940,resumable,9
2941,resume,6
2942,resumed,7
2943,resuming,8
2944,resummon,8
2945,resummons,9
2946,resumption,10
2947,resumptive,10
2948,resupinate,10
2949,resupinated,11
2950,resupination,12
2951,resupine,8
2952,resupply,8
2953,resurgence,10
2954,resurgent,9
2955,resurrect,9
2956,resurrection,12
2957,resurrectionist,15
2958,resurrectionize,15
2959,resurvey,8
2960,resuscitable,12
2961,resuscitant,11
2962,resuscitate,11
2963,resuscitated,12
2964,resuscitating,13
2965,resuscitation,13
2966,resuscitative,13
2967,resuscitator,12
2968,ret,3
2969,retable,7
2970,retail,6
2971,retailed,8
2972,retailing,9
2973,retailer,8
2974,retailment,10
2975,retained,8
2976,retaining,9
2977,retain,6
2978,retainable,10
2979,retainal,8
2980,retainer,8
2981,retainment,10
2982,retake,6
2983,retaker,7
2984,retaliated,10
2985,retaliating,11
2986,retaliate,9
2987,retaliation,11
2988,retaliative,11
2989,retaliatory,11
2990,retarded,8
2991,retarding,9
2992,retard,6
2993,retardation,11
2994,retardative,11
2995,retarder,8
2996,retardment,10
2997,retched,7
2998,retching,8
2999,retch,5
3000,retchless,9
3001,rete,4
3002,retecious,9
3003,retection,9
3004,retell,6
3005,retene,6
3006,retent,6
3007,retention,9
3008,retentive,9
3009,retentively,11
3010,retentiveness,13
3011,retentivity,11
3012,retentor,8
3013,retepore,8
3014,retex,5
3015,retexture,9
3016,rethor,6
3017,rethoryke,9
3018,retiarius,9
3019,retiary,7
3020,reticence,9
3021,reticency,9
3022,reticent,8
3023,reticle,7
3024,reticular,9
3025,reticularia,11
3026,reticularian,12
3027,reticularly,11
3028,reticulate,10
3029,reticulated,11
3030,reticulation,12
3031,reticule,8
3032,reticulosa,10
3033,reticulose,10
3034,reticula,8
3035,reticulum,9
3036,retiform,8
3037,retina,6
3038,retinacula,10
3039,retinaculum,11
3040,retinal,7
3041,retinalite,10
3042,retinasphalt,12
3043,retinasphaltum,14
3044,retinerved,10
3045,retinea,7
3046,retineum,8
3047,retinic,7
3048,retinite,8
3049,retinitis,9
3050,retinoid,8
3051,retinol,7
3052,retiniphorae,12
3053,retinophora,11
3054,retinophoral,12
3055,retinoscopy,11
3056,retinue,7
3057,retinulae,9
3058,retinula,8
3059,retinulate,10
3060,retiped,7
3061,retiracy,8
3062,retirade,8
3063,retired,7
3064,retiring,8
3065,retire,6
3066,retirement,10
3067,retirer,7
3068,retistene,9
3069,retitelae,9
3070,retold,6
3071,retorsion,9
3072,retorted,8
3073,retorting,9
3074,retort,6
3075,retorter,8
3076,retortion,9
3077,retortive,9
3078,retoss,6
3079,retouch,7
3080,retoucher,9
3081,retrace,7
3082,retracted,9
3083,retracting,10
3084,retract,7
3085,retractable,11
3086,retractate,10
3087,retractation,12
3088,retractible,11
3089,retractile,10
3090,retraction,10
3091,retractive,10
3092,retractor,9
3093,retraict,8
3094,retrait,7
3095,retransform,11
3096,retranslate,11
3097,retraxit,8
3098,retread,7
3099,retreat,7
3100,retreated,9
3101,retreating,10
3102,retreatful,10
3103,retreatment,11
3104,retrenched,10
3105,retrenching,11
3106,retrench,8
3107,retrenchment,12
3108,retrial,7
3109,retribute,9
3110,retributer,10
3111,retribution,11
3112,retributive,11
3113,retributory,11
3114,retrievable,11
3115,retrieval,9
3116,retrieved,9
3117,retrieving,10
3118,retrieve,8
3119,retrievement,12
3120,retriever,9
3121,retrim,6
3122,retriment,9
3123,retroact,8
3124,retroaction,11
3125,retroactive,11
3126,retroactively,13
3127,retrocede,9
3128,retrocedent,11
3129,retrocession,12
3130,retrochoir,10
3131,retrocopulant,13
3132,retrocopulation,15
3133,retroduction,12
3134,retroflex,9
3135,retroflexed,11
3136,retroflexion,12
3137,retrofract,10
3138,retrofracted,12
3139,retrogenerative,15
3140,retrogradation,14
3141,retrograde,10
3142,retrograded,11
3143,retrograding,12
3144,retrogradingly,14
3145,retrogress,10
3146,retrogression,13
3147,retrogressive,13
3148,retrogressively,15
3149,retromingency,13
3150,retromingent,12
3151,retropulsive,12
3152,retrorse,8
3153,retrospect,10
3154,retrospection,13
3155,retrospective,13
3156,retrospectively,15
3157,retrousse,9
3158,retrovaccination,16
3159,retroversion,12
3160,retroverted,11
3161,retroverting,12
3162,retrovert,9
3163,retruded,8
3164,retruding,9
3165,retrude,7
3166,retruse,7
3167,retrusion,9
3168,retry,5
3169,rette,5
3170,rettery,7
3171,retting,7
3172,retund,6
3173,returned,8
3174,returning,9
3175,return,6
3176,returnable,10
3177,returner,8
3178,returnless,10
3179,retuse,6
3180,reule,5
3181,reume,5
3182,reunion,7
3183,reunite,7
3184,reunitedly,10
3185,reunition,9
3186,reurge,6
3187,revaccinate,11
3188,revalescence,12
3189,revalescent,11
3190,revaluation,11
3191,revamp,6
3192,reve,4
3193,revealed,8
3194,revealing,9
3195,reveal,6
3196,revealability,13
3197,revealable,10
3198,revealer,8
3199,revealment,10
3200,revegetate,10
3201,reveille,8
3202,revel,5
3203,reveled,7
3204,revelled,8
3205,reveling,8
3206,revelling,9
3207,revelate,8
3208,revelation,10
3209,revelator,9
3210,reveler,7
3211,revellent,9
3212,revelment,9
3213,revelous,8
3214,revelry,7
3215,revendicated,12
3216,revendicating,13
3217,revendicate,11
3218,revendication,13
3219,revenged,8
3220,revenging,9
3221,revenge,7
3222,revengeable,11
3223,revengeance,11
3224,revengeful,10
3225,revengeless,11
3226,revengement,11
3227,revenger,8
3228,revenue,7
3229,reverb,6
3230,reverberant,11
3231,reverberate,11
3232,reverberated,12
3233,reverberating,13
3234,reverberation,13
3235,reverberative,13
3236,reverberator,12
3237,reverberatory,13
3238,reverdure,9
3239,revered,7
3240,revering,8
3241,revere,6
3242,reverence,9
3243,reverenced,10
3244,reverencing,11
3245,reverencer,10
3246,reverend,8
3247,reverendly,10
3248,reverent,8
3249,reverential,11
3250,reverentially,13
3251,reverently,10
3252,reverer,7
3253,reveries,8
3254,reverie,7
3255,revery,6
3256,reversal,8
3257,reverse,7
3258,reversed,8
3259,reversing,9
3260,reversedly,10
3261,reverseless,11
3262,reversely,9
3263,reverser,8
3264,reversibility,13
3265,reversible,10
3266,reversibly,10
3267,reversion,9
3268,reversionary,12
3269,reversioner,11
3270,reversis,8
3271,reverted,8
3272,reverting,9
3273,revert,6
3274,revertent,9
3275,reverter,8
3276,revertible,10
3277,revertive,9
3278,revest,6
3279,revestiary,10
3280,revestry,8
3281,revestture,10
3282,revetted,8
3283,revetting,9
3284,revet,5
3285,revetment,9
3286,revibrate,9
3287,revict,6
3288,reviction,9
3289,revictual,9
3290,revie,5
3291,review/d,8
3292,reveiwing,9
3293,review,6
3294,reviewable,10
3295,reviewal,8
3296,reviewer,8
3297,revigorate,10
3298,reviled,7
3299,reviling,8
3300,revile,6
3301,revilement,10
3302,reviler,7
3303,revince,7
3304,revindicate,11
3305,revirescence,12
3306,revisable,9
3307,revisal,7
3308,revised,7
3309,revising,8
3310,revise,6
3311,reviser,7
3312,revision,8
3313,revisional,10
3314,revisionary,11
3315,revisit,7
3316,revisitation,12
3317,revisory,8
3318,revitalize,10
3319,revivable,9
3320,revival,7
3321,revivalism,10
3322,revivalist,10
3323,revivalistic,12
3324,revived,7
3325,reviving,8
3326,revive,6
3327,revivement,10
3328,reviver,7
3329,revivificate,12
3330,revivification,14
3331,revivify,8
3332,reviviscence,12
3333,reviviscency,12
3334,reviviscent,11
3335,revivor,7
3336,revocability,12
3337,revocable,9
3338,revocate,8
3339,revocation,10
3340,revocatory,10
3341,revoice,7
3342,revoked,7
3343,revoking,8
3344,revoke,6
3345,revokement,10
3346,revoker,7
3347,revokingly,10
3348,revolted,8
3349,revolting,9
3350,revolt,6
3351,revolter,8
3352,revoluble,9
3353,revolute,8
3354,revolution,10
3355,revolutionary,13
3356,revolutioner,12
3357,revolutionism,13
3358,revolutionist,13
3359,revolutioniezed,15
3360,revolutionizing,15
3361,revolutionize,13
3362,revolutive,10
3363,revolvable,10
3364,revolved,8
3365,revolving,9
3366,revolve,7
3367,revolvement,11
3368,revolvency,10
3369,revolver,8
3370,revulse,7
3371,revulsion,9
3372,revulsive,9
3373,rew,3
3374,rewake,6
3375,rewarded,8
3376,rewarding,9
3377,reward,6
3378,rewardable,10
3379,rewarder,8
3380,rewardful,9
3381,rewardless,10
3382,rewe,4
3383,rewet,5
3384,rewful,6
3385,rewin,5
3386,rewle,5
3387,rewme,5
3388,reword,6
3389,rewrite,7
3390,rewth,5
3391,reges,5
3392,rex,3
3393,reyn,4
3394,reynard,7
3395,reyse,5
3396,rhabarbarate,12
3397,rhabarbarin,11
3398,rhabarbarine,12
3399,rhabdite,8
3400,rhabdocoela,11
3401,rhabdocoelous,13
3402,rhabdoidal,10
3403,rhabdolith,10
3404,rhabdology,10
3405,rhabdom,7
3406,rhabdomancy,11
3407,rhabdomere,10
3408,rhabdophora,11
3409,rhabdopleura,12
3410,rhabdosphere,12
3411,rhachialgia,11
3412,rhachidian,10
3413,rhachiglossa,12
3414,rhachilla,9
3415,rhachiodont,11
3416,rhachises,9
3417,rhachides,9
3418,rhachis,7
3419,rhachitis,9
3420,rhadamanthine,13
3421,rhadamanthus,12
3422,rh/tian,7
3423,rh/tic,6
3424,rh/tizite,9
3425,rhamadan,8
3426,rhamnaceous,11
3427,rhamnus,7
3428,rhamphorhynchus,15
3429,rhamphothecae,13
3430,rhamphotheca,12
3431,rhaphe,6
3432,rhaphides,9
3433,rhaponticine,12
3434,rhapsode,8
3435,rhapsoder,9
3436,rhapsodic,9
3437,rhapsodist,10
3438,rhapsodized,11
3439,rhapsodizing,12
3440,rhapsodize,10
3441,rhapsodomancy,13
3442,rhapsodies,10
3443,rhapsody,8
3444,rhatany,7
3445,rhatanhy,8
3446,rhea,4
3447,rheae,5
3448,rheeboc,7
3449,rheic,5
3450,rhein,5
3451,rheinberry,10
3452,rhematic,8
3453,rhemish,7
3454,rhenish,7
3455,rheochord,9
3456,rheometer,9
3457,rheometric,10
3458,rheometry,9
3459,rheomotor,9
3460,rheophore,9
3461,rheoscope,9
3462,rheostat,8
3463,rheotome,8
3464,rheotrope,9
3465,rhesus,6
3466,rhetian,7
3467,rhetic,6
3468,rhetizite,9
3469,rhetor,6
3470,rhetoric,8
3471,rhetorical,10
3472,rhetoricate,11
3473,rhetorication,13
3474,rhetorician,11
3475,rhetorized,10
3476,rhetorizing,11
3477,rhetorize,9
3478,rheum,5
3479,rheumatic,9
3480,rheumatism,10
3481,rheumatismal,12
3482,rheumatismoid,13
3483,rheumic,7
3484,rheumides,9
3485,rheumy,6
3486,rhigolene,9
3487,rhime,5
3488,rhinal,6
3489,rhinaster,9
3490,rhine,5
3491,rhinencephalic,14
3492,rhinencephala,13
3493,rhinencephalon,14
3494,rhinestone,10
3495,rhinitis,8
3496,rhino,5
3497,rhinocerial,11
3498,rhinocerical,12
3499,rhinoceros,10
3500,rhinocerote,11
3501,rhinocerotic,12
3502,rhinolite,9
3503,rhinolith,9
3504,rhinological,12
3505,rhinologist,11
3506,rhinology,9
3507,rhinolophid,11
3508,rhinolophine,12
3509,rhinophore,10
3510,rhinoplastic,12
3511,rhinoplasty,11
3512,rhinopome,9
3513,rhinoscleroma,13
3514,rhinoscope,10
3515,rhinoscopic,11
3516,rhinoscopy,10
3517,rhinothecae,11
3518,rhinotheca,10
3519,rhipidoglossa,13
3520,rhipipter,9
3521,rhipipteran,11
3522,rhizanthous,11
3523,rhizine,7
3524,rhizocarpous,12
3525,rhizocephala,12
3526,rhizodont,9
3527,rhizogan,8
3528,rhizogen,8
3529,rhizoid,7
3530,rhizomata,9
3531,rhizoma,7
3532,rhizomatous,11
3533,rhizome,7
3534,rhizophaga,10
3535,rhizophagous,12
3536,rhizophora,10
3537,rhizophorous,12
3538,rhizopod,8
3539,rhizopoda,9
3540,rhizopodous,11
3541,rhizostomata,12
3542,rhizostome,10
3543,rhizotaxis,10
3544,rhob,4
3545,rhodammonium,12
3546,rhodanate,9
3547,rhodanic,8
3548,rhodeoretin,11
3549,rhodian,7
3550,rhodic,6
3551,rhodium,7
3552,rhodizonic,10
3553,rhodochrosite,13
3554,rhodocrinite,12
3555,rhododendron,12
3556,rhodomontade,12
3557,rhodomontader,13
3558,rhodonite,9
3559,rhodophane,10
3560,rhodopsin,9
3561,rhodosperm,10
3562,rhomb,5
3563,rhombic,7
3564,rhomboganoid,12
3565,rhomboganoidei,14
3566,rhombogene,10
3567,rhombohedral,12
3568,rhombohedric,12
3569,rhombohedron,12
3570,rhomboid,8
3571,rhomboidal,10
3572,rhomboides,10
3573,rhombus,7
3574,rhonchal,8
3575,rhonchial,9
3576,rhonchisonant,13
3577,rhonchi,7
3578,rhonchus,8
3579,rhopalic,8
3580,rhopalia,8
3581,rhopalium,9
3582,rhopalocera,11
3583,rhotacism,9
3584,rhubarb,7
3585,rhubarby,8
3586,rhumb,5
3587,rhus,4
3588,rhusma,6
3589,rhyme,5
3590,rhymed,6
3591,rhyming,7
3592,rhymeless,9
3593,rhymer,6
3594,rhymery,7
3595,rhymester,9
3596,rhymic,6
3597,rhymist,7
3598,rhynchobdellea,14
3599,rhynchocephala,14
3600,rhynchocoela,12
3601,rhyncholite,11
3602,rhynchonella,12
3603,rhynchophora,12
3604,rhynchophore,12
3605,rhynchota,9
3606,rhyolite,8
3607,rhyparography,13
3608,rhysimeter,10
3609,rhythm,6
3610,rhythmer,8
3611,rhythmic,8
3612,rhythmical,10
3613,rhythmically,12
3614,rhythmics,9
3615,rhythming,9
3616,rhythmless,10
3617,rhythmometer,12
3618,rhythmus,8
3619,rhytina,7
3620,rial,4
3621,riant,5
3622,rib,3
3623,ribbed,6
3624,ribbing,7
3625,ribald,6
3626,ribaldish,9
3627,ribaldrous,10
3628,ribaldry,8
3629,riban,5
3630,riband,6
3631,ribanded,8
3632,ribaud,6
3633,ribaudequin,11
3634,ribaudred,9
3635,ribaudrous,10
3636,ribaudry,8
3637,ribaudy,7
3638,ribauld,7
3639,ribband,7
3640,ribbon,6
3641,ribboned,8
3642,ribboning,9
3643,ribbonism,9
3644,ribbonman,9
3645,ribbonwood,10
3646,ribes,5
3647,ribibe,6
3648,ribible,7
3649,ribless,7
3650,ribroast,8
3651,ribwort,7
3652,rice,4
3653,ricebird,8
3654,rich,4
3655,riches,6
3656,richesse,8
3657,richly,6
3658,richness,8
3659,richweed,8
3660,ricinelaidic,12
3661,ricinelaidin,12
3662,ricinic,7
3663,ricinine,8
3664,ricinoleate,11
3665,ricinoleic,10
3666,ricinolein,10
3667,ricinolic,9
3668,ricinus,7
3669,rick,4
3670,ricker,6
3671,ricketish,9
3672,rickets,7
3673,rickety,7
3674,rickrack,8
3675,rickstand,9
3676,ricochet,8
3677,ricochetted,11
3678,ricochetting,12
3679,rictal,6
3680,ricture,7
3681,rictus,6
3682,rid,3
3683,ridded,6
3684,ridding,7
3685,ridable,7
3686,riddance,8
3687,ridden,6
3688,ridder,6
3689,riddle,6
3690,riddled,7
3691,riddling,8
3692,riddler,7
3693,rode,4
3694,riding,6
3695,ride,4
3696,rideau,6
3697,riden,5
3698,rident,6
3699,rider,5
3700,riderless,9
3701,ridge,5
3702,ridged,6
3703,ridging,7
3704,ridgeband,9
3705,ridgebone,9
3706,ridgel,6
3707,ridgelet,8
3708,ridgeling,9
3709,ridgepiece,10
3710,ridgeplate,10
3711,ridgepole,9
3712,ridgerope,9
3713,ridgingly,9
3714,ridgy,5
3715,ridicle,7
3716,ridicule,8
3717,ridiculed,9
3718,ridiculing,10
3719,ridiculer,9
3720,ridiculize,10
3721,ridiculosity,12
3722,ridiculous,10
3723,ridotto,7
3724,rie,3
3725,rief,4
3726,rietboc,7
3727,rife,4
3728,riffle,6
3729,riffler,7
3730,riffraff,8
3731,rifled,6
3732,rifling,7
3733,rifle,5
3734,riflebird,9
3735,rifleman,8
3736,rifler,6
3737,rift,4
3738,rifted,6
3739,rifting,7
3740,rifter,6
3741,rig,3
3742,rigged,6
3743,rigging,7
3744,rigadoon,8
3745,rigarion,8
3746,rigel,5
3747,rigescent,9
3748,rigger,6
3749,riggish,7
3750,riggle,6
3751,right,5
3752,righted,7
3753,righting,8
3754,righten,7
3755,righteous,9
3756,righteoused,11
3757,righteously,11
3758,righteousness,13
3759,righter,7
3760,rightful,8
3761,rightfully,10
3762,rightfulness,12
3763,rightless,9
3764,rightly,7
3765,rightness,9
3766,rightward,9
3767,rightwise,9
3768,rightwisely,11
3769,rightwiseness,13
3770,rigid,5
3771,rigidity,8
3772,rigidly,7
3773,rigidness,9
3774,rigidulous,10
3775,riglet,6
3776,rigmarole,9
3777,rigol,5
3778,rigoll,6
3779,rigor,5
3780,rigorism,8
3781,rigorist,8
3782,rigorous,8
3783,rigsdaler,9
3784,riksdaler,9
3785,riled,5
3786,riling,6
3787,rile,4
3788,rilievo,7
3789,rill,4
3790,rille,5
3791,rillet,6
3792,rily,4
3793,rim,3
3794,rimmed,6
3795,rimming,7
3796,rimae,5
3797,rima,4
3798,rimbase,7
3799,rime,4
3800,rimed,5
3801,riming,6
3802,rimer,5
3803,rimey,5
3804,rimmer,6
3805,rimose,6
3806,rimosely,8
3807,rimosity,8
3808,rimous,6
3809,rimple,6
3810,rimpled,7
3811,rimpling,8
3812,rimy,4
3813,rind,4
3814,rinderpest,10
3815,rindle,6
3816,rindless,8
3817,rindy,5
3818,rine,4
3819,rined,5
3820,rinforzando,11
3821,rung,4
3822,ringing,7
3823,ring,4
3824,ringed,6
3825,ringbill,8
3826,ringbird,8
3827,ringbolt,8
3828,ringbone,8
3829,ringdove,8
3830,ringent,7
3831,ringer,6
3832,ringhead,8
3833,ringingly,9
3834,ringleader,10
3835,ringlestone,11
3836,ringlet,7
3837,ringmen,7
3838,ringman,7
3839,ringmaster,10
3840,ringneck,8
3841,ringsail,8
3842,ringstraked,11
3843,ringtail,8
3844,ringtoss,8
3845,ringworm,8
3846,rink,4
3847,rinker,6
3848,rinking,7
3849,rinsed,6
3850,rinsing,7
3851,rinse,5
3852,rinser,6
3853,riot,4
3854,rioted,6
3855,rioting,7
3856,rioter,6
3857,riotise,7
3858,riotour,7
3859,riotous,7
3860,riotry,6
3861,rip,3
3862,ripped,6
3863,ripping,7
3864,riparian,8
3865,riparious,9
3866,ripe,4
3867,ripely,6
3868,ripened,7
3869,ripening,8
3870,ripen,5
3871,ripeness,8
3872,ripidolite,10
3873,ripienist,9
3874,ripieno,7
3875,ripler,6
3876,ripper,6
3877,ripost,6
3878,ripple,6
3879,rippled,7
3880,rippling,8
3881,ripplet,7
3882,ripplingly,10
3883,ripply,6
3884,riprap,6
3885,riprapped,9
3886,riprapping,10
3887,ripsaw,6
3888,riptowel,8
3889,ris,3
3890,rose,4
3891,risen,5
3892,rising,6
3893,rise,4
3894,riser,5
3895,rish,4
3896,risibility,10
3897,risible,7
3898,risk,4
3899,risked,6
3900,risking,7
3901,risker,6
3902,riskful,7
3903,risky,5
3904,risorial,8
3905,risotto,7
3906,risse,5
3907,rissoid,7
3908,rissole,7
3909,rist,4
3910,rit,3
3911,ritardando,10
3912,rite,4
3913,ritenuto,8
3914,ritornelle,10
3915,ritornello,10
3916,ritratto,8
3917,ritual,6
3918,ritualism,9
3919,ritualist,9
3920,ritualistic,11
3921,ritually,8
3922,rivage,6
3923,rival,5
3924,rivaled,7
3925,rivalled,8
3926,rivaling,8
3927,rivalling,9
3928,rivaless,8
3929,rivality,8
3930,rivalries,9
3931,rivalry,7
3932,rivalship,9
3933,rived,5
3934,riven,5
3935,riving,6
3936,rive,4
3937,riveled,7
3938,riveling,8
3939,rivel,5
3940,river,5
3941,rivered,7
3942,riveret,7
3943,riverhood,9
3944,riverling,9
3945,riverside,9
3946,rivery,6
3947,rivet,5
3948,riveted,7
3949,riveting,8
3950,riveter,7
3951,rivose,6
3952,rivulet,7
3953,rixation,8
3954,rixatrix,8
3955,rixdaler,8
3956,rizzar,6
3957,roach,5
3958,road,4
3959,roadbed,7
3960,roadless,8
3961,roadmaker,9
3962,roadside,8
3963,roadstead,9
3964,roadster,8
3965,roadway,7
3966,roamed,6
3967,roaming,7
3968,roam,4
3969,roamer,6
3970,roan,4
3971,roared,6
3972,roaring,7
3973,roar,4
3974,roarer,6
3975,roaringly,9
3976,roasted,7
3977,roasting,8
3978,roast,5
3979,roaster,7
3980,rob,3
3981,robbed,6
3982,robbing,7
3983,roband,6
3984,robber,6
3985,robberies,9
3986,robbery,7
3987,robbin,6
3988,robe,4
3989,robed,5
3990,robing,6
3991,roberdsman,10
3992,robertsman,10
3993,robert,6
3994,robin,5
3995,robinet,7
3996,robinia,7
3997,roborant,8
3998,roborate,8
3999,roboration,10
4000,roborean,8
4001,roboreous,9
4002,robust,6
4003,robustious,10
4004,robustly,8
4005,robustness,10
4006,roc,3
4007,rocambole,9
4008,roccellic,9
4009,roccellin,9
4010,roche,5
4011,rochelime,9
4012,rochelle,8
4013,rochet,6
4014,rock,4
4015,rocked,6
4016,rocking,7
4017,rockaway,8
4018,rockelay,8
4019,rocklay,7
4020,rocker,6
4021,rockered,8
4022,rockery,7
4023,rocket,6
4024,rocketed,8
4025,rocketing,9
4026,rocketer,8
4027,rockfish,8
4028,rockiness,9
4029,rockless,8
4030,rockling,8
4031,rockrose,8
4032,rocksucker,10
4033,rockweed,8
4034,rockwood,8
4035,rockwork,8
4036,rocky,5
4037,rocoa,5
4038,rococo,6
4039,rod,3
4040,roddy,5
4041,rodent,6
4042,rodentia,8
4043,rodeo,5
4044,rodge,5
4045,rodomel,7
4046,rodomont,8
4047,rodomontade,11
4048,rodomontadist,13
4049,rodomontado,11
4050,rodomontador,12
4051,rodsmen,7
4052,rodsman,7
4053,rody,4
4054,roe,3
4055,roebuck,7
4056,roed,4
4057,roedeer,7
4058,roestone,8
4059,rogation,8
4060,rogatory,8
4061,rogue,5
4062,roguery,7
4063,rogueship,9
4064,roguish,7
4065,roguy,5
4066,rohob,5
4067,roial,5
4068,roiled,6
4069,roiling,7
4070,roil,4
4071,roily,5
4072,roin,4
4073,roinish,7
4074,roint,5
4075,roist,5
4076,roister,7
4077,roisterer,9
4078,roisterly,9
4079,rokambole,9
4080,roke,4
4081,rokeage,7
4082,rokee,5
4083,rokelay,7
4084,roky,4
4085,role,4
4086,rolled,6
4087,rolling,7
4088,roll,4
4089,rollable,8
4090,roller,6
4091,rolley,6
4092,rollicked,9
4093,rollicking,10
4094,rollic,6
4095,rollway,7
4096,romage,6
4097,romaic,6
4098,roman,5
4099,romance,7
4100,romanced,8
4101,romancing,9
4102,romancer,8
4103,romancist,9
4104,romancy,7
4105,romanesque,10
4106,romanic,7
4107,romanish,8
4108,romanism,8
4109,romanist,8
4110,romanized,9
4111,romanizing,10
4112,romanize,8
4113,romanizer,9
4114,romansch,8
4115,romant,6
4116,romantic,8
4117,romantical,10
4118,romanticaly,11
4119,romanticism,11
4120,romanticist,11
4121,romanticly,10
4122,romanticness,12
4123,romany,6
4124,romanza,7
4125,romaunt,7
4126,romble,6
4127,rombowline,10
4128,romeine,7
4129,romeite,7
4130,romekin,7
4131,romeward,8
4132,romic,5
4133,romish,6
4134,romist,6
4135,romped,6
4136,romping,7
4137,romp,4
4138,rompingly,9
4139,rompish,7
4140,rompu,5
4141,roncador,8
4142,ronchil,7
4143,ronco,5
4144,rondache,8
4145,ronde,5
4146,rondeau,7
4147,rondel,6
4148,rondeletia,10
4149,rondle,6
4150,rondo,5
4151,rondure,7
4152,rong,4
4153,rongeur,7
4154,ronion,6
4155,ronyon,6
4156,ronne,5
4157,ronnen,6
4158,ront,4
4159,rood,4
4160,roodebok,8
4161,roody,5
4162,roof,4
4163,roofed,6
4164,roofing,7
4165,roofer,6
4166,roofless,8
4167,rooflet,7
4168,rooftree,8
4169,roofy,5
4170,rook,4
4171,rooked,6
4172,rooking,7
4173,rookeries,9
4174,rookery,7
4175,rooky,5
4176,room,4
4177,roomed,6
4178,rooming,7
4179,roomage,7
4180,roomer,6
4181,roomful,7
4182,roomfuls,8
4183,roomily,7
4184,roominess,9
4185,roomless,8
4186,roommate,8
4187,roomsome,8
4188,roomth,6
4189,roomthy,7
4190,roomy,5
4191,roon,4
4192,roop,4
4193,roorback,8
4194,roorbach,8
4195,roost,5
4196,roosted,7
4197,roosting,8
4198,roostcock,9
4199,rooster,7
4200,root,4
4201,rooted,6
4202,rooting,7
4203,rootcap,7
4204,rooter,6
4205,rootery,7
4206,rootless,8
4207,rootlet,7
4208,rootstock,9
4209,rooty,5
4210,ropalic,7
4211,rope,4
4212,roped,5
4213,roping,6
4214,ropeband,8
4215,ropedancer,10
4216,roper,5
4217,ropery,6
4218,ropewalk,8
4219,ropewalker,10
4220,ropily,6
4221,ropiness,8
4222,ropish,6
4223,ropy,4
4224,roquelaure,10
4225,roquet,6
4226,roral,5
4227,roration,8
4228,roric,5
4229,rorid,5
4230,roriferous,10
4231,rorifluent,10
4232,rorqual,7
4233,rorulent,8
4234,rory,4
4235,rosaceous,9
4236,rosacic,7
4237,rosalgar,8
4238,rosalia,7
4239,rosaniline,10
4240,rosarian,8
4241,rosaries,8
4242,rosary,6
4243,roscid,6
4244,roscoelite,10
4245,roseal,6
4246,roseate,7
4247,rosebay,7
4248,rosebud,7
4249,rosebush,8
4250,rosedrop,8
4251,rosefinch,9
4252,rosefish,8
4253,rosehead,8
4254,roseine,7
4255,roselite,8
4256,rosella,7
4257,roselle,7
4258,rosemaloes,10
4259,rosemary,8
4260,rosen,5
4261,roseola,7
4262,roser,5
4263,roseroot,8
4264,rosery,6
4265,roset,5
4266,rosette,7
4267,rosewood,8
4268,roseworm,8
4269,rosewort,8
4270,rosicrucian,11
4271,rosied,6
4272,rosier,6
4273,rosily,6
4274,rosin,5
4275,rosiness,8
4276,rosinweed,9
4277,rosiny,6
4278,rosland,7
4279,rosmarine,9
4280,rosolic,7
4281,ross,4
4282,rossel,6
4283,rosselly,8
4284,rost,4
4285,rostel,6
4286,rostellar,9
4287,rostellate,10
4288,rostelliform,12
4289,rostella,8
4290,rostellum,9
4291,roster,6
4292,rostra,6
4293,rostral,7
4294,rostrate,8
4295,rostrated,9
4296,rostrifera,10
4297,rostriform,10
4298,rostrula,8
4299,rostrulum,9
4300,rostrums,8
4301,rostrum,7
4302,rosulate,8
4303,rosy,4
4304,rotted,6
4305,rotting,7
4306,rot,3
4307,rota,4
4308,rotacism,8
4309,rotal,5
4310,rotalite,8
4311,rotary,6
4312,rotascope,9
4313,rotate,6
4314,rotated,7
4315,rotating,8
4316,rotation,8
4317,rotative,8
4318,rotator,7
4319,rotatoria,9
4320,rotatory,8
4321,rotche,6
4322,rotchet,7
4323,rote,4
4324,roted,5
4325,roting,6
4326,rotella,7
4327,rotgut,6
4328,rother,6
4329,rotifer,7
4330,rotifera,8
4331,rotiform,8
4332,rotta,5
4333,rotten,6
4334,rotula,6
4335,rotular,7
4336,rotund,6
4337,rotunda,7
4338,rotundate,9
4339,rotundifolious,14
4340,rotundity,9
4341,rotundness,10
4342,rotundo,7
4343,roturer,7
4344,roturier,8
4345,roty,4
4346,rouble,6
4347,rouche,6
4348,roue,4
4349,rouet,5
4350,rouge,5
4351,rouged,6
4352,rouging,7
4353,rougecroix,10
4354,rough,5
4355,roughcast,9
4356,roughcaster,11
4357,roughdraw,9
4358,roughdry,8
4359,roughened,9
4360,roughening,10
4361,roughen,7
4362,roughhead,9
4363,roughhew,8
4364,roughhewer,10
4365,roughhewn,9
4366,roughings,9
4367,roughish,8
4368,roughleg,8
4369,roughly,7
4370,roughness,9
4371,roughrider,10
4372,roughscuff,10
4373,roughsetter,11
4374,roughshod,9
4375,roughstrings,12
4376,rought,6
4377,roughtail,9
4378,roughwork,9
4379,roughwrought,12
4380,rouk,4
4381,roulade,7
4382,rouleaux,8
4383,rouleaus,8
4384,rouleau,7
4385,roulette,8
4386,roun,4
4387,rown,4
4388,rounce,6
4389,rounceval,9
4390,rouncy,6
4391,round,5
4392,rounded,7
4393,rounding,8
4394,roundabout,10
4395,roundaboutness,14
4396,roundel,7
4397,roundelay,9
4398,rounder,7
4399,roundfish,9
4400,roundhead,9
4401,roundheaded,11
4402,roundhouse,10
4403,roundish,8
4404,roundlet,8
4405,roundly,7
4406,roundness,9
4407,roundridge,10
4408,roundsmen,9
4409,roundsman,9
4410,roundtop,8
4411,roundure,8
4412,roundworm,9
4413,roundy,6
4414,roup,4
4415,rousant,7
4416,rouse,5
4417,roused,6
4418,rousing,7
4419,rouser,6
4420,rousingly,9
4421,roussette,9
4422,roust,5
4423,roustabout,10
4424,rout,4
4425,routed,6
4426,routing,7
4427,route,5
4428,router,6
4429,routhe,6
4430,routinary,9
4431,routine,7
4432,routinism,9
4433,routinist,9
4434,routish,7
4435,routously,9
4436,roux,4
4437,roved,5
4438,roving,6
4439,rover,5
4440,rovingly,8
4441,rovingness,10
4442,row,3
4443,rowed,5
4444,rowing,6
4445,rowable,7
4446,rowan,5
4447,rowboat,7
4448,rowdies,7
4449,rowdy,5
4450,rowdydow,8
4451,rowdydowdy,10
4452,rowdyish,8
4453,rowdyism,8
4454,rowel,5
4455,roweled,7
4456,rowelled,8
4457,roweling,8
4458,rowelling,9
4459,rowen,5
4460,rower,5
4461,rowett,6
4462,rowlock,7
4463,rowport,7
4464,roxburgh,8
4465,roy,3
4466,royal,5
4467,royalet,7
4468,royalism,8
4469,royalist,8
4470,royalization,12
4471,royalize,8
4472,royally,7
4473,royalties,9
4474,royalty,7
4475,royne,5
4476,roynish,7
4477,royster,7
4478,roysterer,9
4479,roytelet,8
4480,roytish,7
4481,rubbed,6
4482,rubbing,7
4483,rub,3
4484,rubato,6
4485,rubbage,7
4486,rubber,6
4487,rubbidge,8
4488,rubbish,7
4489,rubble,6
4490,rubblestone,11
4491,rubblework,10
4492,rubbly,6
4493,rubedinous,10
4494,rubefacient,11
4495,rubefaction,11
4496,rubelet,7
4497,rubella,7
4498,rubelle,7
4499,rubellite,9
4500,rubeola,7
4501,ruberythrinic,13
4502,rubescence,10
4503,rubescent,9
4504,rubiaceous,10
4505,rubiacin,8
4506,rubian,6
4507,rubianic,8
4508,rubican,7
4509,rubicelle,9
4510,rubicon,7
4511,rubicund,8
4512,rubicundity,11
4513,rubidic,7
4514,rubidine,8
4515,rubidium,8
4516,rubific,7
4517,rubification,12
4518,rubiform,8
4519,rubify,6
4520,rubiginose,10
4521,rubiginous,10
4522,rubigo,6
4523,rubin,5
4524,rubious,7
4525,rubiretin,9
4526,ruble,5
4527,rubric,6
4528,rubrical,8
4529,rubricate,9
4530,rubrician,9
4531,rubricist,9
4532,rubricity,9
4533,rubstone,8
4534,rubus,5
4535,rubies,6
4536,ruby,4
4537,rubied,6
4538,rubying,7
4539,rubytail,8
4540,rubythroat,10
4541,rubywood,8
4542,rucervine,9
4543,ruche,5
4544,ruching,7
4545,ruck,4
4546,rucked,6
4547,rucking,7
4548,ructation,9
4549,ruction,7
4550,rud,3
4551,rudd,4
4552,rudder,6
4553,rudderhead,10
4554,rudderhole,10
4555,rudderless,10
4556,rudderpost,10
4557,rudderstock,11
4558,ruddied,7
4559,ruddily,7
4560,ruddiness,9
4561,ruddle,6
4562,ruddock,7
4563,ruddy,5
4564,rude,4
4565,rudenture,9
4566,ruderary,8
4567,rudesby,7
4568,rudesheimer,11
4569,rudiment,8
4570,rudimental,10
4571,rudimentary,11
4572,rudish,6
4573,rudistes,8
4574,rudity,6
4575,rudmasday,9
4576,rudolphine,10
4577,rue,3
4578,rued,4
4579,ruing,5
4580,rueful,6
4581,ruelle,6
4582,rufescent,9
4583,ruff,4
4584,ruffed,6
4585,ruffing,7
4586,ruffe,5
4587,ruffian,7
4588,ruffianage,10
4589,ruffianish,10
4590,ruffianlike,11
4591,ruffianly,9
4592,ruffianous,10
4593,ruffin,6
4594,ruffled,7
4595,ruffling,8
4596,ruffle,6
4597,ruffleless,10
4598,rufflement,10
4599,ruffler,7
4600,rufigallic,10
4601,rufiopin,8
4602,rufol,5
4603,rufous,6
4604,ruft,4
4605,rufterhood,10
4606,rug,3
4607,rugae,5
4608,ruga,4
4609,rugate,6
4610,rugged,6
4611,rugging,7
4612,ruggy,5
4613,rugin,5
4614,rugine,6
4615,rugosa,6
4616,rugose,6
4617,rugosity,8
4618,rugous,6
4619,rugulose,8
4620,ruin,4
4621,ruined,6
4622,ruining,7
4623,ruinable,8
4624,ruinate,7
4625,ruination,9
4626,ruiner,6
4627,ruiniform,9
4628,ruinous,7
4629,rukh,4
4630,rulable,7
4631,rule,4
4632,ruled,5
4633,ruling,6
4634,ruleless,8
4635,ruler,5
4636,rulingly,8
4637,rullichies,10
4638,ruly,4
4639,rum,3
4640,rumble,6
4641,rumbler,7
4642,rumbling,8
4643,rumblingly,10
4644,rumbo,5
4645,rumbowline,10
4646,rumen,5
4647,rumicin,7
4648,ruminal,7
4649,ruminant,8
4650,ruminantia,10
4651,ruminantly,10
4652,ruminated,9
4653,ruminating,10
4654,ruminate,8
4655,rumination,10
4656,ruminative,10
4657,ruminator,9
4658,rumkin,6
4659,rummage,7
4660,rummaged,8
4661,rummaging,9
4662,rummager,8
4663,rummer,6
4664,rummy,5
4665,rummies,7
4666,rumney,6
4667,rumor,5
4668,rumored,7
4669,rumoring,8
4670,rumorer,7
4671,rumorous,8
4672,rump,4
4673,rumper,6
4674,rumpled,7
4675,rumpling,8
4676,rumple,6
4677,rumpless,8
4678,rumply,6
4679,rumpus,6
4680,rumseller,9
4681,run,3
4682,running,7
4683,runagate,8
4684,runaway,7
4685,runcation,9
4686,runch,5
4687,runcinate,9
4688,rundel,6
4689,rundle,6
4690,rundlet,7
4691,rune,4
4692,runer,5
4693,runghead,8
4694,runic,5
4695,runlet,6
4696,runnel,6
4697,runner,6
4698,runnet,6
4699,runningly,9
4700,runnion,7
4701,runology,8
4702,runround,8
4703,runt,4
4704,runty,5
4705,runway,6
4706,rupee,5
4707,rupellary,9
4708,rupia,5
4709,rupial,6
4710,rupicola,8
4711,rupicoline,10
4712,ruption,7
4713,ruptuary,8
4714,rupture,7
4715,ruptured,8
4716,rupturing,9
4717,rupturewort,11
4718,rural,5
4719,rurales,7
4720,ruralism,8
4721,ruralist,8
4722,ties,4
4723,rurality,8
4724,ruralized,9
4725,ruralizing,10
4726,ruralize,8
4727,rurally,7
4728,ruralness,9
4729,ruricolist,10
4730,ruridecanal,11
4731,rurigenous,10
4732,ruse,4
4733,rush,4
4734,rushed,6
4735,rushing,7
4736,rushbuckler,11
4737,rusher,6
4738,rushiness,9
4739,rushingly,9
4740,rushlight,9
4741,rushlike,8
4742,rushy,5
4743,rusine,6
4744,rusk,4
4745,rusma,5
4746,russ,4
4747,russet,6
4748,russeting,9
4749,russety,7
4750,russia,6
4751,russian,7
4752,russianize,10
4753,russification,13
4754,russify,7
4755,russophile,10
4756,russophilist,12
4757,russophobe,10
4758,russophobist,12
4759,russophobia,11
4760,rust,4
4761,rusted,6
4762,rusting,7
4763,rustful,7
4764,rustic,6
4765,rustical,8
4766,rusticated,10
4767,rusticating,11
4768,rusticate,9
4769,rustication,11
4770,rusticity,9
4771,rusticly,8
4772,rustily,7
4773,rustiness,9
4774,rustled,7
4775,rustling,8
4776,rustle,6
4777,rustler,7
4778,rustless,8
4779,rusty,5
4780,rut,3
4781,rutted,6
4782,rutting,7
4783,rutaceous,9
4784,rutate,6
4785,ruth,4
4786,ruthenic,8
4787,ruthenious,10
4788,ruthenium,9
4789,ruthful,7
4790,ruthless,8
4791,rutic,5
4792,rutilant,8
4793,rutilate,8
4794,rutile,6
4795,rutilian,8
4796,rutin,5
4797,rutinose.,9
4798,rutter,6
4799,rutterkin,9
4800,ruttier,7
4801,ruttish,7
4802,ruttle,6
4803,rutty,5
4804,rutylene,8
4805,ryal,4
4806,ryder,5
4807,rye,3
4808,rynd,4
4809,ryot,4
4810,rypophagous,11
4811,rys,3
4812,rysh,4
4813,rysimeter,9
4814,ryth,4
4815,rytina,6
