,T,Length
0,ta,2
1,taas,4
2,tab,3
3,tabacco,7
4,tabanus,7
5,tabard,6
6,tabarder,8
7,tabaret,7
8,tabasheer,9
9,tabbinet,8
10,tabbies,7
11,tabby,5
12,tabbied,7
13,tabbying,8
14,tabefaction,11
15,tabefied,8
16,tabefying,9
17,tabefy,6
18,tabellion,9
19,taber,5
20,taberd,6
21,tabernacle,10
22,tabernacled,11
23,tabernacling,12
24,tabernacular,12
25,tabes,5
26,tabescent,9
27,tabetic,7
28,tabid,5
29,tabific,7
30,tabifical,9
31,tabinet,7
32,tablature,9
33,table,5
34,tableed,7
35,tableing,8
36,tableaux,8
37,tableau,7
38,tablebook,9
39,tablecloth,10
40,tablemen,8
41,tableman,8
42,tablement,9
43,tabler,6
44,tablespoon,10
45,tablespoonfuls,14
46,tablespoonful,13
47,tablet,6
48,tableware,9
49,tabling,7
50,taboo,5
51,tabooed,7
52,tabooing,8
53,tabor,5
54,tabored,7
55,taboring,8
56,taborer,7
57,taboret,7
58,taborine,8
59,taborite,8
60,tabour,6
61,tabouret,8
62,tabrere,7
63,tabret,6
64,tabu,4
65,tabulae,7
66,tabula,6
67,tabular,7
68,tabularization,14
69,tabularized,11
70,tabularizing,12
71,tabularize,10
72,tabulata,8
73,tabulated,9
74,tabulating,10
75,tabulate,8
76,tabulation,10
77,tac,3
78,tacamahac,9
79,tacamahaca,10
80,tacaud,6
81,tace,4
82,tacet,5
83,tache,5
84,tachhydrite,11
85,tachinae,8
86,tachina,7
87,tachometer,10
88,tachydidaxy,11
89,tachyglossa,11
90,tachygraphic,12
91,tachygraphical,14
92,tachygraphy,11
93,tachylyte,9
94,tacit,5
95,taciturn,8
96,taciturnity,11
97,tack,4
98,tacked,6
99,tacking,7
100,tacker,6
101,tacket,6
102,tackey,6
103,tackle,6
104,tackled,7
105,tackling,8
106,tacksmen,8
107,tacksman,8
108,tacky,5
109,taconic,7
110,tact,4
111,tactable,8
112,tactic,6
113,tactical,8
114,tactician,9
115,tactics,7
116,tactile,7
117,tactility,9
118,taction,7
119,tactless,8
120,tactual,7
121,tadpole,7
122,taedium,7
123,tael,4
124,taen,4
125,taeniae,7
126,taenia,6
127,taeniada,8
128,taeniata,8
129,taenidia,8
130,taenidium,9
131,taenioglossa,12
132,taenioglossate,14
133,taenioid,8
134,taenioidea,10
135,taeniolae,9
136,taeniola,8
137,taeniosomi,10
138,tafferer,8
139,taffeta,7
140,taffety,7
141,taffrail,8
142,taffy,5
143,tafia,5
144,tag,3
145,tagged,6
146,tagging,7
147,tagbelt,7
148,tagger,6
149,taglet,6
150,taglia,6
151,tagliacotain,12
152,taglioni,8
153,taglock,7
154,tagnicate,9
155,tagsore,7
156,tagtail,7
157,taguan,6
158,taguicati,9
159,taha,4
160,tahaleb,7
161,tahitian,8
162,tahr,4
163,tail,4
164,tailage,7
165,tailblock,9
166,tailboard,9
167,tailed,6
168,tailing,7
169,taille,6
170,tailless,8
171,taillie,7
172,tailor,6
173,tailored,8
174,tailoring,9
175,tailoress,9
176,tailpiece,9
177,tailpin,7
178,tailrace,8
179,tailstock,9
180,tailzie,7
181,tain,4
182,taint,5
183,tainted,7
184,tainting,8
185,taintless,9
186,taintlessly,11
187,tainture,8
188,taintworm,9
189,taira,5
190,tairn,5
191,tait,4
192,tajacu,6
193,tajassu,7
194,take,4
195,took,4
196,takend,6
197,taking,6
198,taken,5
199,taker,5
200,talapoin,8
201,talaria,7
202,talbot,6
203,talbotype,9
204,talc,4
205,talcose,7
206,talcous,7
207,tale,4
208,talebearer,10
209,talebearing,11
210,taled,5
211,taleful,7
212,talegalla,9
213,talent,6
214,talented,8
215,tales,5
216,talesmen,8
217,talesman,8
218,taleteller,10
219,talewise,8
220,taliacotian,11
221,taliation,9
222,talion,6
223,talipes,7
224,talipot,7
225,talismans,9
226,talisman,8
227,talismanic,10
228,talismanical,12
229,talked,6
230,talking,7
231,talk,4
232,talkative,9
233,talker,6
234,tall,4
235,tallage,7
236,talliage,8
237,tallier,7
238,tallness,8
239,tallow,6
240,tallowed,8
241,tallowing,9
242,tallower,8
243,tallowish,9
244,tallowy,7
245,tallwood,8
246,tallies,7
247,tally,5
248,tallied,7
249,tallying,8
250,tallyho,7
251,tallymen,8
252,tallyman,8
253,talmas,6
254,talma,5
255,talmud,6
256,talmudic,8
257,talmudical,10
258,talmudist,9
259,talmudistic,11
260,talon,5
261,talook,6
262,taluk,5
263,talookdar,9
264,talukdar,8
265,talpa,5
266,tali,4
267,talus,5
268,tamability,10
269,tamable,7
270,tamandu,7
271,tamanoir,8
272,tamarack,8
273,tamaric,7
274,tamarin,7
275,tamarind,8
276,tamarisk,8
277,tambac,6
278,tambour,7
279,tamboured,9
280,tambouring,10
281,tambourin,9
282,tambourine,10
283,tambreet,8
284,tamburin,8
285,tame,4
286,tamed,5
287,taming,6
288,tameable,8
289,tameless,8
290,tamely,6
291,tameness,8
292,tamer,5
293,tamias,6
294,tamil,5
295,tamilian,8
296,tamine,6
297,taminy,6
298,tamis,5
299,tamkin,6
300,tammies,7
301,tammy,5
302,tamped,6
303,tamping,7
304,tamp,4
305,tampan,6
306,tampeon,7
307,tamper,6
308,tampered,8
309,tampering,9
310,tamperer,8
311,fibre,5
312,tampion,7
313,tampoe,6
314,tampon,6
315,tampoon,7
316,tamul,5
317,tan,3
318,tanned,6
319,tanning,7
320,tana,4
321,tanager,7
322,tanagrine,9
323,tanagroid,9
324,tanate,6
325,tandem,6
326,tang,4
327,tanged,6
328,tanging,7
329,tangalung,9
330,tangence,8
331,tangency,8
332,tangent,7
333,tangental,9
334,tangential,10
335,tangentially,12
336,tangerine,9
337,tangfish,8
338,tanghinia,9
339,tangibility,11
340,tangible,8
341,tangled,7
342,tangling,8
343,tangle,6
344,tanglefish,10
345,tanglingly,10
346,tangly,6
347,tangram,7
348,tangue,6
349,tangun,6
350,tangwhaup,9
351,tanier,6
352,tanist,6
353,tanistry,8
354,tanite,6
355,tank,4
356,tanka,5
357,tankard,7
358,tankia,6
359,tankling,8
360,tanling,7
361,tannable,8
362,tannage,7
363,tannate,7
364,tanner,6
365,tanneries,9
366,tannery,7
367,tannic,6
368,tannier,7
369,tannin,6
370,tanrec,6
371,tansy,5
372,tant,4
373,tantalate,9
374,tantalic,8
375,tantalism,9
376,tantalite,9
377,tantalization,13
378,tantalized,10
379,tantalizing,11
380,tantalize,9
381,tantalizer,10
382,tantalizingly,13
383,tantalum,8
384,tantalus,8
385,tantamount,10
386,tantivy,7
387,tantrum,7
388,tanyard,7
389,tanystomata,11
390,taoism,6
391,tapped,6
392,tapping,7
393,tap,3
394,tapa,4
395,tapayaxin,9
396,tape,4
397,tapeline,8
398,taper,5
399,tapered,7
400,tapering,8
401,taperness,9
402,tapestries,10
403,tapestry,8
404,tapestried,10
405,tapestrying,11
406,tapet,5
407,tapetis,7
408,tapeti,6
409,tapetum,7
410,tapeworm,8
411,taphouse,8
412,taphrenchyma,12
413,tapinage,8
414,tapioca,7
415,tapir,5
416,tapiroid,8
417,tapis,5
418,tapiser,7
419,tapish,6
420,taplash,7
421,taplings,8
422,tappen,6
423,tapper,6
424,tappester,9
425,tappet,6
426,tappice,7
427,tappis,6
428,taproom,7
429,taproot,7
430,tapster,7
431,tar,3
432,tarred,6
433,tarring,7
434,taranis,7
435,tarantass,9
436,tarantella,10
437,tarantism,9
438,tarantulas,10
439,tarantulae,10
440,tarantula,9
441,tarantulated,12
442,tarbogan,8
443,tarboosh,8
444,tardation,9
445,tardigrada,10
446,tardigrade,10
447,tardigradous,12
448,tardily,7
449,tardiness,9
450,tarditation,11
451,tardity,7
452,tardo,5
453,tardy,5
454,tare,4
455,tared,5
456,taring,6
457,tarente,7
458,tarentism,9
459,tarentula,9
460,targe,5
461,target,6
462,targeted,8
463,targeteer,9
464,targums,7
465,targumim,8
466,targum,6
467,targumist,9
468,tariff,6
469,tariffed,8
470,tariffing,9
471,tarin,5
472,tarlatan,8
473,tarn,4
474,tarnished,9
475,tarnishing,10
476,tarnish,7
477,tarnisher,9
478,taro,4
479,tarot,5
480,tarpan,6
481,tarpaulin,9
482,tarpon,6
483,tarpum,6
484,tarquinish,10
485,tarrace,7
486,tarragon,8
487,tarras,6
488,tarre,5
489,tarriance,9
490,tarrier,7
491,tarrock,7
492,tarry,5
493,tarried,7
494,tarrying,8
495,tarsal,6
496,tarsalia,8
497,tarsale,7
498,tarse,5
499,tarsectomy,10
500,tarsel,6
501,tarsi,5
502,tarsia,6
503,tarsiatura,10
504,tarsier,7
505,tarsius,7
506,tarsometatarsal,15
507,tarsometatarsi,14
508,tarsometatarsus,15
509,tarsorrhaphy,12
510,tarsotomy,9
511,tarsus,6
512,tart,4
513,tartan,6
514,tartar,6
515,tartarated,10
516,tartarean,9
517,tartareous,10
518,tartarian,9
519,tartaric,8
520,tartarine,9
521,tartarized,10
522,tartarizing,11
523,tartarize,9
524,tartarous,9
525,tartarum,8
526,tartarus,8
527,tartary,7
528,tartish,7
529,tartlet,7
530,tartly,6
531,tartness,8
532,tartralic,9
533,tartramate,10
534,tartramic,9
535,tartramide,10
536,tartrate,8
537,tartrated,9
538,tartrazine,10
539,tartrelic,9
540,tartronate,10
541,tartronic,9
542,tartronyl,9
543,tartrovinic,11
544,tartuffe,8
545,tartufe,7
546,tartuffish,10
547,tartufish,9
548,tarweed,7
549,tas,3
550,tasco,5
551,tasimer,7
552,task,4
553,tasked,6
554,tasking,7
555,tasker,6
556,taskmaster,10
557,taskwork,8
558,taslet,6
559,tasmanian,9
560,tasse,5
561,tassel,6
562,tasseled,8
563,tasselled,9
564,tasseling,9
565,tasselling,10
566,tasset,6
567,tastable,8
568,tasted,6
569,tasting,7
570,taste,5
571,tasteful,8
572,tasteless,9
573,taster,6
574,tastily,7
575,tasto,5
576,tasty,5
577,tat,3
578,tataupa,7
579,tatch,5
580,tath,4
581,tatou,5
582,tatouay,7
583,tatouhou,8
584,tatt,4
585,tatta,5
586,tatter,6
587,tattered,8
588,tatterdemalion,14
589,tatting,7
590,tattled,7
591,tattling,8
592,tattle,6
593,tattler,7
594,tattlery,8
595,tattoo,6
596,tattooed,8
597,tattooing,9
598,tattoos,7
599,tatu,4
600,tatusiid,8
601,tau,3
602,taught,6
603,taunt,5
604,taunted,7
605,taunting,8
606,taunter,7
607,tauntingly,10
608,tauntress,9
609,taur,4
610,tauricornous,12
611,tauridor,8
612,tauriform,9
613,taurine,7
614,taurocholate,12
615,taurocholic,11
616,taurocol,8
617,taurocolla,10
618,tauromachian,12
619,tauromachy,10
620,taurus,6
621,taurylic,8
622,taut,4
623,tautegorical,12
624,tautochrone,11
625,tautochronous,13
626,tautog,6
627,tautologic,10
628,tautological,12
629,tautologist,11
630,tautologized,12
631,tautologizing,13
632,tautologize,11
633,tautologous,11
634,tautology,9
635,tautomeric,10
636,tautomerism,11
637,tautoousian,11
638,tautoousious,12
639,tautophonical,13
640,tautophony,10
641,tautozonal,10
642,tavern,6
643,taverner,8
644,taverning,9
645,tavernmen,9
646,tavernman,9
647,taw,3
648,tawed,5
649,tawing,6
650,tawdrily,8
651,tawdriness,10
652,tawdry,6
653,tawdries,8
654,tawer,5
655,tawery,6
656,tawniness,9
657,tawny,5
658,taws,4
659,tax,3
660,taxed,5
661,taxing,6
662,taxability,10
663,taxable,7
664,taxaspidean,11
665,taxation,8
666,taxel,5
667,taxeopoda,9
668,taxer,5
669,taxgatherer,11
670,taxiarch,8
671,taxicorn,8
672,taxidermic,10
673,taxidermist,11
674,taxidermy,9
675,taxine,6
676,taxis,5
677,taxless,7
678,taxology,8
679,taxonomic,9
680,taxonomist,10
681,taxonomy,8
682,taxor,5
683,taxpayer,8
684,tayra,5
685,tazel,5
686,tazza,5
687,tchawytcha,10
688,tea,3
689,teaberry,8
690,teaching,8
691,teach,5
692,teachable,9
693,teachableness,13
694,teache,6
695,teacher,7
696,teachless,9
697,teacup,6
698,teacupfuls,10
699,teacupful,9
700,tead,4
701,teade,5
702,teagle,6
703,teague,6
704,teak,4
705,teakettle,9
706,teal,4
707,team,4
708,teamed,6
709,teaming,7
710,teamster,8
711,teamwork,8
712,teapot,6
713,teapoy,6
714,tear,4
715,tore,4
716,torn,4
717,tearing,7
718,tearer,6
719,tearful,7
720,tearless,8
721,tearpit,7
722,teary,5
723,teased,6
724,teasing,7
725,tease,5
726,teasel,6
727,teaseled,8
728,teaselled,9
729,teaseling,9
730,teaselling,10
731,teaseler,8
732,teaser,6
733,teasle,6
734,teaspoon,8
735,teaspoonfuls,12
736,teaspoonful,11
737,teat,4
738,teated,6
739,teathe,6
740,teatish,7
741,teazel,6
742,teazer,6
743,teazle,6
744,tebeth,6
745,techily,7
746,techiness,9
747,technic,7
748,technical,9
749,technicalities,14
750,technicality,12
751,technically,11
752,technicalness,13
753,technicals,10
754,technicist,10
755,technicological,15
756,technicology,12
757,technics,8
758,technique,9
759,technism,8
760,technologic,11
761,technological,13
762,technologist,12
763,technology,10
764,techy,5
765,tectibranch,11
766,tectibranchia,13
767,tectibranchiata,15
768,tectibranchiate,15
769,tectly,6
770,tectology,9
771,tectonic,8
772,tectonics,9
773,tectorial,9
774,tectrices,9
775,tecum,5
776,tedded,6
777,tedding,7
778,ted,3
779,tedder,6
780,teddered,8
781,teddering,9
782,tedge,5
783,tediosity,9
784,tedious,7
785,tedium,6
786,tee,3
787,teek,4
788,teel,4
789,teelseed,8
790,teem,4
791,teemed,6
792,teeming,7
793,teemer,6
794,teemful,7
795,teemless,8
796,teen,4
797,teenage,7
798,teend,5
799,teenful,7
800,teens,5
801,teeny,5
802,teeong,6
803,teest,5
804,teetan,6
805,teetee,6
806,teetered,8
807,teetering,9
808,teeter,6
809,teeth,5
810,teethed,7
811,teething,8
812,teetotal,8
813,teetotaler,10
814,teetotalism,11
815,teetotally,10
816,teetotum,8
817,teetuck,7
818,teeuck,6
819,teewit,6
820,teg,3
821,tegmina,7
822,tegmen,6
823,tegmental,9
824,tegmenta,8
825,tegmentum,9
826,teguexin,8
827,tegulae,7
828,tegula,6
829,tegular,7
830,tegulated,9
831,tegument,8
832,tegumentary,11
833,teil,4
834,teind,5
835,teine,5
836,teinland,8
837,teinoscope,10
838,teint,5
839,teinture,8
840,tek,3
841,telamones,9
842,telangiectasis,14
843,telangiectasy,13
844,telarly,7
845,telary,6
846,teledu,6
847,telegram,8
848,telegrammic,11
849,telegraph,9
850,telegraphed,11
851,telegraphing,12
852,telegrapher,11
853,telegraphic,11
854,telegraphical,13
855,telegraphist,12
856,telegraphy,10
857,telemeter,9
858,teleocephial,12
859,teleological,12
860,teleologist,11
861,teleology,9
862,teleophore,10
863,teleorganic,11
864,teleosaur,9
865,teleosaurus,11
866,teleost,7
867,teleostean,10
868,teleostei,9
869,teleostomi,10
870,teleozoic,9
871,teleozoon,9
872,telepathy,9
873,telepheme,9
874,telephone,9
875,telephonic,10
876,telephonically,14
877,telephony,9
878,telepolariscope,15
879,telerythin,10
880,telescope,9
881,telescoped,10
882,telescoping,11
883,telescopic,10
884,telescopical,12
885,telescopically,14
886,telescopist,11
887,telescopy,9
888,telesm,6
889,telesmatic,10
890,telesmatical,12
891,telespectroscope,16
892,telestereoscope,15
893,telestic,8
894,telestich,9
895,telethermometer,15
896,teleutospore,12
897,telic,5
898,told,4
899,telling,7
900,tell,4
901,tellable,8
902,tellen,6
903,teller,6
904,tellership,10
905,tellina,7
906,telltale,8
907,tellural,8
908,tellurate,9
909,telluret,8
910,tellureted,10
911,tellurhydric,12
912,tellurian,9
913,telluric,8
914,telluride,9
915,tellurism,9
916,tellurite,9
917,tellurium,9
918,tellurize,9
919,tellurous,9
920,telodynamic,11
921,teloogoo,8
922,telotrochae,11
923,telotrocha,10
924,telotrochal,11
925,telotrochous,12
926,telotype,8
927,telpher,7
928,telpherage,10
929,telsons,7
930,telson,6
931,telugu,6
932,temerarious,11
933,temeration,10
934,temerity,8
935,temerous,8
936,tempean,7
937,tempered,8
938,tempering,9
939,temper,6
940,tempera,7
941,temperable,10
942,temperament,11
943,temperamental,13
944,temperance,10
945,temperancy,10
946,temperate,9
947,temperately,11
948,temperateness,13
949,temperative,11
950,temperature,11
951,temperer,8
952,tempest,7
953,tempestive,10
954,tempestivily,12
955,tempestuous,11
956,templar,7
957,template,8
958,temple,6
959,templed,7
960,templet,7
961,tempo,5
962,temporal,8
963,temporalities,13
964,temporality,11
965,temporally,10
966,temporalness,12
967,temporalty,10
968,temporaneous,12
969,temporarily,11
970,temporariness,13
971,temporary,9
972,temporist,9
973,temporization,13
974,temporized,10
975,temporizing,11
976,temporize,9
977,temporizer,10
978,temporizingly,13
979,temporofacial,13
980,temporomalar,12
981,temporomaxillary,16
982,temps,5
983,tempse,6
984,tempted,7
985,tempting,8
986,tempt,5
987,temptability,12
988,temptable,9
989,temptation,10
990,temptationless,14
991,temptatious,11
992,tempter,7
993,temptress,9
994,temse,5
995,temulence,9
996,temulency,9
997,temulent,8
998,temulentive,11
999,ten,3
1000,tenability,10
1001,tenable,7
1002,tenableness,11
1003,tenace,6
1004,tenacious,9
1005,tenacity,8
1006,tenacula,8
1007,tenaculums,10
1008,tenaculum,9
1009,tenacy,6
1010,tenaille,8
1011,tenaillon,9
1012,tenacies,8
1013,tenancy,7
1014,tenant,6
1015,tenanted,8
1016,tenanting,9
1017,tenantable,10
1018,tenantless,10
1019,tenantry,8
1020,tench,5
1021,tend,4
1022,tended,6
1023,tending,7
1024,tendance,8
1025,tendence,8
1026,tendencies,10
1027,tendency,8
1028,tender,6
1029,tendered,8
1030,tendering,9
1031,tenderfoot,10
1032,tenderling,10
1033,tenderloin,10
1034,tenderly,8
1035,tenderness,10
1036,tendinous,9
1037,tendment,8
1038,tendon,6
1039,tendonous,9
1040,tendosynovitis,14
1041,tendrac,7
1042,tendril,7
1043,tendriled,9
1044,tendrilled,10
1045,tendron,7
1046,tendry,6
1047,tene,4
1048,tenebrae,8
1049,tenebricose,11
1050,tenebrific,10
1051,tenebrificous,13
1052,tenebrious,10
1053,tenebrose,9
1054,tenebrosity,11
1055,tenebrous,9
1056,tenement,8
1057,tenemental,10
1058,tenementary,11
1059,tenent,6
1060,teneral,7
1061,teneriffe,9
1062,tenerity,8
1063,tenesmic,8
1064,tenesmus,8
1065,tenet,5
1066,tenfold,7
1067,tenia,5
1068,tenioid,7
1069,tennantite,10
1070,tenne,5
1071,tennis,6
1072,tennu,5
1073,tenon,5
1074,tenonian,8
1075,tenor,5
1076,tenosynovitis,13
1077,tenotome,8
1078,tenotomy,8
1079,tenpenny,8
1080,tenpins,7
1081,tenrec,6
1082,tense,5
1083,tensibility,11
1084,tensible,8
1085,tensile,7
1086,tensiled,8
1087,tensility,9
1088,tension,7
1089,tensioned,9
1090,tensity,7
1091,tensive,7
1092,tensor,6
1093,tensure,7
1094,tent,4
1095,tented,6
1096,tenting,7
1097,tentacle,8
1098,tentacled,9
1099,tentacular,10
1100,tentaculata,11
1101,tentaculate,11
1102,tentaculated,12
1103,tentaculifera,13
1104,tentaculiferous,15
1105,tentaculiform,13
1106,tentaculite,11
1107,tentaculocyst,13
1108,tentacula,9
1109,tentaculum,10
1110,tentage,7
1111,tentation,9
1112,tentative,9
1113,tenter,6
1114,tentered,8
1115,tentering,9
1116,tentfuls,8
1117,tentful,7
1118,tenth,5
1119,tenthly,7
1120,tenthmeter,10
1121,tenthmetre,10
1122,tenthredinides,14
1123,tentif,6
1124,tentifly,8
1125,tentiginous,11
1126,tentmaker,9
1127,tentorium,9
1128,tentory,7
1129,tentwort,8
1130,tenuated,8
1131,tenuating,9
1132,tenuate,7
1133,tenuifolious,12
1134,tenuious,8
1135,tenuirosters,12
1136,tenuiroster,11
1137,tenuirostral,12
1138,tenuirostres,12
1139,tenues,6
1140,tenuis,6
1141,tenuity,7
1142,tenuous,7
1143,tenure,6
1144,teocallis,9
1145,teocalli,8
1146,teosinte,8
1147,tepal,5
1148,tepee,5
1149,tepefaction,11
1150,tepefied,8
1151,tepefying,9
1152,tepefy,6
1153,tephramancy,11
1154,tephrite,8
1155,tephroite,9
1156,tephrosia,9
1157,tepid,5
1158,tepidity,8
1159,tepor,5
1160,tequila,7
1161,teraconic,9
1162,teracrylic,10
1163,teraphs,7
1164,teraph,6
1165,teraphim,8
1166,terapin,7
1167,teratical,9
1168,teratogeny,10
1169,teratoid,8
1170,teratological,13
1171,teratology,10
1172,teratoma,8
1173,terbic,6
1174,terbium,7
1175,terce,5
1176,tercel,6
1177,tercelet,8
1178,tercellene,10
1179,tercentenary,12
1180,tercet,6
1181,tercine,7
1182,terebate,8
1183,terebene,8
1184,terebenthene,12
1185,terebic,7
1186,terebilenic,11
1187,terebinth,9
1188,terebinthic,11
1189,terebinthinate,14
1190,terebinthine,12
1191,terebras,8
1192,terebrae,8
1193,terebra,7
1194,terebrant,9
1195,terebrantia,11
1196,terebrate,9
1197,terebrating,11
1198,terebration,11
1199,terebratulae,12
1200,terebratula,11
1201,terebratulid,12
1202,terebratuliform,15
1203,teredine,8
1204,teredos,7
1205,teredines,9
1206,teredo,6
1207,terephthalate,13
1208,terephthalic,12
1209,teret,5
1210,terete,6
1211,teretial,8
1212,teretous,8
1213,tergal,6
1214,tergant,7
1215,tergeminal,10
1216,tergeminate,11
1217,tergeminous,11
1218,tergiferous,11
1219,tergite,7
1220,tergiversate,12
1221,tergiversation,14
1222,tergiversator,13
1223,terga,5
1224,tergum,6
1225,terin,5
1226,term,4
1227,termed,6
1228,terming,7
1229,terma,5
1230,termagancy,10
1231,termagant,9
1232,termatarium,11
1233,termatary,9
1234,termer,6
1235,termites,8
1236,termes,6
1237,terminable,10
1238,terminal,8
1239,terminalia,10
1240,terminant,9
1241,terminated,10
1242,terminating,11
1243,terminate,9
1244,termination,11
1245,terminational,13
1246,terminative,11
1247,terminator,10
1248,terminatory,11
1249,termine,7
1250,terminer,8
1251,terminism,9
1252,terminist,9
1253,terminological,14
1254,terminology,11
1255,termini,7
1256,terminus,8
1257,termite,7
1258,termless,8
1259,termly,6
1260,termonology,11
1261,termor,6
1262,tern,4
1263,ternary,7
1264,ternaries,9
1265,ternate,7
1266,terneplate,10
1267,ternion,7
1268,terpene,7
1269,terpentic,9
1270,terpenylic,10
1271,terpilene,9
1272,terpin,6
1273,terpinol,8
1274,terpsichore,11
1275,terpsichorean,13
1276,terra,5
1277,terrace,7
1278,terraced,8
1279,terracing,9
1280,terraculture,12
1281,terrane,7
1282,terrapin,8
1283,terraqueous,11
1284,terrar,6
1285,terras,6
1286,terreen,7
1287,terreity,8
1288,terrel,6
1289,terremote,9
1290,terrene,7
1291,terrenity,9
1292,terreous,8
1293,terreplein,10
1294,terrestre,9
1295,terrestrial,11
1296,terrestrify,11
1297,terrestrious,12
1298,terret,6
1299,terrible,8
1300,terricolae,10
1301,terrienniak,11
1302,terrier,7
1303,terrific,8
1304,terrifical,10
1305,terrifically,12
1306,terrified,9
1307,terrifying,10
1308,terrify,7
1309,terrigenous,11
1310,territorial,11
1311,territorialized,15
1312,territorializing,16
1313,territorialize,14
1314,territorially,13
1315,territoried,11
1316,territories,11
1317,territory,9
1318,terror,6
1319,terrorism,9
1320,terrorist,9
1321,terrorize,9
1322,terrorless,10
1323,terry,5
1324,tersanctus,10
1325,terse,5
1326,tersulphide,11
1327,tersulphuret,12
1328,tertial,7
1329,tertian,7
1330,tertiary,8
1331,tertiaries,10
1332,tertiate,8
1333,terutero,8
1334,terzetto,8
1335,tesselar,8
1336,tessellata,10
1337,tessellated,11
1338,tessellating,12
1339,tessellate,10
1340,tessellation,12
1341,tesserae,8
1342,tessera,7
1343,tesseraic,9
1344,tesseral,8
1345,tessular,8
1346,test,4
1347,tested,6
1348,testing,7
1349,tests,5
1350,testae,6
1351,testa,5
1352,testable,8
1353,testacea,8
1354,testacean,9
1355,testaceography,14
1356,testaceology,12
1357,testaceous,10
1358,testacy,7
1359,testament,9
1360,testamental,11
1361,testamentary,12
1362,testamentation,14
1363,testamentize,12
1364,testamur,8
1365,testate,7
1366,testation,9
1367,testator,8
1368,testatrix,9
1369,teste,5
1370,tester,6
1371,testern,7
1372,testes,6
1373,testicardines,13
1374,testicle,8
1375,testicond,9
1376,testicular,10
1377,testiculate,11
1378,testiere,8
1379,testif,6
1380,testification,13
1381,testificator,12
1382,testifier,9
1383,testified,9
1384,testifying,10
1385,testify,7
1386,testimonial,11
1387,testimonies,11
1388,testimony,9
1389,testiness,9
1390,testis,6
1391,teston,6
1392,testone,7
1393,testoon,7
1394,testudinal,10
1395,testudinarious,14
1396,testudinata,11
1397,testudinate,11
1398,testudinated,12
1399,testudineous,12
1400,testudines,10
1401,testudo,7
1402,testy,5
1403,tetanic,7
1404,tetanin,7
1405,tetanization,12
1406,tetanize,8
1407,tetanoid,8
1408,tetanomotor,11
1409,tetanus,7
1410,tetany,6
1411,tetard,6
1412,tetartohedral,13
1413,tetartohedrism,14
1414,tetaug,6
1415,tetchiness,10
1416,tetchy,6
1417,tete,4
1418,tetel,5
1419,tether,6
1420,tethered,8
1421,tethering,9
1422,tethydan,8
1423,tethyodea,9
1424,tethys,6
1425,tetrabasic,10
1426,tetraboric,10
1427,tetrabranchiata,15
1428,tetrabranchiate,15
1429,tetracarpel,11
1430,tetrachord,10
1431,tetrachotomous,14
1432,tetracid,8
1433,tetracoccous,12
1434,tetracolon,10
1435,tetracoralla,12
1436,tetractinellid,14
1437,tetractinellida,15
1438,tetrad,6
1439,tetradactyl,11
1440,tetradactyle,12
1441,tetradactylous,14
1442,tetradecane,11
1443,tetradecapoda,13
1444,tetradic,8
1445,tetradite,9
1446,tetradon,8
1447,tetradont,9
1448,tetradrachm,11
1449,tetradrachma,12
1450,tetradymite,11
1451,tetradynamia,12
1452,tetradynamian,13
1453,tetradynamous,13
1454,tetragon,8
1455,tetragonal,10
1456,tetragrammaton,14
1457,tetragynia,10
1458,tetragynian,11
1459,tetragynous,11
1460,tetrahedral,11
1461,tetrahedrally,13
1462,tetrahedrite,12
1463,tetrahedron,11
1464,tetrahexahedral,15
1465,tetrahexahedron,15
1466,tetrakishexahedron,18
1467,tetrakosane,11
1468,tetralogy,9
1469,tetramera,9
1470,tetramerous,11
1471,tetrameter,10
1472,tetramethylene,14
1473,tetramorph,10
1474,tetrandria,10
1475,tetrandrian,11
1476,tetrandrous,11
1477,tetraonid,9
1478,tetrapetalous,13
1479,tetrapharmacom,14
1480,tetrapharmacum,14
1481,tetraphenol,11
1482,tetraphyllous,13
1483,tetrapla,8
1484,tetraneumona,12
1485,tetrapnuemonian,15
1486,tetrapod,8
1487,tetrapody,9
1488,tetrapteran,11
1489,tetrapterous,12
1490,tetraptote,10
1491,tetrarch,8
1492,tetrarchate,11
1493,tetrarchical,12
1494,tetrarchies,11
1495,tetrarchy,9
1496,tetraschistic,13
1497,tetrasepalous,13
1498,tetraspaston,12
1499,tetraspermous,13
1500,tetraspore,10
1501,tetrastich,10
1502,tetrastyle,10
1503,tetrasyllabic,13
1504,tetrasyllabical,15
1505,terrasyllable,13
1506,tetrathecal,11
1507,tetrathionate,13
1508,tetrathionic,12
1509,tetratomic,10
1510,tetravalence,12
1511,tetravalent,11
1512,tetraxile,9
1513,tetrazone,9
1514,tetric,6
1515,tetrical,8
1516,tetricity,9
1517,tetricous,9
1518,tetrinic,8
1519,tetrodon,8
1520,tetrodont,9
1521,tetrol,6
1522,tetrolic,8
1523,tetroxide,9
1524,tetryl,6
1525,tetrylene,9
1526,tetter,6
1527,tettered,8
1528,tettering,9
1529,tetterous,9
1530,tetterwort,10
1531,tettigonian,11
1532,tettish,7
1533,tettix,6
1534,tetty,5
1535,teufit,6
1536,teuk,4
1537,teutons,7
1538,teutones,8
1539,teuton,6
1540,teutonic,8
1541,teutonicism,11
1542,tewed,5
1543,tewing,6
1544,tew,3
1545,tewan,5
1546,tewel,5
1547,tewhit,6
1548,tewtaw,6
1549,texas,5
1550,text,4
1551,textile,7
1552,textmen,7
1553,textman,7
1554,textorial,9
1555,textrine,8
1556,textual,7
1557,textualist,10
1558,textually,9
1559,textuarist,10
1560,textuary,8
1561,textuel,7
1562,textuist,8
1563,textural,8
1564,texture,7
1565,textured,8
1566,texturing,9
1567,textury,7
1568,teyne,5
1569,th,2
1570,thack,5
1571,thacker,7
1572,thak,4
1573,thalamencephalon,16
1574,thalamic,8
1575,thalamifloral,13
1576,thalamiflorous,14
1577,thalamocoele,12
1578,thalamophora,12
1579,thalami,7
1580,thalamus,8
1581,thalassian,10
1582,thalassic,9
1583,thalassinian,12
1584,thalassography,14
1585,thaler,6
1586,thalia,6
1587,thaliacea,9
1588,thalian,7
1589,thallate,8
1590,thallene,8
1591,thallic,7
1592,thalline,8
1593,thallious,9
1594,thallium,8
1595,thallogen,9
1596,thalloid,8
1597,thallophyte,11
1598,thallous,8
1599,thalli,6
1600,thallus,7
1601,thammuz,7
1602,tammuz,6
1603,thamnophile,11
1604,thamyn,6
1605,than,4
1606,thanage,7
1607,thanatoid,9
1608,thanatology,11
1609,thanatopsis,11
1610,thane,5
1611,thanedom,8
1612,thanehood,9
1613,thaneship,9
1614,thanks,6
1615,thank,5
1616,thanked,7
1617,thanking,8
1618,thankful,8
1619,thankless,9
1620,thankly,7
1621,thanksgive,10
1622,thanksgiver,11
1623,thanksgiving,12
1624,thankworthiness,15
1625,thankworthy,11
1626,thar,4
1627,tharms,6
1628,tharos,6
1629,that,4
1630,thatch,6
1631,thatched,8
1632,thatching,9
1633,thatcher,8
1634,thaught,7
1635,thaumatolatry,13
1636,thaumatrope,11
1637,thaumaturge,11
1638,thaumaturgic,12
1639,thaumaturgical,14
1640,thaumaturgics,13
1641,thaumaturgist,13
1642,thaumaturgus,12
1643,thaumaturgy,11
1644,thave,5
1645,thawed,6
1646,thawing,7
1647,thaw,4
1648,thawy,5
1649,the,3
1650,thea,4
1651,theandric,9
1652,theanthropic,12
1653,theanthropical,14
1654,theanthropism,13
1655,theanthropist,13
1656,theanthropy,11
1657,thearchic,9
1658,thearchy,8
1659,theater,7
1660,theatre,7
1661,theatin,7
1662,theatine,8
1663,theatral,8
1664,theatric,8
1665,theatrical,10
1666,theatricals,11
1667,theave,6
1668,thebaic,7
1669,thebaid,7
1670,thebaine,8
1671,theban,6
1672,thecae,6
1673,theca,5
1674,thecal,6
1675,thecaphore,10
1676,thecasporous,12
1677,thecata,7
1678,thecla,6
1679,thecodactyl,11
1680,thecodont,9
1681,thecodontia,11
1682,thecophora,10
1683,thecosomata,11
1684,thedom,6
1685,thee,4
1686,theft,5
1687,theftbote,9
1688,thegn,5
1689,thegnhood,9
1690,theiform,8
1691,theine,6
1692,their,5
1693,theism,6
1694,theist,6
1695,theistic,8
1696,theistical,10
1697,thelphusian,11
1698,thelytokous,11
1699,them,4
1700,thematic,8
1701,theme,5
1702,themis,6
1703,themselves,10
1704,then,4
1705,thenadays,9
1706,thenal,6
1707,thenar,6
1708,thenardite,10
1709,thence,6
1710,thenceforth,11
1711,thenceforward,13
1712,thencefrom,10
1713,theobroma,9
1714,theobromic,10
1715,theobromine,11
1716,theochristic,12
1717,theocracy,9
1718,theocrasy,9
1719,theocrat,8
1720,theocratic,10
1721,theocratical,12
1722,theodicy,8
1723,theodolite,10
1724,theodolitic,11
1725,theogonic,9
1726,theogonism,10
1727,theogonist,10
1728,theogony,8
1729,theologaster,12
1730,theologer,9
1731,theologian,10
1732,theologic,9
1733,theological,11
1734,theologics,10
1735,theologist,10
1736,theologized,11
1737,theologizing,12
1738,theologize,10
1739,theologizer,11
1740,theologue,9
1741,theologies,10
1742,theology,8
1743,theomachist,11
1744,theomachy,9
1745,theomancy,9
1746,theopathetic,12
1747,theopathic,10
1748,theopathy,9
1749,theophanic,10
1750,theophany,9
1751,theophilanthropic,17
1752,theophilanthropism,18
1753,theophilanthropist,18
1754,theophilanthropy,16
1755,theophilosophic,15
1756,theopneusted,12
1757,theopneustic,12
1758,theopneusty,11
1759,theorbist,9
1760,theorbo,7
1761,theorem,7
1762,theorematic,11
1763,theorematical,13
1764,theorematist,12
1765,theoremic,9
1766,theoretic,9
1767,theoretical,11
1768,theoretics,10
1769,theoric,7
1770,theorica,8
1771,theorical,9
1772,theorically,11
1773,theorist,8
1774,theorization,12
1775,theorized,9
1776,theorizing,10
1777,theorize,8
1778,theorizer,9
1779,theories,8
1780,theory,6
1781,theosoph,8
1782,theosopher,10
1783,theosophic,10
1784,theosophical,12
1785,theosophism,11
1786,theosophist,11
1787,theosophistical,15
1788,theosophized,12
1789,theosophizing,13
1790,theosophize,11
1791,theosophy,9
1792,therapeutae,11
1793,therapeutic,11
1794,therapeutical,13
1795,therapeutics,12
1796,therapeutist,12
1797,therapy,7
1798,there,5
1799,thereabout,10
1800,thereabouts,11
1801,thereafter,10
1802,thereagain,10
1803,thereat,7
1804,therebefore,11
1805,therebiforn,11
1806,thereby,7
1807,therefor,8
1808,therefore,9
1809,therefrom,9
1810,therein,7
1811,thereinto,9
1812,thereof,7
1813,thereology,10
1814,thereon,7
1815,thereout,8
1816,thereto,7
1817,theretofore,11
1818,thereunder,10
1819,thereunto,9
1820,thereupon,9
1821,therewhile,10
1822,therewith,9
1823,therewithal,11
1824,therf,5
1825,theriac,7
1826,theriaca,8
1827,theriacal,9
1828,therial,7
1829,theriodont,10
1830,theriodonta,11
1831,theriodontia,12
1832,theriotomy,10
1833,thermae,7
1834,thermal,7
1835,thermally,9
1836,thermetograph,13
1837,thermic,7
1838,thermidor,9
1839,thermifugine,12
1840,thermobarometer,15
1841,thermobattery,13
1842,thermocautery,13
1843,thermochemic,12
1844,thermochemical,14
1845,thermochemistry,15
1846,thermochrosy,12
1847,thermocurrent,13
1848,thermodynamic,13
1849,thermodynamics,14
1850,thermoelectric,14
1851,thermoelectricity,17
1852,thermoelectrometer,18
1853,thermogen,9
1854,thermogenic,11
1855,thermogenous,12
1856,thermograph,11
1857,thermology,10
1858,thermolysis,11
1859,thermolyze,10
1860,thermomagnetism,15
1861,thermometer,11
1862,thermometric,12
1863,thermometrical,14
1864,thermometrically,16
1865,thermometrograph,16
1866,thermometry,11
1867,thermomultiplier,16
1868,thermopile,10
1869,thermoscope,11
1870,thermoscopic,12
1871,thermostat,10
1872,thermostatic,12
1873,thermosystaltic,15
1874,thermotaxic,11
1875,thermotension,13
1876,thermotic,9
1877,thermotical,11
1878,thermotics,10
1879,thermotropic,12
1880,thermotropism,13
1881,thermotype,10
1882,thermotypy,10
1883,thermovoltaic,13
1884,theromorpha,11
1885,theropoda,9
1886,thesauri,8
1887,thesaurus,9
1888,these,5
1889,thesicle,8
1890,theses,6
1891,thesis,6
1892,thesmothete,11
1893,thespian,8
1894,thessalian,10
1895,thessalonian,12
1896,theta,5
1897,thetical,8
1898,thetine,7
1899,theurgic,8
1900,theurgical,10
1901,theurgist,9
1902,theurgy,7
1903,thew,4
1904,thewed,6
1905,thewy,5
1906,they,4
1907,thialdine,9
1908,thialol,7
1909,thibetan,8
1910,thibetian,9
1911,thible,6
1912,thick,5
1913,thickbill,9
1914,thickened,9
1915,thickening,10
1916,thicken,7
1917,thicket,7
1918,thickhead,9
1919,thickish,8
1920,thickly,7
1921,thickness,9
1922,thickset,8
1923,thickskin,9
1924,thickskull,10
1925,thider,6
1926,thiderward,10
1927,thieves,7
1928,thief,5
1929,thiefly,7
1930,thienone,8
1931,thienyl,7
1932,thieved,7
1933,thieving,8
1934,thieve,6
1935,thievery,8
1936,thievish,8
1937,thigh,5
1938,thilk,5
1939,thill,5
1940,thiller,7
1941,thimble,7
1942,thimbleberry,12
1943,thimbleeye,10
1944,thimblefuls,11
1945,thimbleful,10
1946,thimblerig,10
1947,thimblerigged,13
1948,thimblerigging,14
1949,thimblerigger,13
1950,thimbleweed,11
1951,thin,4
1952,thinned,7
1953,thinning,8
1954,thine,5
1955,thing,5
1956,thought,7
1957,thinking,8
1958,think,5
1959,thinkable,9
1960,thinker,7
1961,thinly,6
1962,thinner,7
1963,thinness,8
1964,thinnish,8
1965,thinolite,9
1966,thiocarbonate,13
1967,thiocarbonic,12
1968,thiocyanate,11
1969,thiocyanic,10
1970,thionaphthene,13
1971,thionic,7
1972,thionine,8
1973,thionol,7
1974,thionoline,10
1975,thionyl,7
1976,thiophene,9
1977,thiophenic,10
1978,thiophenol,10
1979,thiophthene,11
1980,thiosulphate,12
1981,thiosulphuric,13
1982,thiotolene,10
1983,thioxene,8
1984,third,5
1985,thirdings,9
1986,thirdly,7
1987,thirled,7
1988,thirling,8
1989,thirl,5
1990,thirlage,8
1991,thirst,6
1992,thirsted,8
1993,thirsting,9
1994,thirster,8
1995,thirstily,9
1996,thirstiness,11
1997,thirstle,8
1998,thirsty,7
1999,thirteen,8
2000,thirteenth,10
2001,thirtieth,9
2002,thirty,6
2003,thirties,8
2004,this,4
2005,thistle,7
2006,thistly,7
2007,thither,7
2008,thitherto,9
2009,thitherward,11
2010,thitsee,7
2011,thlipsis,8
2012,tho,3
2013,thole,5
2014,tholed,6
2015,tholing,7
2016,thomaean,8
2017,thomean,7
2018,thomism,7
2019,thomaism,8
2020,thomist,7
2021,thomite,7
2022,thomsenolite,12
2023,thomsonian,10
2024,thomsonianism,13
2025,thomsonite,10
2026,thong,5
2027,thooid,6
2028,thor,4
2029,thoracentesis,13
2030,thoracic,8
2031,thoracica,9
2032,thoracometer,12
2033,thoracoplasty,13
2034,thoracostraca,13
2035,thoracotomy,11
2036,thoral,6
2037,thorax,6
2038,thoria,6
2039,thoric,6
2040,thorite,7
2041,thorium,7
2042,thorn,5
2043,thornback,9
2044,thornbill,9
2045,thornbird,9
2046,thornbut,8
2047,thornless,9
2048,thornset,8
2049,thorntail,9
2050,thorny,6
2051,thoro,5
2052,thorough,8
2053,thoroughbred,12
2054,thoroughfare,12
2055,thoroughgoing,13
2056,thoroughly,10
2057,thoroughness,12
2058,thoroughpaced,13
2059,thoroughpin,11
2060,thoroughsped,12
2061,thoroughstitch,14
2062,thoroughwax,11
2063,thoroughwort,12
2064,thorow,6
2065,thorp,5
2066,thorpe,6
2067,those,5
2068,thoth,5
2069,thou,4
2070,though,6
2071,thoughtful,10
2072,thoughtless,11
2073,thousand,8
2074,thousandfold,12
2075,thousandth,10
2076,thowel,6
2077,thowl,5
2078,thracian,8
2079,thrack,6
2080,thrackscat,10
2081,thraldom,8
2082,thrall,6
2083,thralldom,9
2084,thranite,8
2085,thrapple,8
2086,thrashed,8
2087,thrashing,9
2088,thrash,6
2089,thresh,6
2090,thrashel,8
2091,thrasher,8
2092,thresher,8
2093,thrasonical,11
2094,thraste,7
2095,thrast,6
2096,thrave,6
2097,thraw,5
2098,thread,6
2099,threaded,8
2100,threading,9
2101,threadbare,10
2102,threadbareness,14
2103,threaden,8
2104,threader,8
2105,threadfin,9
2106,threadfish,10
2107,threadiness,11
2108,threadworm,10
2109,thready,7
2110,threaped,8
2111,threaping,9
2112,threap,6
2113,threat,6
2114,threatened,10
2115,threatening,11
2116,threaten,8
2117,threatener,10
2118,threatful,9
2119,threave,7
2120,three,5
2121,threefold,9
2122,threepence,10
2123,threepenny,10
2124,threne,6
2125,threnetic,9
2126,threnetical,11
2127,threnode,8
2128,threnodist,10
2129,threnody,8
2130,threpe,6
2131,threpsology,11
2132,threshed,8
2133,threshing,9
2134,threshold,9
2135,threshwold,10
2136,threste,7
2137,threst,6
2138,thretteen,9
2139,thretty,7
2140,threw,5
2141,thribble,8
2142,thrice,6
2143,thricecock,10
2144,thrid,5
2145,thridded,8
2146,thridding,9
2147,thrifallow,10
2148,thrift,6
2149,thriftily,9
2150,thriftiness,11
2151,thriftless,10
2152,thrifty,7
2153,thrill,6
2154,thrilled,8
2155,thrilling,9
2156,thrillant,9
2157,throng,6
2158,thring,6
2159,thrips,6
2160,thrist,6
2161,thrittene,9
2162,throve,6
2163,thrived,7
2164,thriven,7
2165,thriving,8
2166,thrive,6
2167,thriver,7
2168,thrivingly,10
2169,thrivingness,12
2170,throat,6
2171,throatband,10
2172,throatboll,10
2173,throating,9
2174,throatlatch,11
2175,throatwort,10
2176,throaty,7
2177,throbbed,8
2178,throbbing,9
2179,throb,5
2180,throdden,8
2181,throe,5
2182,thrombosis,10
2183,thrombi,7
2184,thrombus,8
2185,throne,6
2186,throned,7
2187,throning,8
2188,throneless,10
2189,thronged,8
2190,thronging,9
2191,throngly,8
2192,throp,5
2193,thropple,8
2194,throstle,8
2195,throstling,10
2196,throttle,8
2197,throttled,9
2198,throttling,10
2199,throttler,9
2200,through,7
2201,throughly,9
2202,throughout,10
2203,throw,5
2204,thrown,6
2205,throwing,8
2206,throwe,6
2207,thrower,7
2208,throwster,9
2209,thru,4
2210,thrum,5
2211,thrummed,8
2212,thrumming,9
2213,thrummy,7
2214,thrumwort,9
2215,thruout,7
2216,thrush,6
2217,thrushel,8
2218,thrusher,8
2219,thrust,6
2220,thrusting,9
2221,thruster,8
2222,thrustle,8
2223,thryes,6
2224,thryfallow,10
2225,thud,4
2226,thug,4
2227,thuggee,7
2228,thuggery,8
2229,thuggism,8
2230,thuja,5
2231,thule,5
2232,thulia,6
2233,thulium,7
2234,thumb,5
2235,thumbed,7
2236,thumbing,8
2237,thumbbird,9
2238,thumbkin,8
2239,thumbless,9
2240,thumbscrew,10
2241,thummie,7
2242,thummim,7
2243,thump,5
2244,thumped,7
2245,thumping,8
2246,thumper,7
2247,thunder,7
2248,thundered,9
2249,thundering,10
2250,thunderbird,11
2251,thunderbolt,11
2252,thunderburst,12
2253,thunderclap,11
2254,thundercloud,12
2255,thunderer,9
2256,thunderfish,11
2257,thunderhead,11
2258,thunderless,11
2259,thunderous,10
2260,thunderproof,12
2261,thundershower,13
2262,thunderstone,12
2263,thunderstorm,12
2264,thunderstruck,13
2265,thunderstriking,15
2266,thunderstrike,13
2267,thunderworm,11
2268,thundery,8
2269,thundrous,9
2270,thunny,6
2271,thurgh,6
2272,thurghfare,10
2273,thurible,8
2274,thuriferous,11
2275,thurification,13
2276,thuringian,10
2277,thuringite,10
2278,thurl,5
2279,thurling,8
2280,thurrok,7
2281,thursday,8
2282,thurst,6
2283,thus,4
2284,thussock,8
2285,thuya,5
2286,thuyin,6
2287,thwacked,8
2288,thwacking,9
2289,thwack,6
2290,thwaite,7
2291,thwart,6
2292,thwarted,8
2293,thwarting,9
2294,thwarter,8
2295,thwartingly,11
2296,thwartly,8
2297,thwartness,10
2298,thwite,6
2299,thwittle,8
2300,thy,3
2301,thylacine,9
2302,thymate,7
2303,thyme,5
2304,thymene,7
2305,thymiatechny,12
2306,thymic,6
2307,thymol,6
2308,thymus,6
2309,thymy,5
2310,thyroarytenoid,14
2311,thyrohyal,9
2312,thyrohyoid,10
2313,thyroid,7
2314,thyroideal,10
2315,thyrotomy,9
2316,thyrse,6
2317,thyrsoid,8
2318,thyrsoidal,10
2319,thyrsi,6
2320,thyrsus,7
2321,thysanopter,11
2322,thysanoptera,12
2323,thysanopteran,13
2324,thysanopterous,14
2325,thysanura,9
2326,thysanuran,10
2327,thysanurous,11
2328,thysbe,6
2329,thyself,7
2330,tiar,4
2331,tiara,5
2332,tiaraed,7
2333,tibiae,6
2334,tibia,5
2335,tibial,6
2336,tibialia,8
2337,tibiale,7
2338,tibicinate,10
2339,tibiotarsal,11
2340,tibiotarsi,10
2341,tibiotarsus,11
2342,tibrie,6
2343,tic,3
2344,tical,5
2345,tice,4
2346,ticement,8
2347,tichorrhine,11
2348,tick,4
2349,ticked,6
2350,ticking,7
2351,ticken,6
2352,ticker,6
2353,ticket,6
2354,ticketed,8
2355,ticketing,9
2356,tickled,7
2357,tickling,8
2358,tickle,6
2359,ticklenburg,11
2360,tickleness,10
2361,tickler,7
2362,ticklish,8
2363,tickseed,8
2364,ticktack,8
2365,ticpolonga,10
2366,tid,3
2367,tidal,5
2368,tidbit,6
2369,tidde,5
2370,tidder,6
2371,tiddle,6
2372,tide,4
2373,tided,5
2374,tideless,8
2375,tidesmen,8
2376,tidesman,8
2377,tidewaiter,10
2378,tideway,7
2379,tidife,6
2380,tidily,6
2381,tidiness,8
2382,tiding,6
2383,tidings,7
2384,tidley,6
2385,tidology,8
2386,tidy,4
2387,tidies,6
2388,tidied,6
2389,tidying,7
2390,tidytips,8
2391,ties,4
2392,tie,3
2393,tied,4
2394,tight,5
2395,tying,5
2396,tiebar,6
2397,tiebeam,7
2398,tier,4
2399,tierce,6
2400,tiercel,7
2401,tiercelet,9
2402,tiercet,7
2403,tietick,7
2404,tiewig,6
2405,tiff,4
2406,tiffed,6
2407,tiffing,7
2408,tiffany,7
2409,tiffin,6
2410,tiffish,7
2411,tift,4
2412,tig,3
2413,tigella,7
2414,tigelle,7
2415,tiger,5
2416,tigerine,8
2417,tigerish,8
2418,tigh,4
2419,tightened,9
2420,tightening,10
2421,tighten,7
2422,tightener,9
2423,tighter,7
2424,tightly,7
2425,tightness,9
2426,tights,6
2427,tiglic,6
2428,tigress,7
2429,tigrine,7
2430,tigrish,7
2431,tike,4
2432,tikus,5
2433,til,3
2434,tilburies,9
2435,tilbury,7
2436,tilde,5
2437,tile,4
2438,tiled,5
2439,tiling,6
2440,tilefish,8
2441,tiler,5
2442,tileries,8
2443,tilery,6
2444,tilestone,9
2445,tiliaceous,10
2446,till,4
2447,tilled,6
2448,tilling,7
2449,tillable,8
2450,tillage,7
2451,tillandsia,10
2452,tiller,6
2453,tillered,8
2454,tillering,9
2455,tilley,6
2456,tillmen,7
2457,tillman,7
2458,tillodont,9
2459,tillodontia,11
2460,tillet,6
2461,tillow,6
2462,tilmus,6
2463,tilt,4
2464,tilted,6
2465,tilting,7
2466,tilter,6
2467,tilth,5
2468,timal,5
2469,timaline,8
2470,timbal,6
2471,timber,6
2472,timbered,8
2473,timbering,9
2474,timberhead,10
2475,timberling,10
2476,timbermen,9
2477,timberman,9
2478,timberwork,10
2479,timbre,6
2480,timbrel,7
2481,timbreled,9
2482,timbrelled,10
2483,timburine,9
2484,times,5
2485,time,4
2486,timed,5
2487,timing,6
2488,timeful,7
2489,timekeeper,10
2490,timeless,8
2491,timelessly,10
2492,timeliness,10
2493,timeling,8
2494,timely,6
2495,timenoguy,9
2496,timeous,7
2497,timepiece,9
2498,timepleaser,11
2499,timer,5
2500,timesaving,10
2501,timeserver,10
2502,timeserving,11
2503,timid,5
2504,timidity,8
2505,timidous,8
2506,timist,6
2507,timmer,6
2508,timocracy,9
2509,timocratic,10
2510,timoneer,8
2511,timorous,8
2512,timorsome,9
2513,timothy,7
2514,timous,6
2515,timpani,7
2516,timpano,7
2517,tin,3
2518,tinned,6
2519,tinning,7
2520,tinamides,9
2521,tinamou,7
2522,tincal,6
2523,tinchel,7
2524,tinct,5
2525,tinctorial,10
2526,tincture,8
2527,tinctured,9
2528,tincturing,10
2529,tind,4
2530,tindal,6
2531,tinder,6
2532,tine,4
2533,tinea,5
2534,tinean,6
2535,tined,5
2536,tineid,6
2537,tinemen,7
2538,tineman,7
2539,tinet,5
2540,ting,4
2541,tinged,6
2542,tingeing,8
2543,tinge,5
2544,tingent,7
2545,tinger,6
2546,tingid,6
2547,tingis,6
2548,tingled,7
2549,tingling,8
2550,tingle,6
2551,tink,4
2552,tinker,6
2553,tinkered,8
2554,tinkering,9
2555,tinkerly,8
2556,tinkershire,11
2557,tinkle,6
2558,tinkled,7
2559,tinkling,8
2560,tinkler,7
2561,tinmen,6
2562,tinman,6
2563,tinmouth,8
2564,tinnen,6
2565,tinner,6
2566,tinnient,8
2567,tinnitus,8
2568,tinnock,7
2569,tinny,5
2570,tinsel,6
2571,tinseled,8
2572,tinselled,9
2573,tinseling,9
2574,tinselling,10
2575,tinselly,8
2576,tinsmith,8
2577,tinstone,8
2578,tint,4
2579,tinted,6
2580,tinting,7
2581,tintamar,8
2582,tinternell,10
2583,tintle,6
2584,tintinnabular,13
2585,tintinnabulary,14
2586,tintinnabulation,16
2587,tintinnabulous,14
2588,tinto,5
2589,tintype,7
2590,tinware,7
2591,tiny,4
2592,tip,3
2593,tipped,6
2594,tipping,7
2595,tipcart,7
2596,tipcat,6
2597,tipper,6
2598,tippet,6
2599,tippled,7
2600,tippling,8
2601,tipple,6
2602,tippler,7
2603,tipsify,7
2604,tipsily,7
2605,tipsiness,9
2606,tipstaff,8
2607,tipsy,5
2608,tiptoes,7
2609,tiptoe,6
2610,tiptop,6
2611,tipulae,7
2612,tipulas,7
2613,tipula,6
2614,tipulary,8
2615,tirade,6
2616,tirailleur,10
2617,tire,4
2618,tired,5
2619,tiring,6
2620,tiredness,9
2621,tireless,8
2622,tireling,8
2623,tiresome,8
2624,tirma,5
2625,tiro,4
2626,tironian,8
2627,tirralirra,10
2628,tirrit,6
2629,tirwit,6
2630,tisane,6
2631,tisar,5
2632,tisic,5
2633,tisical,7
2634,tisicky,7
2635,tisri,5
2636,tissue,6
2637,tissued,7
2638,tissuing,8
2639,tit,3
2640,titan,5
2641,titanate,8
2642,titanic,7
2643,titaniferous,12
2644,titanite,8
2645,titanitic,9
2646,titanium,8
2647,titanotherium,13
2648,titanous,8
2649,titbit,6
2650,tith,4
2651,tithable,8
2652,tithe,5
2653,tithed,6
2654,tithing,7
2655,tither,6
2656,tithingmen,10
2657,tithingman,10
2658,tithly,6
2659,tithonic,8
2660,tithonicity,11
2661,tithonographic,14
2662,tithonometer,12
2663,tithymal,8
2664,titi,4
2665,titillated,10
2666,titillating,11
2667,titillate,9
2668,titillation,11
2669,titillative,11
2670,titlark,7
2671,title,5
2672,titled,6
2673,titling,7
2674,titleless,9
2675,titler,6
2676,titmal,6
2677,titmice,7
2678,titmouse,8
2679,titrated,8
2680,titrating,9
2681,titrate,7
2682,titration,9
2683,tittered,8
2684,tittering,9
2685,titter,6
2686,titterel,8
2687,tittimouse,10
2688,tittle,6
2689,tittlebat,9
2690,titty,5
2691,titubate,8
2692,titubation,10
2693,titular,7
2694,titularity,10
2695,titularly,9
2696,titularies,10
2697,titulary,8
2698,tituled,7
2699,tiver,5
2700,tivy,4
2701,tiza,4
2702,tmesis,6
2703,to,2
2704,toad,4
2705,toadeater,9
2706,toadfish,8
2707,toadflax,8
2708,toadhead,8
2709,toadish,7
2710,toadlet,7
2711,toadstone,9
2712,toadstool,9
2713,toadies,7
2714,toady,5
2715,toadied,7
2716,toadying,8
2717,toadyism,8
2718,toasted,7
2719,toasting,8
2720,toast,5
2721,toaster,7
2722,toastmaster,11
2723,toat,4
2724,tobacco,7
2725,tobacconing,11
2726,tobacconist,11
2727,tobine,6
2728,tobit,5
2729,toboggan,8
2730,tobogganed,10
2731,tobogganing,11
2732,tobogganer,10
2733,tobogganist,11
2734,toccata,7
2735,tocher,6
2736,tockay,6
2737,toco,4
2738,tocology,8
2739,tocororo,8
2740,tocsin,6
2741,tod,3
2742,toddled,7
2743,toddling,8
2744,toddle,6
2745,toddler,7
2746,toddy,5
2747,tody,4
2748,toe,3
2749,toed,4
2750,toeing,6
2751,toffee,6
2752,toffy,5
2753,tofore,6
2754,toforn,6
2755,toft,4
2756,toftmen,7
2757,toftman,7
2758,tofus,5
2759,togas,5
2760,togae,5
2761,toga,4
2762,togated,7
2763,toged,5
2764,together,8
2765,toggery,7
2766,toggle,6
2767,toght,5
2768,togider,7
2769,togidres,8
2770,togue,5
2771,tohew,5
2772,toil,4
2773,toiled,6
2774,toiling,7
2775,toiler,6
2776,toilet,6
2777,toilette,8
2778,toilful,7
2779,toilinette,10
2780,toilless,8
2781,toilsome,8
2782,toise,5
2783,tokay,5
2784,token,5
2785,tokened,7
2786,tokening,8
2787,tokenless,9
2788,tokin,5
2789,tol,3
2790,tola,4
2791,tolane,6
2792,tolbooth,8
2793,toled,5
2794,toling,6
2795,tole,4
2796,toledo,6
2797,tolerabolity,12
2798,tolerable,9
2799,tolerance,9
2800,tolerant,8
2801,tolerated,9
2802,tolerating,10
2803,tolerate,8
2804,toleration,10
2805,toll,4
2806,tolled,6
2807,tolling,7
2808,tollable,8
2809,tollage,7
2810,tollbooth,9
2811,toller,6
2812,tolletane,9
2813,tollgate,8
2814,tollhouses,10
2815,tollhouse,9
2816,tollmen,7
2817,tollman,7
2818,tolmen,6
2819,tolsester,9
2820,tolsey,6
2821,tolt,4
2822,toltec,6
2823,tolu,4
2824,toluate,7
2825,toluene,7
2826,toluenyl,8
2827,toluic,6
2828,toluid,6
2829,toluidine,9
2830,toluol,6
2831,toluole,7
2832,toluric,7
2833,tolutation,10
2834,toluyl,6
2835,toluylene,9
2836,tolyl,5
2837,tolylene,8
2838,tolypeutine,11
2839,tom,3
2840,tomahawk,8
2841,tomahawked,10
2842,tomahawking,11
2843,tomaley,7
2844,toman,5
2845,tomatoes,8
2846,tomato,6
2847,tomb,4
2848,tombed,6
2849,tombing,7
2850,tombac,6
2851,tombester,9
2852,tombless,8
2853,tomboy,6
2854,tombstone,9
2855,tomcat,6
2856,tomcod,6
2857,tome,4
2858,tomelet,7
2859,tomentose,9
2860,tometous,8
2861,tomenta,7
2862,tomentum,8
2863,tomfool,7
2864,tomfoolery,10
2865,tomia,5
2866,tomium,6
2867,tomjohn,7
2868,tommy,5
2869,tomnoddy,8
2870,tomopteris,10
2871,tomorn,6
2872,tomorrow,8
2873,tompion,7
2874,tompon,6
2875,tomrig,6
2876,tomtit,6
2877,ton,3
2878,tonality,8
2879,tone,4
2880,toned,5
2881,toning,6
2882,toneless,8
2883,tong,4
2884,tonge,5
2885,tonga,5
2886,tongkang,8
2887,tongo,5
2888,tongs,5
2889,tongue,6
2890,tongued,7
2891,tonguing,8
2892,tonguebird,10
2893,tonguefish,10
2894,tongueless,10
2895,tonguelet,9
2896,tonguester,10
2897,tongueworm,10
2898,tonguy,6
2899,tonic,5
2900,tonical,7
2901,tonicity,8
2902,tonight,7
2903,tonite,6
2904,tonnage,7
2905,tonne,5
2906,tonnihood,9
2907,tonnish,7
2908,tonometer,9
2909,tonometry,9
2910,tonophant,9
2911,tonous,6
2912,tonsil,6
2913,tonsilar,8
2914,tonsile,7
2915,tonsilitic,10
2916,tonsilitis,10
2917,tonsilotome,11
2918,tonsilotomy,11
2919,tonsor,6
2920,tonsorial,9
2921,tonsure,7
2922,tonsured,8
2923,tontine,7
2924,tonus,5
2925,tonies,6
2926,tony,4
2927,too,3
2928,tool,4
2929,tooled,6
2930,tooling,7
2931,toom,4
2932,toon,4
2933,toonwood,8
2934,toot,4
2935,tooted,6
2936,tooting,7
2937,tooter,6
2938,tooth,5
2939,toothed,7
2940,toothing,8
2941,toothache,9
2942,toothback,9
2943,toothbill,9
2944,toothbrush,10
2945,toothdrawer,11
2946,toothful,8
2947,toothless,9
2948,toothlet,8
2949,toothleted,10
2950,toothpick,9
2951,toothpicker,11
2952,toothshell,10
2953,toothsome,9
2954,toothwort,9
2955,toothy,6
2956,toozoo,6
2957,top,3
2958,topped,6
2959,topping,7
2960,toparch,7
2961,toparchies,10
2962,toparchy,8
2963,topau,5
2964,topaz,5
2965,topazolite,10
2966,topcoat,7
2967,tope,4
2968,toped,5
2969,toping,6
2970,toper,5
2971,topet,5
2972,topful,6
2973,topgallant,10
2974,toph,4
2975,tophaceous,10
2976,tophet,6
2977,tophin,6
2978,tophi,5
2979,tophus,6
2980,topiarian,9
2981,topiary,7
2982,topic,5
2983,topical,7
2984,topically,9
2985,topknot,7
2986,topless,7
2987,topmem,6
2988,topman,6
2989,topmast,7
2990,topmost,7
2991,topographer,11
2992,topographic,11
2993,topographical,13
2994,topographist,12
2995,topography,10
2996,topology,8
2997,toponomy,8
2998,toppiece,8
2999,toppingly,9
3000,toppled,7
3001,toppling,8
3002,topple,6
3003,topsail,7
3004,topsmen,7
3005,topsman,7
3006,topsoil,7
3007,topsoiling,10
3008,topstone,8
3009,toque,5
3010,toquet,6
3011,tor,3
3012,torace,6
3013,torase,6
3014,torbernite,10
3015,torc,4
3016,torch,5
3017,torchbearer,11
3018,torcher,7
3019,torchlight,10
3020,torchwood,9
3021,torchwort,9
3022,toreador,8
3023,toret,5
3024,toreumatography,15
3025,toreumatology,13
3026,toreutic,8
3027,torgoch,7
3028,torilto,7
3029,torinese,8
3030,torment,7
3031,tormented,9
3032,tormenting,10
3033,tormenter,9
3034,tormentful,10
3035,tormentil,9
3036,tormentise,10
3037,tormentor,9
3038,tormentress,11
3039,tormentry,9
3040,tormina,7
3041,torminous,9
3042,tornadoes,9
3043,tornado,7
3044,tornariae,9
3045,tornaria,8
3046,torose,6
3047,torosity,8
3048,torous,6
3049,torpedinous,11
3050,torpedoes,9
3051,torpedo,7
3052,torpent,7
3053,torpescence,11
3054,toppescent,10
3055,torpid,6
3056,torpidity,9
3057,torpidly,8
3058,torpidness,10
3059,torpified,9
3060,torpifying,10
3061,torpify,7
3062,torpitude,9
3063,torpor,6
3064,torporific,10
3065,torquate,8
3066,torquated,9
3067,torque,6
3068,torqued,7
3069,torques,7
3070,torrefaction,12
3071,torrefied,9
3072,torrefying,10
3073,torrefy,7
3074,torrent,7
3075,torrential,10
3076,torrentine,10
3077,torricellian,12
3078,torrid,6
3079,torridity,9
3080,torridness,10
3081,torril,6
3082,torrock,7
3083,torsal,6
3084,torse,5
3085,torsel,6
3086,torsibillty,11
3087,torsion,7
3088,torsional,9
3089,torsk,5
3090,torsos,6
3091,torsi,5
3092,torso,5
3093,tort,4
3094,torta,5
3095,torteaus,8
3096,torteau,7
3097,torticollis,11
3098,tortile,7
3099,tortility,9
3100,tortilla,8
3101,tortion,7
3102,tortious,8
3103,tortiously,10
3104,tortive,7
3105,tortoise,8
3106,tortricid,9
3107,tortrix,7
3108,tortulous,9
3109,tortuose,8
3110,tortuoslty,10
3111,tortuous,8
3112,torturable,10
3113,torture,7
3114,tortured,8
3115,torturing.,10
3116,torturer,8
3117,torturingly,11
3118,torturous,9
3119,torulae,7
3120,torula,6
3121,torulaform,10
3122,torulose,8
3123,torulous,8
3124,tori,4
3125,torus,5
3126,torved,6
3127,torvity,7
3128,torvous,7
3129,tories,6
3130,tory,4
3131,toryism,7
3132,toscatter,9
3133,tose,4
3134,tosh,4
3135,toshred,7
3136,tossed,6
3137,tost,4
3138,tossing,7
3139,toss,4
3140,tossel,6
3141,tosser,6
3142,tossily,7
3143,tosspot,7
3144,tossy,5
3145,tosto,5
3146,toswink,7
3147,tot,3
3148,tota,4
3149,total,5
3150,totality,8
3151,totalize,8
3152,totally,7
3153,totalness,9
3154,toted,5
3155,toting,6
3156,tote,4
3157,totear,6
3158,totem,5
3159,totemic,7
3160,totemism,8
3161,totemist,8
3162,toter,5
3163,totipalmate,11
3164,totipalmi,9
3165,totipresence,12
3166,totipresent,11
3167,tottered,8
3168,tottering,9
3169,totter,6
3170,totterer,8
3171,totteringly,11
3172,tottery,7
3173,tottled,7
3174,tottling,8
3175,totly,5
3176,tottlish,8
3177,totty,5
3178,toty,4
3179,toucan,6
3180,toncanet,8
3181,touched,7
3182,touching,8
3183,touch,5
3184,touchable,9
3185,touchback,9
3186,touchdown,9
3187,touchhole,9
3188,touchily,8
3189,touchiness,10
3190,touchstone,10
3191,touchwood,9
3192,touchy,6
3193,tough,5
3194,toughened,9
3195,toughening,10
3196,toughen,7
3197,toughish,8
3198,toughly,7
3199,toughness,9
3200,touite,6
3201,toupee,6
3202,toupet,6
3203,toupettit,9
3204,tour,4
3205,toured,6
3206,touring,7
3207,touraco,7
3208,tourbillion,11
3209,tourist,7
3210,tourmaline,10
3211,tourn,5
3212,tournament,10
3213,tournery,8
3214,tourney,7
3215,tourniquet,10
3216,tournois,8
3217,tournure,8
3218,toused,6
3219,tousing,7
3220,touse,5
3221,touze,5
3222,tousel,6
3223,touser,6
3224,tousle,6
3225,tout,4
3226,touter,6
3227,tow,3
3228,towed,5
3229,towing,6
3230,towage,6
3231,towall,6
3232,toward,6
3233,towards,7
3234,towardliness,12
3235,towardly,8
3236,towardness,10
3237,towboat,7
3238,towel,5
3239,toweling,8
3240,tower,5
3241,towered,7
3242,towering,8
3243,towery,6
3244,towhee,6
3245,towilly,7
3246,towline,7
3247,town,4
3248,towned,6
3249,townhall,8
3250,townhouse,9
3251,townish,7
3252,townless,8
3253,townlet,7
3254,townsfolk,9
3255,township,8
3256,townsmen,8
3257,townsman,8
3258,townpeople,10
3259,townward,8
3260,townwards,9
3261,towpath,7
3262,towrope,7
3263,towser,6
3264,towy,4
3265,tox/mia,7
3266,toxic,5
3267,toxical,7
3268,toxicant,8
3269,toxicological,13
3270,toxicologist,12
3271,toxicology,10
3272,toxicomania,11
3273,toxifera,8
3274,toxin,5
3275,toxine,6
3276,toxiphobia,10
3277,toxodon,7
3278,toxodonta,9
3279,toxoglossa,10
3280,toxophilite,11
3281,toxotes,7
3282,toy,3
3283,toyed,5
3284,toying,6
3285,toyear,6
3286,toyer,5
3287,toyful,6
3288,toyhouse,8
3289,toyingly,8
3290,toyish,6
3291,toyman,6
3292,toyshop,7
3293,toysome,7
3294,toze,4
3295,tozy,4
3296,trabeae,7
3297,trabea,6
3298,trabeated,9
3299,trabeation,10
3300,trabeculae,10
3301,trabecula,9
3302,trabecular,10
3303,trabeculate,11
3304,trabu,5
3305,trace,5
3306,traced,6
3307,tracing,7
3308,traceable,9
3309,tracer,6
3310,traceries,9
3311,tracer/y,8
3312,tracheae,8
3313,trachea,7
3314,tracheal,8
3315,trachearia,10
3316,tracheary,9
3317,tracheata,9
3318,tracheate,9
3319,tracheid,8
3320,tracheitis,10
3321,trachelidan,11
3322,trachelipod,11
3323,trachelipoda,12
3324,trachelipodous,14
3325,trachelobranchiate,18
3326,trachelorrhaphy,15
3327,trachenchyma,12
3328,tracheobranchlae,16
3329,tracheobranchia,15
3330,tracheobronchial,16
3331,tracheocele,11
3332,tracheophonae,13
3333,tracheoscopy,12
3334,tracheotomy,11
3335,trachinoid,10
3336,trachitis,9
3337,trachycarpous,13
3338,trachymedusae,13
3339,trachyspermous,14
3340,trachystomata,13
3341,trachyte,8
3342,trachytic,9
3343,trachytoid,10
3344,track,5
3345,tracked,7
3346,tracking,8
3347,trackage,8
3348,tracker,7
3349,trackless,9
3350,trackmaster,11
3351,trackscout,10
3352,tract,5
3353,tractability,12
3354,tractable,9
3355,tractarian,10
3356,tractarianism,13
3357,tractate,8
3358,tractation,10
3359,tractator,9
3360,tractile,8
3361,tractility,10
3362,traction,8
3363,tractite,8
3364,tractitious,11
3365,tractive,8
3366,tractor,7
3367,tractoration,12
3368,tractory,8
3369,tractrix,8
3370,trad,4
3371,trade,5
3372,traded,6
3373,trading,7
3374,tradeful,8
3375,tradeless,9
3376,trader,6
3377,tradescantia,12
3378,tradesfolk,10
3379,tradesmen,9
3380,tradesman,9
3381,tradespeople,12
3382,tradeswomen,11
3383,tradeswoman,11
3384,tradition,9
3385,traditional,11
3386,traditionlism,13
3387,traditionalist,14
3388,traditionally,13
3389,traditionarily,14
3390,traditionary,12
3391,traditionaries,14
3392,traditioner,11
3393,traditionist,12
3394,traditive,9
3395,traditor,8
3396,traduced,8
3397,traducing,9
3398,traduce,7
3399,traducement,11
3400,traducent,9
3401,traducer,8
3402,traducian,9
3403,traducianism,12
3404,traducible,10
3405,traducingly,11
3406,traduct,7
3407,traduction,10
3408,traductive,10
3409,trafficked,10
3410,trafficking,11
3411,traffic,7
3412,trafficable,11
3413,trafficker,10
3414,trafficless,11
3415,tragacanth,10
3416,tragedian,9
3417,tragedienne,11
3418,tragedious,10
3419,tragedies,9
3420,tragedy,7
3421,tragic,6
3422,tragical,8
3423,tragopan,8
3424,tragus,6
3425,trailed,7
3426,trailing,8
3427,trail,5
3428,trailer,7
3429,trained,7
3430,training,8
3431,train,5
3432,trainable,9
3433,trainbands,10
3434,trainband,9
3435,trainbearer,11
3436,trainel,7
3437,trainer,7
3438,trainy,6
3439,traipse,7
3440,trais,5
3441,trays,5
3442,trait,5
3443,traiteur,8
3444,traitor,7
3445,traitoress,10
3446,traitorly,9
3447,traitorous,10
3448,traitory,8
3449,traitress,9
3450,trajected,9
3451,trajecting,10
3452,traject,7
3453,trajection,10
3454,trajectories,12
3455,trajectory,10
3456,trajet,6
3457,trajetour,9
3458,trajetry,8
3459,tralation,9
3460,tralatition,11
3461,tralatitious,12
3462,tralatitiously,14
3463,tralineate,10
3464,tralucency,10
3465,tralucent,9
3466,tram,4
3467,tramble,7
3468,trammel,7
3469,trammeled,9
3470,trammelled,10
3471,trammeling,10
3472,trammelling,11
3473,trammeler,9
3474,tramming,8
3475,tramontane,10
3476,tramped,7
3477,tramping,8
3478,tramp,5
3479,tramper,7
3480,trampled,8
3481,trampling,9
3482,trample,7
3483,trampler,8
3484,trampoose,9
3485,tramroad,8
3486,tramway,7
3487,tranation,9
3488,trance,6
3489,tranced,7
3490,trancing,8
3491,tranect,7
3492,trangram,8
3493,trannel,7
3494,tranquil,8
3495,tranquilization,15
3496,tranquillization,16
3497,tranquilized,12
3498,tranquilliized,14
3499,tranquilizing,13
3500,tranquillizing,14
3501,tranquilize,11
3502,tranquillize,12
3503,tranquilizer,12
3504,tranquillizer,13
3505,tranquillity,12
3506,tranquilly,10
3507,tranquilness,12
3508,transacted,10
3509,transacting,11
3510,transact,8
3511,transaction,11
3512,transactor,10
3513,transalpine,11
3514,transanimated,13
3515,transanimating,14
3516,transanimate,12
3517,transanimation,14
3518,transatlantic,13
3519,transaudient,12
3520,transcalency,12
3521,transcalent,11
3522,transcended,11
3523,transcending,12
3524,transcend,9
3525,transcendence,13
3526,transcendency,13
3527,transcendent,12
3528,trancscendent,13
3529,trancscendental,15
3530,transcendental,14
3531,transcendentalism,17
3532,transcendentalist,17
3533,transcendentality,17
3534,transcendentally,16
3535,transcendently,14
3536,transcendentness,16
3537,transcension,12
3538,transcolated,12
3539,transcolating,13
3540,transcolate,11
3541,transcolation,13
3542,transcontinental,16
3543,transcorporate,14
3544,transcribbler,13
3545,transcribed,11
3546,transcribing,12
3547,transcribe,10
3548,transcriber,11
3549,transcript,10
3550,transcription,13
3551,transcriptive,13
3552,transcur,8
3553,transcurrence,13
3554,transcursion,12
3555,transdialect,12
3556,transduction,12
3557,transe,6
3558,transelement,12
3559,transelementate,15
3560,transelementation,17
3561,transenne,9
3562,transept,8
3563,transexion,10
3564,transfeminate,13
3565,transferred,11
3566,transferring,12
3567,transfer,8
3568,transferability,15
3569,transferable,12
3570,transferee,10
3571,transference,12
3572,transferography,15
3573,transferrence,13
3574,transferrer,11
3575,transferrible,13
3576,transfigurate,13
3577,transfiguratien,15
3578,transfigured,12
3579,transfiguring,13
3580,transfigure,11
3581,transfixed,10
3582,transfixing,11
3583,transfix,8
3584,transfixion,11
3585,transfluent,11
3586,transflux,9
3587,transforate,11
3588,transformed,11
3589,transforming,12
3590,transform,9
3591,transformable,13
3592,transformation,14
3593,transformative,14
3594,transformer,11
3595,transformism,12
3596,transfreight,12
3597,transfretation,14
3598,transfrete,10
3599,transfuge,9
3600,transfugitive,13
3601,transfund,9
3602,transfused,10
3603,transfusing,11
3604,transfuse,9
3605,transfusible,12
3606,transfusion,11
3607,transfusive,11
3608,transgressed,12
3609,transgressing,13
3610,transgress,10
3611,transgression,13
3612,transgressional,15
3613,transgressive,13
3614,transgressor,12
3615,transhape,9
3616,tranship,8
3617,transhipment,12
3618,transhuman,10
3619,transhumanize,13
3620,transience,10
3621,transiency,10
3622,transient,9
3623,transilience,12
3624,transiliency,12
3625,transire,8
3626,transit,7
3627,transition,10
3628,transitional,12
3629,transitionary,13
3630,transitive,10
3631,transitorily,12
3632,transitoriness,14
3633,transitory,10
3634,translatable,12
3635,translated,10
3636,translating,11
3637,translate,9
3638,translation,11
3639,translatitious,14
3640,translative,11
3641,translator,10
3642,translatorship,14
3643,translatory,11
3644,translatress,12
3645,translavation,13
3646,transliterate,13
3647,transliteration,15
3648,translocation,13
3649,translucence,12
3650,translucency,12
3651,translucent,11
3652,translucently,13
3653,translucid,10
3654,translunary,11
3655,transmarine,11
3656,transmeable,11
3657,transmeatable,13
3658,transmeate,10
3659,transmeation,12
3660,transmew,8
3661,transmigrant,12
3662,transmigrated,13
3663,transmigrating,14
3664,transmigrate,12
3665,transmigration,14
3666,transmigrator,13
3667,transmigratory,14
3668,transmissibility,16
3669,transmissible,13
3670,transmission,12
3671,transmissive,12
3672,transmitted,11
3673,transmitting,12
3674,transmit,8
3675,transmittal,11
3676,transmittance,13
3677,transmitter,11
3678,transmittible,13
3679,transmogrification,18
3680,transmogrify,12
3681,transmove,9
3682,transmutability,15
3683,transmutable,12
3684,transmutation,13
3685,transmutationist,16
3686,transmuted,10
3687,transmuting,11
3688,transmute,9
3689,transmuter,10
3690,transmutual,11
3691,transnatation,13
3692,transnature,11
3693,transom,7
3694,transpadane,11
3695,transpalatine,13
3696,transpare,9
3697,transparence,12
3698,transparencies,14
3699,transparency,12
3700,transparent,11
3701,transpass,9
3702,transpassable,13
3703,transpatronize,14
3704,transpeciate,12
3705,transpicuous,12
3706,transpierced,12
3707,transpiercing,13
3708,transpierce,11
3709,transpirable,12
3710,transpiration,13
3711,transpiratory,13
3712,transpired,10
3713,transpiring,11
3714,transpire,9
3715,transplaced,11
3716,transplacing,12
3717,transplace,10
3718,transplanted,12
3719,transplanting,13
3720,transplant,10
3721,transplantation,15
3722,transplanter,12
3723,transplendency,14
3724,transplendent,13
3725,transported,11
3726,transporting,12
3727,transport,9
3728,transportability,16
3729,transportable,13
3730,transportal,11
3731,transportance,13
3732,transportant,12
3733,transportation,14
3734,transporter,11
3735,transportingly,14
3736,transportment,13
3737,transposable,12
3738,transposal,10
3739,transposed,10
3740,transposing,11
3741,transpose,9
3742,transposer,10
3743,transposition,13
3744,transpositional,15
3745,transpositive,13
3746,transprint,10
3747,transprose,10
3748,transregionate,14
3749,transshaped,11
3750,transshaping,12
3751,transshape,10
3752,transship,9
3753,transshipment,13
3754,transubstantiate,16
3755,transubstantiation,18
3756,transubstantiator,17
3757,transudation,12
3758,transudatory,12
3759,transuded,9
3760,transuding,10
3761,transude,8
3762,transume,8
3763,transsummer,11
3764,transumpt,9
3765,transumption,12
3766,transumptive,12
3767,transvasate,11
3768,transvasation,13
3769,transvection,12
3770,transverberate,14
3771,transversal,11
3772,transverse,10
3773,transversed,11
3774,transversing,12
3775,transversely,12
3776,transversion,12
3777,transvert,9
3778,transvertible,13
3779,transvolation,13
3780,trant,5
3781,tranter,7
3782,trapped,7
3783,trapping,8
3784,trap,4
3785,trapan,6
3786,trapanned,9
3787,trapanning,10
3788,trapanner,9
3789,trapball,8
3790,trapdoor,8
3791,trape,5
3792,trapes,6
3793,trapezate,9
3794,trapeze,7
3795,trapeziform,11
3796,trapeziums,10
3797,trapezia,8
3798,trapezium,9
3799,trapezohedral,13
3800,trapezohedron,13
3801,trapezoid,9
3802,trapezoidal,11
3803,traphole,8
3804,trappean,8
3805,trapper,7
3806,trappings,9
3807,trappist,8
3808,trappous,8
3809,trappures,9
3810,trappy,6
3811,traps,5
3812,trapstick,9
3813,trash,5
3814,trashed,7
3815,trashing,8
3816,trashily,8
3817,trashiness,10
3818,trashy,6
3819,trass,5
3820,traulism,8
3821,traumatic,9
3822,traumatism,10
3823,traunce,7
3824,traunt,6
3825,traunter,8
3826,travail,7
3827,travailed,9
3828,travailing,10
3829,travailous,10
3830,trave,5
3831,traveled,8
3832,travelled,9
3833,traveling,9
3834,travelling,10
3835,travel,6
3836,traveler,8
3837,travers,7
3838,traversable,11
3839,traverse,8
3840,traversed,9
3841,traversing,10
3842,traverser,9
3843,travertine,10
3844,travesty,8
3845,travesties,10
3846,travestied,10
3847,travesting,10
3848,trawl,5
3849,trawlboat,9
3850,trawler,7
3851,trawlermen,10
3852,trawlerman,10
3853,trawlnet,8
3854,trawlwarp,9
3855,tray,4
3856,trayfuls,8
3857,trayful,7
3858,treacher,8
3859,treacherous,11
3860,treachery,9
3861,treachetour,11
3862,treachour,9
3863,treacle,7
3864,treacly,7
3865,trod,4
3866,trodden,7
3867,treading,8
3868,tread,5
3869,treadboard,10
3870,treader,7
3871,treadfowl,9
3872,treadle,7
3873,treadmill,9
3874,treadwheel,10
3875,treague,7
3876,treason,7
3877,treasonable,11
3878,treasonous,10
3879,treasure,8
3880,treasured,9
3881,treasuring,10
3882,treasurer,9
3883,treasurership,13
3884,treasuress,10
3885,treasuries,10
3886,treasury,8
3887,treated,7
3888,treating,8
3889,treat,5
3890,treatable,9
3891,treatably,9
3892,treater,7
3893,treatise,8
3894,treatiser,9
3895,treatment,9
3896,treature,8
3897,treaties,8
3898,treaty,6
3899,treble,6
3900,trebled,7
3901,trebling,8
3902,trebleness,10
3903,treblet,7
3904,trebly,6
3905,trebuchet,9
3906,trebucket,9
3907,trechometer,11
3908,treckschuyt,11
3909,treddle,7
3910,tredille,8
3911,tree,4
3912,treed,5
3913,treeing,7
3914,treebeard,9
3915,treefuls,8
3916,treeful,7
3917,treeless,8
3918,treen,5
3919,treenail,8
3920,trefle,6
3921,trefoil,7
3922,trefoiled,9
3923,treget,6
3924,tregetour,9
3925,tregetry,8
3926,trehala,7
3927,trehalose,9
3928,treillage,9
3929,trellis,7
3930,trellised,9
3931,tremando,8
3932,trematode,9
3933,trematodea,10
3934,trematoid,9
3935,trembled,8
3936,trembling,9
3937,tremble,7
3938,trembler,8
3939,tremella,8
3940,tremendous,10
3941,tremex,6
3942,tremolando,10
3943,tremolite,9
3944,tremolo,7
3945,tremor,6
3946,tremulant,9
3947,tremulent,9
3948,tremulous,9
3949,tren,4
3950,trenail,7
3951,trenched,8
3952,trenching,9
3953,trench,6
3954,trenchand,9
3955,trenchant,9
3956,trenchantly,11
3957,trencher,8
3958,trenchmore,10
3959,trended,7
3960,trending,8
3961,trend,5
3962,trender,7
3963,trendle,7
3964,trental,7
3965,trepan,6
3966,trepanned,9
3967,trepanning,10
3968,trepang,7
3969,trepanize,9
3970,trepanner,9
3971,trepeget,8
3972,trephine,8
3973,trephined,9
3974,trephining,10
3975,trepid,6
3976,trepidation,11
3977,trepidity,9
3978,tresayle,8
3979,tresor,6
3980,trespassed,10
3981,trespassing,11
3982,trespass,8
3983,trespasser,10
3984,tress,5
3985,tressed,7
3986,tressel,7
3987,tressful,8
3988,tressure,8
3989,tressured,9
3990,tressy,6
3991,trestle,7
3992,trestletree,11
3993,trestlework,11
3994,tret,4
3995,tretable,8
3996,trething,8
3997,tretis,6
3998,tretys,6
3999,trevat,6
4000,trevet,6
4001,trew,4
4002,trewe,5
4003,trews,5
4004,trewth,6
4005,trey,4
4006,triable,7
4007,triableness,11
4008,triacid,7
4009,triacle,7
4010,triacontahedral,15
4011,triaconter,10
4012,triad,5
4013,triadelphous,12
4014,triadic,7
4015,triakisoctahedron,17
4016,trial,5
4017,triality,8
4018,trialogue,9
4019,triamide,8
4020,triamine,8
4021,triander,8
4022,triandria,9
4023,triandrian,10
4024,triandrous,10
4025,triangle,8
4026,triangled,9
4027,triangular,10
4028,triangulares,12
4029,triangularity,13
4030,triangularly,12
4031,triangulated,12
4032,triangulating,13
4033,triangulate,11
4034,triangulation,13
4035,triarchies,10
4036,triarchy,8
4037,triarian,8
4038,triarticulate,13
4039,trias,5
4040,triassic,8
4041,triatic,7
4042,triatomic,9
4043,tribal,6
4044,tribalism,9
4045,tribasic,8
4046,tribble,7
4047,tribe,5
4048,triblet,7
4049,tribolet,8
4050,tribometer,10
4051,tribrach,8
4052,tribracteate,12
4053,tribual,7
4054,tribular,8
4055,tribulation,11
4056,tribunal,8
4057,tribunary,9
4058,tribunate,9
4059,tribune,7
4060,tribuneship,11
4061,tribunician,11
4062,tribunitial,11
4063,tribunitian,11
4064,tribunitious,12
4065,trubutarily,11
4066,tributariness,13
4067,tributary,9
4068,tributaries,11
4069,tribute,7
4070,tributed,8
4071,tributing,9
4072,tributer,8
4073,tricae,6
4074,trica,5
4075,tricarballylic,14
4076,tricarbimide,12
4077,trice,5
4078,tricennarious,13
4079,tricennial,10
4080,tricentenary,12
4081,triceps,7
4082,trichiasis,10
4083,trichinae,9
4084,trichina,8
4085,trichiniasis,12
4086,trichinize,10
4087,trichinoscope,13
4088,trichinosis,11
4089,trichinous,10
4090,trichite,8
4091,trichiuriform,13
4092,trichiuroid,11
4093,trichiurus,10
4094,trichloride,11
4095,trichobranchia,14
4096,trichocyst,10
4097,trichogyne,10
4098,trichomanes,11
4099,trichomatose,12
4100,trichome,8
4101,trichophore,11
4102,trichopter,10
4103,trichoptera,11
4104,trichopteran,12
4105,trichopterous,13
4106,trichord,8
4107,trichoscolices,14
4108,trichotomous,12
4109,trichotomy,10
4110,trichroic,9
4111,trichroism,10
4112,trichromatic,12
4113,trichromatism,13
4114,trichromic,10
4115,tricipital,10
4116,trick,5
4117,tricked,7
4118,tricking,8
4119,tricker,7
4120,trickery,8
4121,trickiness,10
4122,trickish,8
4123,trickled,8
4124,trickling,9
4125,trickle,7
4126,trickment,9
4127,tricksiness,11
4128,trickster,9
4129,tricksy,7
4130,tricktrack,10
4131,tricky,6
4132,triclinate,10
4133,tricliniary,11
4134,triclinic,9
4135,triclinia,9
4136,triclinium,10
4137,tricoccous,10
4138,tricolor,8
4139,tricolored,10
4140,tricornigerous,14
4141,tricorporal,11
4142,tricorporate,12
4143,tricostate,10
4144,tricot,6
4145,tricrotic,9
4146,tricrotism,10
4147,tricrotous,10
4148,tricurvate,10
4149,tricuspid,9
4150,tricuspidate,12
4151,tricycle,8
4152,tridacna,8
4153,tridactyl,9
4154,tridactyle,10
4155,tridactylous,12
4156,triddler,8
4157,tride,5
4158,tridecane,9
4159,tridecatoic,11
4160,tridecatylene,13
4161,trident,7
4162,tridentate,10
4163,tridentated,11
4164,tridented,9
4165,tridentiferous,14
4166,tridentine,10
4167,tridiapason,11
4168,tridimensional,14
4169,triding,7
4170,triduan,7
4171,tridymite,9
4172,tried,5
4173,triedral,8
4174,triennial,9
4175,triennially,11
4176,triens,6
4177,trier,5
4178,trierarch,9
4179,trierarchises,13
4180,trierarchy,10
4181,trieterical,11
4182,trieterics,10
4183,triethylamine,13
4184,trifacial,9
4185,trifallowed,11
4186,trifallowing,12
4187,trifallow,9
4188,trifarious,10
4189,trifasciated,12
4190,trifid,6
4191,trifistulary,12
4192,trifle,6
4193,trifled,7
4194,trifling,8
4195,trifler,7
4196,trifloral,9
4197,triflorous,10
4198,trifluctuation,14
4199,trifoliate,10
4200,trifoliated,11
4201,trifoliolate,12
4202,trifolium,9
4203,trifoly,7
4204,triforium,9
4205,triform,7
4206,triformity,10
4207,trifurcate,10
4208,trifurcated,11
4209,trig,4
4210,trigamist,9
4211,trigamous,9
4212,trigamy,7
4213,trigastric,10
4214,trigeminal,10
4215,trigeminous,11
4216,trigenic,8
4217,trigger,7
4218,trigintal,9
4219,triglyceride,12
4220,triglyph,8
4221,triglyphic,10
4222,triglyphical,12
4223,trigness,8
4224,trigon,6
4225,trigonal,8
4226,trigone,7
4227,trigonia,8
4228,trigonocerous,13
4229,trigonometric,13
4230,trigonometrical,15
4231,trigonometry,12
4232,trigonous,9
4233,trigram,7
4234,trigrammatic,12
4235,trigrammic,10
4236,trigraph,8
4237,trigyn,6
4238,trigynia,8
4239,trigynian,9
4240,trigynous,9
4241,trihedral,9
4242,trihedron,9
4243,trihoral,8
4244,trijugate,9
4245,trijugous,9
4246,trikosane,9
4247,trilateral,10
4248,trilemma,8
4249,trilinear,9
4250,trilingual,10
4251,trilinguar,10
4252,triliteral,10
4253,triliteralism,13
4254,triliterality,13
4255,triliteralness,14
4256,trilith,7
4257,trilithic,9
4258,trilithons,10
4259,trilithon,9
4260,trill,5
4261,trilled,7
4262,trilling,8
4263,trillachan,10
4264,trillion,8
4265,trillium,8
4266,trillo,6
4267,trilobate,9
4268,trilobation,11
4269,trilobed,8
4270,trilobita,9
4271,trilobite,9
4272,trilobitic,10
4273,trilocular,10
4274,trilogy,7
4275,triluminar,10
4276,triluminous,11
4277,trimmed,7
4278,trimming,8
4279,trim,4
4280,trimaculated,12
4281,trimellic,9
4282,trimembral,10
4283,trimera,7
4284,trimeran,8
4285,trimerous,9
4286,trimesitic,10
4287,trimester,9
4288,trimestral,10
4289,trimestrial,11
4290,trimeter,8
4291,trimethyl,9
4292,trimethylamine,14
4293,trimethylene,12
4294,trimetric,9
4295,trimetrical,11
4296,trimly,6
4297,trimmer,7
4298,trimmingly,10
4299,trimness,8
4300,trimorph,8
4301,trimorphic,10
4302,trimorphous,11
4303,trimorphism,11
4304,trimurti,8
4305,trimyarian,10
4306,trinal,6
4307,trindle,7
4308,trine,5
4309,trinervate,10
4310,trinerve,8
4311,trinerved,9
4312,tringa,6
4313,tringle,7
4314,tringoid,8
4315,trinitarian,11
4316,trinitarianism,14
4317,trinitrocellulose,17
4318,trinitrophenol,14
4319,trinity,7
4320,triniunity,10
4321,trink,5
4322,trinket,7
4323,trinketer,9
4324,trinketry,9
4325,trinkle,7
4326,trinoctial,10
4327,trinodal,8
4328,trinomial,9
4329,trinominal,10
4330,trinucleus,10
4331,trio,4
4332,triobolar,9
4333,triobolary,10
4334,trioctile,9
4335,tri/cia,7
4336,tri/cious,9
4337,triole,6
4338,triolein,8
4339,triolet,7
4340,trionychoidea,13
4341,trionyx,7
4342,trior,5
4343,trioxide,8
4344,tripped,7
4345,tripping,8
4346,trip,4
4347,tripalmitate,12
4348,tripalmitin,11
4349,tripang,7
4350,triparted,9
4351,tripartible,11
4352,tripartient,11
4353,tripartite,10
4354,tripartitely,12
4355,tripartition,12
4356,tripaschal,10
4357,tripe,5
4358,tripedal,8
4359,tripel,6
4360,tripeman,8
4361,tripennate,10
4362,tripersonal,11
4363,tripersonalist,14
4364,tripersonality,14
4365,tripery,7
4366,tripestone,10
4367,tripetaloid,11
4368,tripetalous,11
4369,triphane,8
4370,triphthong,10
4371,triphthongal,12
4372,triphyline,10
4373,triphylite,10
4374,triphyllous,11
4375,tripinnate,10
4376,tripinnatifid,13
4377,triplasian,10
4378,triple,6
4379,tripled,7
4380,tripling,8
4381,triplet,7
4382,triplicate,10
4383,triplication,12
4384,triplicity,10
4385,triplicostate,13
4386,triplite,8
4387,triploblastic,13
4388,triploidite,11
4389,triply,6
4390,tripmadam,9
4391,tripod,6
4392,tripodian,9
4393,tripody,7
4394,tripoli,7
4395,tripoline,9
4396,tripolitan,10
4397,triposes,8
4398,tripos,6
4399,trippant,8
4400,tripper,7
4401,trippet,7
4402,trippingly,10
4403,tripsis,7
4404,triptote,8
4405,triptych,8
4406,tripudiary,10
4407,tripudiate,10
4408,tripudiation,12
4409,triquadrantal,13
4410,triquetral,10
4411,triquetrous,11
4412,triquetra,9
4413,triquetrum,10
4414,triradiate,10
4415,triradiated,11
4416,trirectangular,14
4417,trireme,7
4418,trirhomboidal,13
4419,trisacramentarian,17
4420,trisagion,9
4421,trisected,9
4422,trisecting,10
4423,trisect,7
4424,trisection,10
4425,triseralous,11
4426,triserial,9
4427,triseriate,10
4428,trismus,7
4429,trisnitrate,11
4430,trisoctahedron,14
4431,trispast,8
4432,trispaston,10
4433,trispermous,11
4434,trisplanchnic,13
4435,triste,6
4436,trist,5
4437,tristearate,11
4438,tristearin,10
4439,tristtul,8
4440,tristfully,10
4441,tristichous,11
4442,tristigmatic,12
4443,tristigmatose,13
4444,tristitiate,11
4445,tristoma,8
4446,tristy,6
4447,trisuls,7
4448,trisulcate,10
4449,trisulphide,11
4450,trisyllabic,11
4451,trisyllabical,13
4452,trisyllable,11
4453,trite,5
4454,triternate,10
4455,tritheism,9
4456,tritheist,9
4457,tritheistic,11
4458,tritheistical,13
4459,tritheite,9
4460,trithing,8
4461,trithionate,11
4462,trithionic,10
4463,tritical,8
4464,triticin,8
4465,triticum,8
4466,triton,6
4467,tritone,7
4468,tritorium,9
4469,tritova,7
4470,tritovum,8
4471,tritozooid,10
4472,triturable,10
4473,triturated,10
4474,triturating,11
4475,triturate,9
4476,trituration,11
4477,triture,7
4478,triturium,9
4479,trityl,6
4480,tritylene,9
4481,triumph,7
4482,triumphed,9
4483,triumphing,10
4484,triumphal,9
4485,triumplant,10
4486,triumphantly,12
4487,triumpher,9
4488,triumviri,9
4489,triumvirs,9
4490,triumvir,8
4491,triumvirate,11
4492,triumviry,9
4493,triune,6
4494,triunguli,9
4495,triungulus,10
4496,triunity,8
4497,trivalence,10
4498,trivalent,9
4499,trivalve,8
4500,trivalvular,11
4501,trivant,7
4502,triverbial,10
4503,trivet,6
4504,trivial,7
4505,trivialism,10
4506,trivialities,12
4507,triviality,10
4508,trivially,9
4509,trivialness,11
4510,trivium,7
4511,triweekly,9
4512,troad,5
4513,troat,5
4514,trocar,6
4515,trochaic,8
4516,trochaical,10
4517,trochal,7
4518,trochanter,10
4519,trochanteric,12
4520,trochantine,11
4521,trochar,7
4522,troche,6
4523,trochee,7
4524,trochil,7
4525,trochilic,9
4526,trochilics,10
4527,trochili,8
4528,trochilidist,12
4529,trochilos,9
4530,trochilus,9
4531,troching,8
4532,trochisci,9
4533,trochiscus,10
4534,trochisk,8
4535,trochite,8
4536,trochlea,8
4537,trochlear,9
4538,trochleary,10
4539,trochoid,8
4540,trochoidal,10
4541,trochometer,11
4542,trochosphere,12
4543,trochi,6
4544,trochus,7
4545,troco,5
4546,trode,5
4547,troglodyte,10
4548,troglodytes,11
4549,troglodytic,11
4550,troglodytical,13
4551,trogon,6
4552,trogonoid,9
4553,trogue,6
4554,troic,5
4555,troilite,8
4556,troili,6
4557,troiluses,9
4558,troilus,7
4559,trojan,6
4560,troll,5
4561,trolled,7
4562,trolling,8
4563,troller,7
4564,trolley,7
4565,trolly,6
4566,trollmydames,12
4567,trollop,7
4568,trollopee,9
4569,trombone,8
4570,trommel,7
4571,tromp,5
4572,trompe,6
4573,trompil,7
4574,tron,4
4575,trona,5
4576,tronage,7
4577,tronator,8
4578,trone,5
4579,trones,6
4580,troop,5
4581,trooped,7
4582,trooping,8
4583,troopbird,9
4584,trooper,7
4585,troopfowl,9
4586,troopial,8
4587,troopmeal,9
4588,troopship,9
4589,troostite,9
4590,tropaeolin,10
4591,trope,5
4592,tropeine,8
4593,trophi,6
4594,trophic,7
4595,trophied,8
4596,trophonian,10
4597,trophosome,10
4598,trophosperm,11
4599,trophies,8
4600,trophy,6
4601,tropic,6
4602,tropical,8
4603,tropically,10
4604,tropidine,9
4605,tropilidene,11
4606,tropine,7
4607,tropist,7
4608,tropologic,10
4609,tropological,12
4610,tropologize,11
4611,tropology,9
4612,trossers,8
4613,trotted,7
4614,trotting,8
4615,trot,4
4616,troth,5
4617,trothless,9
4618,trothplight,11
4619,trothplighted,13
4620,trotter,7
4621,trottoir,8
4622,troubadour,10
4623,troublable,10
4624,troubled,8
4625,troubling,9
4626,trouble,7
4627,troubler,8
4628,troublesome,11
4629,troublous,9
4630,trough,6
4631,troul,5
4632,trounced,8
4633,trouncing,9
4634,trounce,7
4635,troupe,6
4636,troupial,8
4637,trouse,6
4638,trousering,10
4639,trousers,8
4640,trousseau,9
4641,trout,5
4642,troutbird,9
4643,troutlet,8
4644,troutling,9
4645,trouvere,8
4646,trouveur,8
4647,trover,6
4648,trow,4
4649,trowel,6
4650,troweled,8
4651,trowelfuls,10
4652,trowelful,9
4653,trowl,5
4654,trowsed,7
4655,trowsers,8
4656,troy,4
4657,troyounce,9
4658,truage,6
4659,truancy,7
4660,truand,6
4661,truant,6
4662,truantly,8
4663,truantship,10
4664,trub,4
4665,trubtall,8
4666,trubu,5
4667,truce,5
4668,trucebreaker,12
4669,truceless,9
4670,truchman,8
4671,trucidation,11
4672,truck,5
4673,trucked,7
4674,trucking,8
4675,truckage,8
4676,trucker,7
4677,truckle,7
4678,truckled,8
4679,truckling,9
4680,truckler,8
4681,truckmen,8
4682,truckman,8
4683,truculence,10
4684,truculency,10
4685,truculent,9
4686,truculently,11
4687,trudged,7
4688,trudging,8
4689,trudge,6
4690,trudgeman,9
4691,true,4
4692,truelove,8
4693,trueness,8
4694,truffle,7
4695,truffled,8
4696,trug,4
4697,truism,6
4698,truismatic,10
4699,trull,5
4700,trullization,12
4701,truly,5
4702,trump,5
4703,trumped,7
4704,trumping,8
4705,trumpery,8
4706,trumpet,7
4707,trumpeted,9
4708,trumpeting,10
4709,trumpeter,9
4710,trumpets,8
4711,trumpetweed,11
4712,trumpetwood,11
4713,trumpie,7
4714,trumplike,9
4715,truncal,7
4716,truncated,9
4717,truncating,10
4718,truncate,8
4719,truncation,10
4720,trunch,6
4721,truncheon,9
4722,truncheoned,11
4723,truncheoneer,12
4724,truncus,7
4725,trundle,7
4726,trundled,8
4727,trundling,9
4728,trundlehead,11
4729,trundletail,11
4730,trunk,5
4731,trunkback,9
4732,trunked,7
4733,trunkfish,9
4734,trunkfuls,9
4735,trunkful,8
4736,trunkwork,9
4737,trunnel,7
4738,trunnion,8
4739,trunnioned,10
4740,trusion,7
4741,truss,5
4742,trussed,7
4743,trussing,8
4744,trust,5
4745,trusted,7
4746,trusting,8
4747,trustee,7
4748,trusteeship,11
4749,truster,7
4750,trustful,8
4751,trustily,8
4752,trustiness,10
4753,trustless,9
4754,trustworthy,11
4755,trusty,6
4756,truths,6
4757,truth,5
4758,truthful,8
4759,truthless,9
4760,truthness,9
4761,truthy,6
4762,trutination,11
4763,truttaceous,11
4764,trying,6
4765,try,3
4766,trygon,6
4767,trypsin,7
4768,trypsinogen,11
4769,tryptic,7
4770,tryptone,8
4771,trysail,7
4772,tryst,5
4773,tryster,7
4774,trysting,8
4775,tsar,4
4776,tsarina,7
4777,tsaritsa,8
4778,tschakmeck,10
4779,tschego,7
4780,tsebe,5
4781,tsetse,6
4782,tuatera,7
4783,tub,3
4784,tubbed,6
4785,tubbing,7
4786,tuba,4
4787,tubal,5
4788,tubby,5
4789,tube,4
4790,tubed,5
4791,tubing,6
4792,tubeform,8
4793,tuber,5
4794,tubercle,8
4795,tubercled,9
4796,tubercular,10
4797,tuberculate,11
4798,tuberculated,12
4799,tuberculin,10
4800,tuberculization,15
4801,tuberculose,11
4802,tuberculous,11
4803,tuberculosis,12
4804,tubercula,9
4805,tuberculum,10
4806,tuberiferous,12
4807,tuberose,8
4808,tuberosities,12
4809,tuberosity,10
4810,tuberous,8
4811,tubeworm,8
4812,tubfish,7
4813,tubfuls,7
4814,tubful,6
4815,tubicinate,10
4816,tubicolae,9
4817,tubicolar,9
4818,tubicole,8
4819,tubicolous,10
4820,tubicorn,8
4821,tubicornous,11
4822,tubiform,8
4823,tubinares,9
4824,tubipora,8
4825,tubipore,8
4826,tubiporite,10
4827,tubivalve,9
4828,tubmen,6
4829,tubman,6
4830,tubular,7
4831,tubularia,9
4832,tubulariae,10
4833,tubularian,10
4834,tubularida,10
4835,tubulate,8
4836,tubulated,9
4837,tubulation,10
4838,tubulature,10
4839,tubule,6
4840,tubulibranchian,15
4841,tubulibranchiata,16
4842,tubulicole,10
4843,tubulidentate,13
4844,tubuliform,10
4845,tubulipore,10
4846,tubulose,8
4847,tubulous,8
4848,tubulure,8
4849,tucan,5
4850,tucet,5
4851,tuch,4
4852,tuck,4
4853,tucked,6
4854,tucking,7
4855,tuckahoe,8
4856,tucker,6
4857,tucket,6
4858,tucum,5
4859,tucuma,6
4860,tudor,5
4861,tue,3
4862,tuefall,7
4863,tuesday,7
4864,tuet,4
4865,tufa,4
4866,tufaceous,9
4867,tuff,4
4868,tuffoon,7
4869,tuft,4
4870,tufted,6
4871,tufting,7
4872,tufthunter,10
4873,tufthunting,11
4874,tufty,5
4875,tugged,6
4876,tugging,7
4877,tug,3
4878,tugan,5
4879,tugboat,7
4880,tugger,6
4881,tuggingly,9
4882,tulle,5
4883,tuition,7
4884,tuitionary,10
4885,tule,4
4886,tulip,5
4887,tulipist,8
4888,tulipomania,11
4889,tulipomaniac,12
4890,tulipwood,9
4891,tull,4
4892,tullian,7
4893,tullibee,8
4894,tumbled,7
4895,tumbling,8
4896,tumble,6
4897,tumblebug,9
4898,tumbledung,10
4899,tumbler,7
4900,tumblerfuls,11
4901,tumblerful,10
4902,tumbleweed,10
4903,tumbrel,7
4904,tumbril,7
4905,tumefaction,11
4906,tumefied,8
4907,tumefying,9
4908,tumefy,6
4909,tumid,5
4910,tumidity,8
4911,tummals,7
4912,tumor,5
4913,tumored,7
4914,tumorous,8
4915,tump,4
4916,tumped,6
4917,tumping,7
4918,tumpline,8
4919,tumular,7
4920,tumulate,8
4921,tumulose,8
4922,tumulosity,10
4923,tumulous,8
4924,tumult,6
4925,tumulter,8
4926,tumultuarily,12
4927,tumultuariness,14
4928,tumultuary,10
4929,tumultuate,10
4930,tumultuation,12
4931,tumultuous,10
4932,tumuli,6
4933,tumulus,7
4934,tun,3
4935,tunned,6
4936,tunning,7
4937,tuna,4
4938,tunable,7
4939,tundra,6
4940,tune,4
4941,tuned,5
4942,tuning,6
4943,tuneful,7
4944,tuneless,8
4945,tuner,5
4946,tungstate,9
4947,tungsten,8
4948,tungstenic,10
4949,tungstic,8
4950,tungstite,9
4951,tunguses,8
4952,tungusic,8
4953,tunhoof,7
4954,tunic,5
4955,tunicaries,10
4956,tunicary,8
4957,tunicata,8
4958,tunicate,8
4959,tunicated,9
4960,tunicin,7
4961,tunicle,7
4962,tunk,4
4963,tunker,6
4964,tunnage,7
4965,tunnel,6
4966,tunneled,8
4967,tunnelled,9
4968,tunneling,9
4969,tunnelling,10
4970,tunnies,7
4971,tunny,5
4972,tup,3
4973,tupal,5
4974,tupaiid,7
4975,tupelo,6
4976,tupmen,6
4977,tupman,6
4978,tur,3
4979,turacin,7
4980,turacou,7
4981,turacoverdin,12
4982,turanian,8
4983,turanians,9
4984,turatt,6
4985,turban,6
4986,turband,7
4987,turbaned,8
4988,turbant,7
4989,turbaries,9
4990,turbary,7
4991,turbellaria,11
4992,turbellarian,12
4993,turbeth,7
4994,turbid,6
4995,turbidity,9
4996,turbidly,8
4997,turbidness,10
4998,turbillion,10
4999,turbinaceous,12
5000,turbinal,8
5001,turbinate,9
5002,turbinated,10
5003,turbination,11
5004,turbine,7
5005,turbinella,10
5006,turbinite,9
5007,turbinoid,9
5008,turbit,6
5009,turbite,7
5010,turbith,7
5011,turbo,5
5012,turbot,6
5013,turbulence,10
5014,turbulency,10
5015,turbulent,9
5016,turbulently,11
5017,turcism,7
5018,turcomans,9
5019,turcoman,8
5020,turdiformes,11
5021,turdus,6
5022,tureen,6
5023,tureenfuls,10
5024,tureenful,9
5025,turfs,5
5026,turves,6
5027,turf,4
5028,turfed,6
5029,turfing,7
5030,turfen,6
5031,turfiness,9
5032,turfite,7
5033,turfless,8
5034,turfmen,7
5035,turfman,7
5036,turfy,5
5037,turgent,7
5038,turgesced,9
5039,turgescing,10
5040,turgesce,8
5041,turgescence,11
5042,turgescency,11
5043,turgescent,10
5044,turgid,6
5045,turgidity,9
5046,turgidous,9
5047,turiones,8
5048,turio,5
5049,turiole,7
5050,turion,6
5051,turioniferous,13
5052,turk,4
5053,turkeis,7
5054,turkey,6
5055,turkeys,7
5056,turkic,6
5057,turkis,6
5058,turkish,7
5059,turkism,7
5060,turkle,6
5061,turkos,6
5062,turko,5
5063,turkois,7
5064,turkomans,9
5065,turkoman,8
5066,turlupin,8
5067,turm,4
5068,turmaline,9
5069,turmeric,8
5070,turmerol,8
5071,turmoil,7
5072,turmoiled,9
5073,turmoiling,10
5074,turned,6
5075,turning,7
5076,turn,4
5077,turnbroach,10
5078,turncoat,8
5079,turnep,6
5080,turner,6
5081,turnerite,9
5082,turnery,7
5083,turney,6
5084,turnhalle,9
5085,turnicimorphae,14
5086,turningness,11
5087,turnip,6
5088,turnix,6
5089,turnkeys,8
5090,turnkey,7
5091,turnover,8
5092,turnpike,8
5093,turnpiked,9
5094,turnpiking,10
5095,turnplate,9
5096,turnsole,8
5097,turnspit,8
5098,turnstile,9
5099,turnstone,9
5100,turntable,9
5101,turnus,6
5102,turnverein,10
5103,turnwrest,9
5104,turonian,8
5105,turpentine,10
5106,turpeth,7
5107,turpin,6
5108,turpitude,9
5109,turquoise,9
5110,turquois,8
5111,turrel,6
5112,turret,6
5113,turreted,8
5114,turribant,9
5115,turrical,8
5116,turriculate,11
5117,turriculated,12
5118,turrilite,9
5119,turritella,10
5120,turritelloid,12
5121,turtle,6
5122,turtledove,10
5123,turtlehead,10
5124,turtler,7
5125,turtling,8
5126,tuscan,6
5127,tuscaroras,10
5128,tuscor,6
5129,tush,4
5130,tusk,4
5131,tusked,6
5132,tusker,6
5133,tusky,5
5134,tussicular,10
5135,tussle,6
5136,tussock,7
5137,tussocky,8
5138,tussuck,7
5139,tut,3
5140,tutelage,8
5141,tutelar,7
5142,tutelary,8
5143,tutele,6
5144,tutenag,7
5145,tutor,5
5146,tutored,7
5147,tutoring,8
5148,tutorage,8
5149,tutoress,8
5150,tutorial,8
5151,tutorism,8
5152,tutorize,8
5153,tutorship,9
5154,tutory,6
5155,tutress,7
5156,tutrix,6
5157,tutsan,6
5158,tutti,5
5159,tutty,5
5160,tuyere,6
5161,tuz,3
5162,tuza,4
5163,twaddle,7
5164,twaddler,8
5165,twaddling,9
5166,twaddy,6
5167,twagger,7
5168,twain,5
5169,twaite,6
5170,twang,5
5171,twanged,7
5172,twanging,8
5173,twangle,7
5174,twank,5
5175,twankay,7
5176,twattle,7
5177,twattler,8
5178,tway,4
5179,twayblade,9
5180,tweag,5
5181,tweague,7
5182,tweak,5
5183,tweed,5
5184,tweedle,7
5185,tweel,5
5186,tweer,5
5187,tweese,6
5188,tweeze,6
5189,tweezers,8
5190,twelfth,7
5191,twelfthtide,11
5192,twelve,6
5193,twelvemo,8
5194,twelvemonth,11
5195,twelvepence,11
5196,twelvepenny,11
5197,twelvescore,11
5198,twentieth,9
5199,twenty,6
5200,twenties,8
5201,twentyfold,10
5202,twey,4
5203,tweyfold,8
5204,twibil,6
5205,twibilled,9
5206,twice,5
5207,twiddle,7
5208,twifallowed,11
5209,twifallowing,12
5210,twifallow,9
5211,twifold,7
5212,twigged,7
5213,twigging,8
5214,twig,4
5215,twiggen,7
5216,twigger,7
5217,twiggy,6
5218,twight,6
5219,twighte,7
5220,twigless,8
5221,twigsome,8
5222,twilight,8
5223,twilled,7
5224,twilling,8
5225,twill,5
5226,twilly,6
5227,twilt,5
5228,twin,4
5229,twinned,7
5230,twinning,8
5231,twinborn,8
5232,twine,5
5233,twined,6
5234,twining,7
5235,twiner,6
5236,twinged,7
5237,twinging,8
5238,twinge,6
5239,twink,5
5240,twinkled,8
5241,twinkling,9
5242,twinkle,7
5243,twinkler,8
5244,twinleaf,8
5245,twinlike,8
5246,twinling,8
5247,twinner,7
5248,twinter,7
5249,twire,5
5250,twirled,7
5251,twirling,8
5252,twirl,5
5253,twisted,7
5254,twisting,8
5255,twist,5
5256,twiste,6
5257,twister,7
5258,twistical,9
5259,twitted,7
5260,twitting,8
5261,twit,4
5262,twitched,8
5263,twitching,9
5264,twitch,6
5265,twitcher,8
5266,twite,5
5267,twitlark,8
5268,twitter,7
5269,twittered,9
5270,twittering,10
5271,twittingly,10
5272,two,3
5273,twofold,7
5274,twopence,8
5275,twopenny,8
5276,twyblade,8
5277,tychonic,8
5278,tycoon,6
5279,tydy,4
5280,tye,3
5281,tyer,4
5282,tyfoon,6
5283,tyger,5
5284,tyke,4
5285,tylari,6
5286,tylarus,7
5287,tyler,5
5288,tylopoda,8
5289,tyloses,7
5290,tylosis,7
5291,tymbal,6
5292,tymp,4
5293,tympan,6
5294,tympanal,8
5295,tympanic,8
5296,tympanist,9
5297,tympanites,10
5298,tympanitic,10
5299,tympanitis,10
5300,tympanize,9
5301,tympanized,10
5302,tympanizing,11
5303,tympani,7
5304,tympano,7
5305,tympanohyal,11
5306,tympanums,9
5307,tympana,7
5308,tympanum,8
5309,tympany,7
5310,tynd,4
5311,tyne,4
5312,tyny,4
5313,typal,5
5314,type,4
5315,typed,5
5316,typing,6
5317,typesetter,10
5318,typesetting,11
5319,typewrite,9
5320,typewriter,10
5321,typewriting,11
5322,typhlitis,9
5323,typhlosole,10
5324,typhoean,8
5325,typhoid,7
5326,typhomalarial,13
5327,typhomania,10
5328,typhon,6
5329,typhoon,7
5330,typhos,6
5331,typhotoxin,10
5332,typhous,7
5333,typhus,6
5334,typic,5
5335,typical,7
5336,typification,12
5337,typifier,8
5338,typified,8
5339,typifying,9
5340,typify,6
5341,typo,4
5342,typocosmy,9
5343,typographer,11
5344,typographic,11
5345,typographical,13
5346,typography,10
5347,typolite,8
5348,typology,8
5349,typothetae,10
5350,tyran,5
5351,tyranness,9
5352,tyrannic,8
5353,tyrannical,10
5354,tyrannicidal,12
5355,tyrannicide,11
5356,tyrannish,9
5357,tyrannized,10
5358,tyrannizing,11
5359,tyrannize,9
5360,tyrannous,9
5361,tyranny,7
5362,tyrant,6
5363,tyre,4
5364,tyrian,6
5365,tyros,5
5366,tyro,4
5367,tyrociny,8
5368,tyrolite,8
5369,tyronism,8
5370,tyrosin,7
5371,tyrotoxicon,11
5372,tyrotoxine,10
5373,tysonite,8
5374,tystie,6
5375,tythe,5
5376,tything,7
5377,tzar,4
5378,tzarina,7
5379,tzaritza,8
5380,tzetze,6
