,U,Length
0,uakari,6
1,uberous,7
2,uberty,6
3,ubication,9
4,ubiety,6
5,ubiquarian,10
6,ubiquitist,10
7,ubiquitarian,12
8,ubiquitariness,14
9,ubiquitary,10
10,ubiquitaries,12
11,ubiquitous,10
12,ubiquity,8
13,uchees,6
14,uckewallist,11
15,udal,4
16,udaler,6
17,udalman,7
18,udder,5
19,uddered,7
20,udderless,9
21,udometer,8
22,ugh,3
23,uglesome,8
24,uglify,6
25,uglily,6
26,ugliness,8
27,ugly,4
28,ugrian,6
29,ugsome,6
30,uhlan,5
31,uintatherium,12
32,ukase,5
33,ulan,4
34,ularburong,10
35,ulcer,5
36,ulcerable,9
37,ulcerated,9
38,ulcerating,10
39,ulcerate,8
40,ulceration,10
41,ulcerative,10
42,ulcered,7
43,ulcerous,8
44,ulcuscle,8
45,ulcuscule,9
46,ule,3
47,ulema,5
48,ulexite,7
49,uliginose,9
50,uliginous,9
51,ullage,6
52,ullet,5
53,ullmannite,10
54,ulluco,6
55,ulmaceous,9
56,ulmate,6
57,ulmic,5
58,ulmin,5
59,ulmus,5
60,ulna,4
61,ulnage,6
62,ulnar,5
63,ulnaria,7
64,ulnare,6
65,ulodendron,10
66,ulonata,7
67,ulotrichan,10
68,ulotrichi,9
69,ulotrichous,11
70,ulster,6
71,ulterior,8
72,ulteriorly,10
73,ultima,6
74,ultimate,8
75,ultimated,9
76,ultimating,10
77,ultimately,10
78,ultimation,10
79,ultimatums,10
80,ultimata,8
81,ultimatum,9
82,ultime,6
83,ultimity,8
84,ultimo,6
85,ultion,6
86,ultra,5
87,ultrage,7
88,ultraism,8
89,ultraist,8
90,ultramarine,11
91,ultramontane,12
92,ultramontanism,14
93,ultramontanist,14
94,ultramundane,12
95,ultrared,8
96,ultratropical,13
97,ultraviolet,11
98,ultrazodiacal,13
99,ultroneous,10
100,ulula,5
101,ululant,7
102,ululated,8
103,ululating,9
104,ululate,7
105,ululation,9
106,ulva,4
107,umbe,4
108,umbecast,8
109,umbel,5
110,umbellar,8
111,umbellate,9
112,umbellated,10
113,umbellet,8
114,umbellic,8
115,umbellifer,10
116,umbelliferone,13
117,umbelliferous,13
118,umbellularia,12
119,umbellule,9
120,umber,5
121,umbery,6
122,umbilic,7
123,umbilical,9
124,umbilicate,10
125,umbilicated,11
126,umbilication,12
127,umbilicus,9
128,umbles,6
129,umbones,7
130,umbos,5
131,umbo,4
132,umbonate,8
133,umbonated,9
134,umbrae,6
135,umbra,5
136,umbraculiferous,15
137,umbraculiform,13
138,umbrage,7
139,umbrageous,10
140,umbrate,7
141,umbratic,8
142,umbratical,10
143,umbratile,9
144,umbratious,10
145,umbre,5
146,umbrel,6
147,umbrella,8
148,umbrere,7
149,umbriere,8
150,umbrette,8
151,umbriferous,11
152,umbril,6
153,umbrine,7
154,umbrose,7
155,umbrosity,9
156,umhofo,6
157,umlaut,6
158,umlauted,8
159,umpirage,8
160,umpire,6
161,umpired,7
162,umpiring,8
163,umpireship,10
164,umpress,7
165,umquhile,8
166,unability,9
167,unable,6
168,unabled,7
169,unableness,10
170,unabridged,10
171,unabsorbable,12
172,unacceptability,15
173,unacceptable,12
174,unaccessible,12
175,unaccomplished,14
176,unaccomplishment,16
177,unaccountability,16
178,unaccountable,13
179,unaccurate,10
180,unaccurateness,14
181,unaccustomed,12
182,unacquaintance,14
183,unacquainted,12
184,unacquaintedness,16
185,unactive,8
186,unactiveness,12
187,unadmissible,12
188,unadmittable,12
189,unadulterate,12
190,unadulterated,13
191,unadvisable,11
192,unadvised,9
193,unaffected,10
194,unafiled,8
195,unagreeable,11
196,unaidable,9
197,unalienable,11
198,unalist,7
199,unallied,8
200,unalloyed,9
201,unalmsed,8
202,unambiguity,11
203,unambition,10
204,unamiability,12
205,unamiable,9
206,unanchor,8
207,unaneled,8
208,unanimate,9
209,unanimity,9
210,unanimous,9
211,unanswerability,15
212,unanswerable,12
213,unanswered,10
214,unappalled,10
215,unapparel,9
216,unappealable,12
217,unappliable,11
218,unapplicable,12
219,unappropriate,13
220,unappropriated,14
221,unapproved,10
222,unapt,5
223,unaquit,7
224,unargued,8
225,unarm,5
226,unarmed,7
227,unarted,7
228,unartful,8
229,unartistic,10
230,unascried,9
231,unaserved,9
232,unassuming,10
233,unassured,9
234,unatonable,10
235,unattached,10
236,unattentive,11
237,unattire,8
238,unau,4
239,unaudienced,11
240,unauspicious,12
241,unauthorize,11
242,unavoidable,11
243,unavoided,9
244,unaware,7
245,unawares,8
246,unbacked,8
247,unbag,5
248,unbalanced,10
249,unballast,9
250,unballasted,11
251,unbaned,7
252,unbank,6
253,unbar,5
254,unbarbed,8
255,unbark,6
256,unbarrel,8
257,unbarricade,11
258,unbarricadoed,13
259,unbashful,9
260,unbay,5
261,unbe,4
262,unbear,6
263,unbeat,6
264,unbecome,8
265,unbecoming,10
266,unbed,5
267,unbedinned,10
268,unbefool,8
269,unbeget,7
270,unbegilt,8
271,unbegot,7
272,unbegotten,10
273,unbeguiled,10
274,unbeguiling,11
275,unbeguile,9
276,unbegun,7
277,unbehovely,10
278,unbeing,7
279,unbeknown,9
280,unbelief,8
281,unbelieved,10
282,unbeliever,10
283,unbelieving,11
284,unbelt,6
285,unbent,6
286,unbending,9
287,unbend,6
288,unbenevolence,13
289,unbenign,8
290,unbenumb,8
291,unbereaven,10
292,unbereft,8
293,unbeseem,8
294,unbeseeming,11
295,unbespeak,9
296,unbethink,9
297,unbeware,8
298,unbewitch,9
299,unbias,6
300,unbiased,8
301,unbid,5
302,unbidden,8
303,unbound,7
304,unbinding,9
305,unbind,6
306,unbishop,8
307,unbitted,8
308,unbitting,9
309,unbit,5
310,unblemished,11
311,unbless,7
312,unblessed,9
313,unblest,7
314,unblestful,10
315,unblind,7
316,unblindfold,11
317,unbloody,8
318,unblushing,10
319,unbody,6
320,unbolt,6
321,unbone,6
322,unbonnet,8
323,unbooked,8
324,unboot,6
325,unborn,6
326,unborrowed,10
327,unbosomed,9
328,unbosoming,10
329,unbosom,7
330,unbosomer,9
331,unbottomed,10
332,unboundably,11
333,unbounded,9
334,unbow,5
335,unbowed,7
336,unboweled,9
337,unbowelled,10
338,unboweling,10
339,unbowelling,11
340,unbowel,7
341,unbox,5
342,unboy,5
343,unbrace,7
344,unbraid,7
345,unbreast,8
346,unbreathed,10
347,unbred,6
348,unbreeched,10
349,unbreching,10
350,unbreech,8
351,unbrewed,8
352,unbridle,8
353,unbridled,9
354,unbroken,8
355,unbuckle,8
356,unbuild,7
357,unbundle,8
358,unbung,6
359,unburden,8
360,unburiable,10
361,unburrow,8
362,unburthen,9
363,unbury,6
364,unbusied,8
365,unbutton,8
366,unbuxom,7
367,uncage,6
368,uncalm,6
369,uncamp,6
370,uncanny,7
371,uncanonize,10
372,uncap,5
373,uncapable,9
374,uncape,6
375,uncapper,8
376,uncardinal,10
377,uncared,7
378,uncarnate,9
379,uncart,6
380,uncase,6
381,uncastle,8
382,uncaused,8
383,uncautelous,11
384,uncautious,10
385,uncautiously,12
386,unce,4
387,unceasable,10
388,uncenter,8
389,uncentre,8
390,uncentury,9
391,uncertain,9
392,uncertainly,11
393,uncertainties,13
394,uncertainty,11
395,uncessant,9
396,unchain,7
397,unchancy,8
398,unchaplain,10
399,uncharge,8
400,unchariot,9
401,uncharitable,12
402,uncharity,9
403,uncharm,7
404,uncharneled,11
405,uncharneling,12
406,uncharnel,9
407,unchaste,8
408,unchastity,10
409,uncheckable,11
410,unchild,7
411,unchristen,10
412,unchristened,12
413,unchristian,11
414,unchristianize,14
415,unchristianly,13
416,unchristianness,15
417,unchurch,8
418,unciae,6
419,uncia,5
420,uncial,6
421,unciatim,8
422,unciform,8
423,uncinata,8
424,uncinate,8
425,uncinatum,9
426,uncini,6
427,uncinus,7
428,uncipher,8
429,uncircumcised,13
430,uncircumcision,14
431,uncircumstandtial,17
432,uncity,6
433,uncivil,7
434,uncivility,10
435,uncivilization,14
436,uncivilized,11
437,uncivilty,9
438,unclasp,7
439,uncle,5
440,unclean,7
441,uncleansable,12
442,unclench,8
443,uncleship,9
444,unclew,6
445,unclinch,8
446,uncling,7
447,uncloak,7
448,unclog,6
449,uncloister,10
450,unclose,7
451,unclosed,8
452,unclothe,8
453,unclothed,9
454,uncloud,7
455,unclue,6
456,unclutch,8
457,unco,4
458,uncoach,7
459,uncock,6
460,uncoffle,8
461,uncoif,6
462,uncoil,6
463,uncoined,8
464,uncolt,6
465,uncombine,9
466,uncomeatable,12
467,uncomely,8
468,uncomfortable,13
469,uncommon,8
470,uncomplete,10
471,uncomprehend,12
472,uncomprehensive,15
473,uncompromising,14
474,unconceivable,13
475,unconcern,9
476,unconcerned,11
477,unconcerning,12
478,unconcernment,13
479,unconcludent,12
480,unconcluding,12
481,unconclusive,12
482,unconditional,13
483,unconditioned,13
484,unconfidence,12
485,uncoform,8
486,uncoformability,15
487,unconformable,13
488,unconformist,12
489,unconformity,12
490,unconfound,10
491,unconfounded,12
492,uncongeal,9
493,unconning,9
494,unconquerable,13
495,unconscionable,14
496,unconscious,11
497,unconsecrate,12
498,unconsequential,15
499,unconsiderate,13
500,unconsidered,12
501,unconsonant,11
502,unconspicuous,13
503,unconstancy,11
504,unconstant,10
505,unconstitutional,16
506,unconstraint,12
507,unconsummate,12
508,uncontestable,13
509,uncontinent,11
510,uncontrollable,14
511,uncontroversory,15
512,uncontrovertible,16
513,uncontrovertibly,16
514,unconvenient,12
515,unconversion,12
516,unconverted,11
517,uncord,6
518,uncork,6
519,uncorrect,9
520,uncorrigible,12
521,uncorrupt,9
522,uncorruptible,13
523,uncorruption,12
524,uncouple,8
525,uncourtliness,13
526,uncous,6
527,uncouth,7
528,uncovenable,11
529,uncovenanted,12
530,uncovered,9
531,uncovering,10
532,uncover,7
533,uncowl,6
534,uncreate,8
535,uncreated,9
536,uncreatedness,13
537,uncredible,10
538,uncredit,8
539,uncreditable,12
540,uncrown,7
541,uncrudded,9
542,unction,7
543,unctious,8
544,unctuosity,10
545,unctuous,8
546,unculpable,10
547,uncult,6
548,unculture,9
549,uncunning,9
550,uncunningly,11
551,uncunningness,13
552,uncurable,9
553,uncurably,9
554,uncurbable,10
555,uncurl,6
556,uncurrent,9
557,uncurse,7
558,uncurtain,9
559,unci,4
560,uncus,5
561,uncustomable,12
562,uncustomed,10
563,uncut,5
564,uncuth,6
565,uncypher,8
566,undam,5
567,undampned,9
568,undated,7
569,undauntable,11
570,undaunted,9
571,unde,4
572,undeadly,8
573,undeaf,6
574,undecagon,9
575,undecane,8
576,undeceive,9
577,undecency,9
578,undecennary,11
579,undecennial,11
580,undecent,8
581,undecide,8
582,undecisive,10
583,undeck,6
584,undecked,8
585,undecolic,9
586,undecreed,9
587,undecyl,7
588,undecylenic,11
589,undecylic,9
590,undeeded,8
591,undefatigable,13
592,undefeasible,12
593,undefine,8
594,undeify,7
595,undeniable,10
596,undeniably,10
597,undepartable,12
598,under,5
599,underact,8
600,underaction,11
601,underactor,10
602,underagent,10
603,underaid,8
604,underback,9
605,underbear,9
606,underbearer,11
607,underbid,8
608,underbind,9
609,underboard,10
610,underbrace,10
611,underbranch,11
612,underbred,9
613,underbrush,10
614,underbuilder,12
615,underbuilding,13
616,underbuy,8
617,undercast,9
618,underchamberlain,16
619,underchanter,12
620,underchaps,10
621,undercharge,11
622,underclay,9
623,undercliff,10
624,underclothes,12
625,underclothing,13
626,undercoat,9
627,underconduct,12
628,underconsumption,16
629,undercraft,10
630,undercreep,10
631,undercrest,10
632,undercroft,10
633,undercry,8
634,undercurrent,12
635,undercut,8
636,underdealing,12
637,underdelve,10
638,underdig,8
639,underditch,10
640,underdo,7
641,underdoer,9
642,underdolven,11
643,underdose,9
644,underdrain,10
645,underdressed,12
646,underestimate,13
647,underfaction,12
648,underfaculty,12
649,underfarmer,11
650,underfeed,9
651,underfellow,11
652,underfilling,12
653,underfollow,11
654,underfong,9
655,underfoot,9
656,underfringe,11
657,underfurnish,12
658,underfurrow,11
659,underget,8
660,undergird,9
661,underglaze,10
662,underwent,9
663,undergone,9
664,undergoing,10
665,undergo,7
666,undergod,8
667,undergore,9
668,undergown,9
669,undergraduate,13
670,undergraduateship,17
671,undergroan,10
672,underground,11
673,undergrove,10
674,undergrow,9
675,undergrown,10
676,undergrowth,11
677,undergrub,9
678,underhand,9
679,underhanded,11
680,underhandedly,13
681,underhang,9
682,underhangman,12
683,underhead,9
684,underheave,10
685,underhew,8
686,underhonest,11
687,underhung,9
688,underjaw,8
689,underjoin,9
690,underkeep,9
691,underkeeper,11
692,underkind,9
693,underkingdom,12
694,underlaborer,12
695,underlaid,9
696,underlay,8
697,underlayer,10
698,underleaf,9
699,underlease,10
700,underlet,8
701,underletter,11
702,underlie,8
703,underline,9
704,underling,9
705,underlip,8
706,underlock,9
707,underlocker,11
708,underlying,10
709,undermanned,11
710,undermasted,11
711,undermaster,11
712,undermatch,10
713,undermeal,9
714,undermine,9
715,underminer,10
716,underminister,13
717,underministry,13
718,undermirth,10
719,undermoneyed,12
720,undermost,9
721,undern,6
722,underneath,10
723,underniceness,13
724,undernom,8
725,undernime,9
726,underofficer,12
727,underpart,9
728,underpay,8
729,underpeep,9
730,underpeer,9
731,underpeopled,12
732,underpight,10
733,underpinned,11
734,underpinning,12
735,underpin,8
736,underpitch,10
737,underplay,9
738,underplot,9
739,underpoise,10
740,underpossessor,14
741,underpraise,11
742,underprize,10
743,underproduction,15
744,underproof,10
745,underprop,9
746,underproportioned,17
747,underproper,11
748,underpull,9
749,underpuller,11
750,underput,8
751,underrate,9
752,underreckon,11
753,underrun,8
754,undersail,9
755,undersailed,11
756,undersaturated,14
757,undersay,8
758,underscore,10
759,undersecretary,14
760,undersell,9
761,underservant,12
762,underset,8
763,undersetter,11
764,undersetting,12
765,undershapen,11
766,undersheriff,12
767,undersheriffry,14
768,undershirt,10
769,undershoot,10
770,undershot,9
771,undershrievalty,15
772,undershrieve,12
773,undershrub,10
774,undershut,9
775,underside,9
776,undersign,9
777,undersized,10
778,underskinker,12
779,underskirt,10
780,undersky,8
781,undersleeve,11
782,undersoil,9
783,undersold,9
784,undersong,9
785,undersparred,12
786,underspend,10
787,undersphere,11
788,underspore,10
789,understair,10
790,understairs,11
791,understood,10
792,understanded,12
793,understanding,13
794,understand,10
795,understandable,14
796,understander,12
797,understandingly,15
798,understate,10
799,understatement,14
800,understock,10
801,understrapper,13
802,understrapping,14
803,understrata,11
804,understratums,13
805,understratum,12
806,understroke,11
807,understudy,10
808,undersuit,9
809,undertakable,12
810,undertook,9
811,undertaken,10
812,undertaking,11
813,undertake,9
814,undertaker,10
815,undertapster,12
816,undertaxed,10
817,undertenancy,12
818,undertenant,11
819,underthing,10
820,undertide,9
821,undertime,9
822,undertone,9
823,undertow,8
824,undertreasurer,14
825,underturn,9
826,undervaluation,14
827,undervalue,10
828,undervaluer,11
829,underverse,10
830,undervest,9
831,underviewer,11
832,underwear,9
833,underween,9
834,underwing,9
835,underwitted,11
836,underwood,9
837,underworked,11
838,underwrought,12
839,underworking,12
840,underwork,9
841,underworker,11
842,underworld,10
843,underwrote,10
844,underwrit,9
845,underwritten,12
846,underwriting,12
847,underwrite,10
848,underwriter,11
849,underyoke,9
850,undeserve,9
851,undeserver,10
852,undesigning,11
853,undestroyable,13
854,undeterminable,14
855,undeterminate,13
856,undetermination,15
857,undevil,7
858,undevotion,10
859,undid,5
860,undifferentiated,16
861,undigenous,10
862,undigestible,12
863,undight,7
864,undigne,7
865,undine,6
866,undiocesed,10
867,undirect,8
868,undirected,10
869,undirectly,10
870,undiscerning,12
871,undisclose,10
872,undiscreet,10
873,undispensable,13
874,undispensed,11
875,undisposedness,14
876,undisputable,12
877,undistinctive,13
878,undistinctly,12
879,undivided,9
880,undividual,10
881,undivisible,11
882,undo,4
883,undock,6
884,undoer,6
885,undoing,7
886,undomesticate,13
887,undone,6
888,undouble,8
889,undoubtable,11
890,undoubted,9
891,undrape,7
892,undraw,6
893,undreamed,9
894,undreamt,8
895,undress,7
896,undubitable,11
897,undue,5
898,undueness,9
899,unduke,6
900,undulant,8
901,undulary,8
902,undulate,8
903,undulated,9
904,undulating,10
905,undulation,10
906,undulationist,13
907,undulative,10
908,undulatory,10
909,undull,6
910,undulous,8
911,unduly,6
912,undumpish,9
913,undust,6
914,undwellable,11
915,undwelt,7
916,undying,7
917,uneared,7
918,unearned,8
919,unearthed,9
920,unearthing,10
921,unearth,7
922,unearthly,9
923,unease,6
924,uneasity,8
925,uneasiness,10
926,uneasy,6
927,uneath,6
928,unedge,6
929,unefectual,10
930,unelastic,9
931,unelasticity,12
932,unelegant,9
933,uneligible,10
934,unembarrassed,13
935,unembarrassment,15
936,unembodied,10
937,unempirically,13
938,unemployed,10
939,unencumber,10
940,unendly,7
941,unentangle,10
942,unequal,7
943,unequalable,11
944,unequaled,9
945,unequally,9
946,unequalness,11
947,unequitable,11
948,unequity,8
949,unequivocal,11
950,unerring,8
951,unerringly,10
952,unessential,11
953,unessentially,13
954,unestablish,11
955,ubeth,5
956,unethes,7
957,uneven,6
958,unevitable,10
959,unexact,7
960,unexampled,10
961,unexceptionable,15
962,unexceptive,11
963,unexcusable,11
964,unexhaustible,13
965,unexpectation,13
966,unexpected,10
967,unexpedient,11
968,unexpensive,11
969,unexperience,12
970,unexperienced,13
971,unexperient,11
972,unexpert,8
973,unexpertly,10
974,unexpressible,13
975,unexpressive,12
976,unextinguishable,16
977,unextricable,12
978,unface,6
979,unfailable,10
980,unfailing,9
981,unfair,6
982,unfaith,7
983,unfaithful,10
984,unfalcated,10
985,unfallible,10
986,unfasten,8
987,unfathered,10
988,unfavorable,11
989,unfeather,9
990,unfeatured,10
991,unfeaty,7
992,unfeeling,9
993,unfeigned,9
994,unfellow,8
995,unfellowed,10
996,unfence,7
997,unfertile,9
998,unfestlich,10
999,unfetter,8
1000,unfeudalize,11
1001,unfile,6
1002,unfiled,7
1003,unfilial,8
1004,unfinished,10
1005,unfirm,6
1006,unfirmness,10
1007,unfit,5
1008,unfix,5
1009,unfledged,9
1010,unflesh,7
1011,unfleshly,9
1012,unflexible,10
1013,unflinching,11
1014,unflower,8
1015,unfold,6
1016,unfolder,8
1017,unfoldment,10
1018,unfool,6
1019,unforesee,9
1020,unforeseeable,13
1021,unforeskinned,13
1022,unforgettable,13
1023,unform,6
1024,unformed,8
1025,unfortunate,11
1026,unfounded,9
1027,unframe,7
1028,unfrangible,11
1029,unfrankable,11
1030,unfraught,9
1031,unfree,6
1032,unfreeze,8
1033,unfrequency,11
1034,unfrequent,10
1035,unfrequented,12
1036,unfret,6
1037,unfriend,8
1038,unfriended,10
1039,unfriendly,10
1040,unfriendship,12
1041,unfrock,7
1042,unfruitful,10
1043,unfumed,7
1044,unfurl,6
1045,unfurnish,9
1046,unfusible,9
1047,ungain,6
1048,ungainliness,12
1049,ungainly,8
1050,ungear,6
1051,ungeld,6
1052,ungenerous,10
1053,ungenerously,12
1054,ungenitured,11
1055,ungentle,8
1056,unget,5
1057,ungifted,8
1058,ungird,6
1059,ungive,6
1060,ungka,5
1061,unglaze,7
1062,unglorify,9
1063,unglorious,10
1064,unglove,7
1065,unglue,6
1066,ungod,5
1067,ungodly,7
1068,ungored,7
1069,ungot,5
1070,ungotten,8
1071,ungovernable,12
1072,ungown,6
1073,ungowned,8
1074,ungraceful,10
1075,ungracious,10
1076,ungrate,7
1077,ungrateful,10
1078,ungrave,7
1079,ungual,6
1080,unguard,7
1081,ungueal,7
1082,unguent,7
1083,unguentary,10
1084,unguentous,10
1085,unguestlike,11
1086,unguical,8
1087,unguicular,10
1088,unguiculata,11
1089,unguiculate,11
1090,unguiculated,12
1091,unguiferous,11
1092,unguiform,9
1093,unguinous,9
1094,ungues,6
1095,unguis,6
1096,ungulae,7
1097,ungula,6
1098,ungular,7
1099,ungulata,8
1100,ungulate,8
1101,unguled,7
1102,unguligrade,11
1103,ungulous,8
1104,unhair,6
1105,unhallow,8
1106,unhallowed,10
1107,unhand,6
1108,unhandsome,10
1109,unhandy,7
1110,unhang,6
1111,unhap,5
1112,unhappied,9
1113,unhappy,7
1114,unharbor,8
1115,unharbored,10
1116,unharmonious,12
1117,unharness,9
1118,unhasp,6
1119,unhat,5
1120,unhead,6
1121,unheal,6
1122,unhealth,8
1123,unheard,7
1124,unheart,7
1125,unheedy,7
1126,unheired,8
1127,unhele,6
1128,unhelm,6
1129,unhelmed,8
1130,unhelmet,8
1131,unhide,6
1132,unhinge,7
1133,unhingement,11
1134,unhitch,7
1135,unhive,6
1136,unhoard,7
1137,unhold,6
1138,unholy,6
1139,unhonest,8
1140,unhood,6
1141,unhook,6
1142,unhoop,6
1143,unhoped,7
1144,unhorse,7
1145,unhosed,7
1146,unhospitable,12
1147,unhouse,7
1148,unhoused,8
1149,unhouseled,10
1150,unhuman,7
1151,unhumanize,10
1152,unhusked,8
1153,uniat,5
1154,uniate,6
1155,uniaxal,7
1156,uniaxial,8
1157,uniaxially,10
1158,unibranchiate,13
1159,unicameral,10
1160,unicapsular,11
1161,unicarinated,12
1162,unicelled,9
1163,unicellular,11
1164,unicentral,10
1165,unicity,7
1166,uniclinal,9
1167,unicolorous,11
1168,unicorn,7
1169,unicornous,10
1170,unicostate,10
1171,unicursal,9
1172,unideaed,8
1173,unideal,7
1174,unidimensional,14
1175,unifacial,9
1176,unific,6
1177,unification,11
1178,unifier,7
1179,unifilar,8
1180,uniflagellate,13
1181,uniflorous,10
1182,unifolliate,11
1183,unifollilate,12
1184,uniform,7
1185,uniformal,9
1186,uniformism,10
1187,uniformitarian,14
1188,uniformitarianism,17
1189,uniformity,10
1190,uniformly,9
1191,unifromness,11
1192,unified,7
1193,unifying,8
1194,unify,5
1195,unigeniture,11
1196,unigenous,9
1197,unijugate,9
1198,unilabiate,10
1199,unilateral,10
1200,uniliteral,10
1201,unilobar,8
1202,unilocular,10
1203,unimitable,10
1204,unimpairable,12
1205,unimpeachable,13
1206,unimplicate,11
1207,unimportance,12
1208,unimproved,10
1209,unimuscular,11
1210,unincumbered,12
1211,uninfringible,13
1212,unintelligence,14
1213,uninteressed,12
1214,uninterested,12
1215,unintermission,14
1216,uninucleated,12
1217,unio,4
1218,uniocular,9
1219,union,5
1220,unionism,8
1221,unionist,8
1222,unionistic,10
1223,uniovulate,10
1224,unipara,7
1225,uniparous,9
1226,uniped,6
1227,unipersonal,11
1228,unipersonalist,14
1229,uniphonous,10
1230,uniplicate,10
1231,unipolar,8
1232,unique,6
1233,uniquity,8
1234,uniradiated,11
1235,uniramous,9
1236,uniseptate,10
1237,uniserial,9
1238,uniseriate,10
1239,unisexual,9
1240,unisilicate,11
1241,unison,6
1242,unisonal,8
1243,unisonance,10
1244,unisonant,9
1245,unisonous,9
1246,unit,4
1247,unitable,8
1248,unitarian,9
1249,unitarianism,12
1250,unitarianized,13
1251,unitarianizing,14
1252,unitarianize,12
1253,unitary,7
1254,united,6
1255,uniting,7
1256,unite,5
1257,unitedly,8
1258,uniter,6
1259,uniterable,10
1260,unition,7
1261,unitive,7
1262,unitively,9
1263,unitized,8
1264,unitizing,9
1265,unitize,7
1266,unitude,7
1267,unities,7
1268,unity,5
1269,univalence,10
1270,univalent,9
1271,univalve,8
1272,univalved,9
1273,univalvia,9
1274,univalvular,11
1275,universal,9
1276,universalian,12
1277,universalism,12
1278,universalist,12
1279,universalistic,14
1280,universalties,13
1281,universality,12
1282,universalized,13
1283,universalizing,14
1284,universalize,12
1285,universally,11
1286,universalness,13
1287,universe,8
1288,universities,12
1289,university,10
1290,universological,15
1291,universologist,14
1292,universology,12
1293,univocacy,9
1294,univocal,8
1295,univocally,10
1296,univocation,11
1297,unjoin,6
1298,unjoint,7
1299,unjointed,9
1300,unjust,6
1301,unjustice,9
1302,unkard,6
1303,unke,4
1304,unked,5
1305,unkemmed,8
1306,unkempt,7
1307,unkennel,8
1308,unkent,6
1309,unketh,6
1310,unkind,6
1311,unkindliness,12
1312,unkindly,8
1313,unkindred,9
1314,unking,6
1315,unkingship,10
1316,unkiss,6
1317,unkle,5
1318,unknight,8
1319,unknit,6
1320,unknot,6
1321,unknow,6
1322,unknowledged,12
1323,unknown,7
1324,unlabored,9
1325,unlace,6
1326,unlade,6
1327,unlaid,6
1328,unland,6
1329,unlap,5
1330,unlash,6
1331,unlatched,9
1332,unlatching,10
1333,unlatch,7
1334,unlaugh,7
1335,unlaw,5
1336,unlawed,7
1337,unlawful,8
1338,unlawlike,9
1339,unlay,5
1340,unlearn,7
1341,unlearned,9
1342,unleash,7
1343,unleavened,10
1344,unless,6
1345,unlicked,8
1346,unlike,6
1347,unlikelihood,12
1348,unlikeliness,12
1349,unlikely,8
1350,unliken,7
1351,unlikeness,10
1352,unlimber,8
1353,unlimitable,11
1354,unlimited,9
1355,unline,6
1356,unlink,6
1357,unliquidated,12
1358,unliquored,10
1359,unlive,6
1360,unlived,7
1361,unload,6
1362,unloader,8
1363,unlocated,9
1364,unlock,6
1365,unlodge,7
1366,unlook,6
1367,unlooked,8
1368,unloose,7
1369,unloosen,8
1370,unlord,6
1371,unlorded,8
1372,unlove,6
1373,unlovely,8
1374,unluckily,9
1375,unluckiness,11
1376,unlucky,7
1377,unlust,6
1378,unlute,6
1379,unmade,6
1380,unmagistrate,12
1381,unmaiden,8
1382,unmake,6
1383,unman,5
1384,unmanacle,9
1385,unmanhood,9
1386,unmanned,8
1387,unmannerly,10
1388,unmantle,8
1389,unmarry,7
1390,unmartyr,8
1391,unmasculate,11
1392,unmask,6
1393,unmasterable,12
1394,unmaterial,10
1395,unmeaning,9
1396,unmeant,7
1397,unmeasurable,12
1398,unmechanize,11
1399,unmechanized,12
1400,unmeet,6
1401,unmember,8
1402,unmentionables,14
1403,unmerchantable,14
1404,unmercied,9
1405,unmerciful,10
1406,unmerciless,11
1407,unmew,5
1408,unmingle,8
1409,unmistakable,12
1410,unmiter,7
1411,unmitre,7
1412,unmold,6
1413,unmould,7
1414,unmoneyed,9
1415,unmonopolize,12
1416,unmoor,6
1417,unmoral,7
1418,unmoralized,11
1419,unmorrised,10
1420,unmortise,9
1421,unmothered,10
1422,unmovable,9
1423,unmovably,9
1424,unmoved,7
1425,unmuffle,8
1426,unmutable,9
1427,unmuzzle,8
1428,unnail,6
1429,unnapped,8
1430,unnatural,9
1431,unnaturalize,12
1432,unnature,8
1433,unnear,6
1434,unnesessary,11
1435,unnecessity,11
1436,unneighbored,12
1437,unneighborly,12
1438,unnervate,9
1439,unnerve,7
1440,unnest,6
1441,unnestle,8
1442,unnethe,7
1443,unnethes,8
1444,unnoble,7
1445,unnobly,7
1446,unhooked,8
1447,unnotify,8
1448,unnumbered,10
1449,unnumerable,11
1450,unnun,5
1451,unobedience,11
1452,unobedient,10
1453,unobservance,12
1454,unobtrusive,11
1455,unoffensive,11
1456,unoften,7
1457,unoil,5
1458,unoperative,11
1459,unoperculated,13
1460,unorder,7
1461,unorderly,9
1462,unordinate,10
1463,unorganized,11
1464,unoriginated,12
1465,unoriginately,13
1466,unossified,10
1467,unowed,6
1468,unowned,7
1469,unpack,6
1470,unpacker,8
1471,unpaganize,10
1472,unpaint,7
1473,unpaired,8
1474,unpalped,8
1475,unpannel,8
1476,unparadise,10
1477,unparagoned,11
1478,unparalleled,12
1479,unparched,9
1480,unparented,10
1481,unparliamentary,15
1482,unpartial,9
1483,unpassable,10
1484,unpassionate,12
1485,unpastor,8
1486,unpathed,8
1487,unpathwayed,11
1488,unpatience,10
1489,unpatient,9
1490,unpaved,7
1491,unpay,5
1492,unpeace,7
1493,unpedigreed,11
1494,unpeeled,8
1495,unpeerable,10
1496,unpeered,8
1497,unpeg,5
1498,unpen,5
1499,unpenetrable,12
1500,unpenitent,10
1501,unpeople,8
1502,unperegal,9
1503,unperfect,9
1504,unperfection,12
1505,unperishable,12
1506,unperishably,12
1507,unperplex,9
1508,unpersuasion,12
1509,unpervert,9
1510,unphilosophize,14
1511,unpick,6
1512,unpicked,8
1513,unpin,5
1514,unpinion,8
1515,unpitied,8
1516,unpitious,9
1517,unpitousty,10
1518,unpity,6
1519,unplacable,10
1520,unplaced,8
1521,unplaid,7
1522,unplained,9
1523,unplat,6
1524,unplausive,10
1525,unpleaded,9
1526,unpleasant,10
1527,unpleasantries,14
1528,unpleasantry,12
1529,unpleasive,10
1530,unpleat,7
1531,unplight,8
1532,unplumb,7
1533,unplume,7
1534,unpoised,8
1535,unpoison,8
1536,unpolicied,10
1537,unpolish,8
1538,unpolite,8
1539,unpolitic,9
1540,unpolled,8
1541,unpope,6
1542,unportunate,11
1543,unportuous,10
1544,unpossess,9
1545,unpossibility,13
1546,unpossible,10
1547,unpower,7
1548,unpowerful,10
1549,unpracticable,13
1550,unpractical,11
1551,unpraise,8
1552,unpray,6
1553,unprayable,10
1554,unprayed,8
1555,unpreach,8
1556,unprecedented,13
1557,unpredict,9
1558,unprejudiced,12
1559,unprelated,10
1560,unprevented,11
1561,unpriced,8
1562,unpriest,8
1563,unprince,8
1564,unprinciple,11
1565,unprincipled,12
1566,unprison,8
1567,unprizable,10
1568,unprobably,10
1569,unproficiency,13
1570,unprofit,8
1571,unprofited,10
1572,unpromise,9
1573,unprop,6
1574,unproper,8
1575,unproselyte,11
1576,unprotestantize,15
1577,unprovide,9
1578,unprovident,11
1579,unprudence,10
1580,unprudent,9
1581,unprudential,12
1582,unpucker,8
1583,unpure,6
1584,unpursed,8
1585,unqualify,9
1586,unqualitied,11
1587,unqueen,7
1588,unquestionable,14
1589,unquestioned,12
1590,unquick,7
1591,unquiet,7
1592,unquietude,10
1593,unravel,7
1594,unravelment,11
1595,unrazored,9
1596,unread,6
1597,unreadiness,11
1598,unready,7
1599,unreal,6
1600,unreality,9
1601,unrealize,9
1602,unreally,8
1603,unreason,8
1604,unreasonable,12
1605,unreasoned,10
1606,unreave,7
1607,unreaved,8
1608,unrebukable,11
1609,unrecuring,10
1610,unredeemed,10
1611,unreeve,7
1612,unreformation,13
1613,unregeneracy,12
1614,unregenerate,12
1615,unregenerated,13
1616,unregeneration,14
1617,unrein,6
1618,unrelenting,11
1619,unreliable,10
1620,unreligious,11
1621,unremembrance,13
1622,unremitting,11
1623,unremorseless,13
1624,unrepentance,12
1625,unreproachable,14
1626,unreprievable,13
1627,unreproved,10
1628,unreputable,11
1629,unreserve,9
1630,unreserved,10
1631,unresistance,12
1632,unresisted,10
1633,unresistible,12
1634,unrespect,9
1635,unresponsible,13
1636,unrest,6
1637,unrestraint,11
1638,unresty,7
1639,unrevenued,10
1640,unreverence,11
1641,unreverend,10
1642,unreverent,10
1643,unreverently,12
1644,unriddle,8
1645,unriddler,9
1646,unrig,5
1647,unright,7
1648,unrighteous,11
1649,unrightwise,11
1650,unringed,8
1651,unrioted,8
1652,unrip,5
1653,unripe,6
1654,unripeness,10
1655,unrivaled,9
1656,unrivet,7
1657,unrobe,6
1658,unroll,6
1659,unroof,6
1660,unroofed,8
1661,unroost,7
1662,unroot,6
1663,unrude,6
1664,unruffle,8
1665,unruffled,9
1666,unruinate,9
1667,unruinated,10
1668,unruled,7
1669,unruliment,10
1670,unruliness,10
1671,unruly,6
1672,unrumple,8
1673,unsacrament,11
1674,unsad,5
1675,unsadden,8
1676,unsaddle,8
1677,unsadness,9
1678,unsafety,8
1679,unsaint,7
1680,unsaintly,9
1681,unsalable,9
1682,unsanctification,16
1683,unsatiability,13
1684,unsatiable,10
1685,unsatiate,9
1686,unsatisfaction,14
1687,unsaturated,11
1688,unsaturation,12
1689,unsay,5
1690,unscale,7
1691,unscapable,10
1692,unsceptered,11
1693,unsceptred,10
1694,unscience,9
1695,unscrew,7
1696,unscrupulous,12
1697,unscrutable,11
1698,unsoutcheoned,13
1699,unseal,6
1700,unseam,6
1701,unsearchable,12
1702,unseason,8
1703,unseasonable,12
1704,unseasoned,10
1705,unseat,6
1706,unseconded,10
1707,unsecret,8
1708,unsecularize,12
1709,unsecure,8
1710,unseel,6
1711,unseem,6
1712,unseeming,9
1713,unseemliness,12
1714,unseemly,8
1715,unseen,6
1716,unseldom,8
1717,unsely,6
1718,unseminared,11
1719,unsensed,8
1720,unsensible,10
1721,unsensualize,12
1722,unseparable,11
1723,unservice,9
1724,unset,5
1725,unsettle,8
1726,unsettledness,13
1727,unsettlement,12
1728,unseven,7
1729,unsew,5
1730,unsexed,7
1731,unsexing,8
1732,unsex,5
1733,unsexual,8
1734,unshackle,9
1735,unshakable,10
1736,unshaked,8
1737,unshale,7
1738,unshape,7
1739,unshaped,8
1740,unshapen,8
1741,unsheathe,9
1742,unshed,6
1743,unshell,7
1744,unshelve,8
1745,unshent,7
1746,unsheriff,9
1747,unshet,6
1748,unshiftable,11
1749,unship,6
1750,unshipment,10
1751,unshot,6
1752,unshout,7
1753,unshroud,8
1754,unshrubbed,10
1755,unshut,6
1756,unshutter,9
1757,unsight,7
1758,unsightable,11
1759,unsighted,9
1760,unsignificant,13
1761,unsilly,7
1762,unsimplicity,12
1763,unsin,5
1764,unsincere,9
1765,unsincerity,11
1766,unsinew,7
1767,unsister,8
1768,unsisterly,10
1769,unsisting,9
1770,unsitting,9
1771,unskill,7
1772,unskillful,10
1773,unslacked,9
1774,unslaked,8
1775,unsling,7
1776,unsluice,8
1777,unsociability,13
1778,unsociable,10
1779,unsocket,8
1780,unsoft,6
1781,unsolder,8
1782,unsoldiered,11
1783,unsolemnize,11
1784,unsonable,9
1785,unsonsy,7
1786,unsoot,6
1787,unsophisticate,14
1788,unsophisticated,15
1789,unsorrowed,10
1790,unsorted,8
1791,unsoul,6
1792,unsound,7
1793,unspar,6
1794,unsparing,9
1795,unspeak,7
1796,unspeakable,11
1797,unspecialized,13
1798,unsped,6
1799,unspell,7
1800,unsphere,8
1801,unspike,7
1802,unspilt,7
1803,unspin,6
1804,unspirit,8
1805,unspiritalize,13
1806,unspleened,10
1807,unspotted,9
1808,unsquire,8
1809,unstable,8
1810,unstack,7
1811,unstarch,8
1812,unstate,7
1813,unsteel,7
1814,unstep,6
1815,unstick,7
1816,unstill,7
1817,unsting,7
1818,unstitch,8
1819,unstock,7
1820,unstockinged,12
1821,unstop,6
1822,unstrain,8
1823,unstrained,10
1824,unstratified,12
1825,unstrength,10
1826,unstriated,10
1827,unstring,8
1828,unstriped,9
1829,unstudied,9
1830,unsubstantial,13
1831,unsubstantialize,16
1832,unsubstantiation,16
1833,unsucceedable,13
1834,unsuccess,9
1835,unsuccessful,12
1836,unsufferable,12
1837,unsuffering,11
1838,unsufficience,13
1839,unsufficiency,13
1840,unsufficient,12
1841,unsuit,6
1842,unsupportable,13
1843,unsured,7
1844,unsurety,8
1845,unsurmountable,14
1846,unsuspicion,11
1847,unswaddle,9
1848,unswathe,8
1849,unswayable,10
1850,unswear,7
1851,unsweat,7
1852,unswell,7
1853,unsymmetrical,13
1854,unsymmetrically,15
1855,unsympathy,10
1856,untack,6
1857,untackle,8
1858,untalked,8
1859,untangibility,13
1860,untangible,10
1861,untangibly,10
1862,untangle,8
1863,untappice,9
1864,untaste,7
1865,unteach,7
1866,unteam,6
1867,untemper,8
1868,untemperate,11
1869,untemperately,13
1870,untempter,9
1871,untenant,8
1872,untent,6
1873,untented,8
1874,unthank,7
1875,unthink,7
1876,unthinker,9
1877,unthinking,10
1878,unthread,8
1879,untrift,7
1880,unthrift,8
1881,unthriftfully,13
1882,unthriftihead,13
1883,unthriftihood,13
1884,unthriftily,11
1885,unthriftiness,13
1886,unthrifty,9
1887,unthrone,8
1888,untidy,6
1889,untie,5
1890,untighten,9
1891,until,5
1892,untile,6
1893,untime,6
1894,untimeliness,12
1895,untimely,8
1896,untimeous,9
1897,untimeously,11
1898,untithed,8
1899,untitled,8
1900,unto,4
1901,untold,6
1902,untolerable,11
1903,untomb,6
1904,untongue,8
1905,untooth,7
1906,untoward,8
1907,untowardly,10
1908,untraded,8
1909,untrained,9
1910,untrammeled,11
1911,untraveled,10
1912,untread,7
1913,untreasure,10
1914,untreasured,11
1915,untreatable,11
1916,untrenched,10
1917,untressed,9
1918,untrowable,10
1919,untrue,6
1920,untruism,8
1921,untrunked,9
1922,untruss,7
1923,untrusser,9
1924,untrust,7
1925,untrustful,10
1926,untruth,7
1927,untruthful,10
1928,untuck,6
1929,untune,6
1930,unturn,6
1931,unturned,8
1932,untwain,7
1933,untwine,7
1934,untwirl,7
1935,untwist,7
1936,unty,4
1937,unusage,7
1938,unused,6
1939,unusual,7
1940,unusuality,10
1941,unutterable,11
1942,unvail,6
1943,unvaluable,10
1944,unvalued,8
1945,unvariable,10
1946,unveil,6
1947,unveiler,8
1948,unveracity,10
1949,unvessel,8
1950,unvicar,7
1951,unviolable,10
1952,unvisard,8
1953,unvisible,9
1954,unvisibly,9
1955,unvitiated,10
1956,unvoluntary,11
1957,unvote,6
1958,unvoweled,9
1959,unvulgarize,11
1960,unvulnerable,12
1961,unware,6
1962,unwares,7
1963,unwarily,8
1964,unwariness,10
1965,unwarm,6
1966,unwarp,6
1967,unwarped,8
1968,unwarrantable,13
1969,unwarranted,11
1970,unwary,6
1971,unwashed,8
1972,unwashen,8
1973,unwayed,7
1974,unwearied,9
1975,unweary,7
1976,unweave,7
1977,unwedgeable,11
1978,unweeting,9
1979,unweighed,9
1980,unweighing,10
1981,unweld,6
1982,unweldy,7
1983,unwell,6
1984,unwellness,10
1985,unwemmed,8
1986,unwhole,7
1987,unwieldy,8
1988,unwild,6
1989,unwill,6
1990,unwilled,8
1991,unwilling,9
1992,unwind,6
1993,unwisdom,8
1994,unwise,6
1995,unwisely,8
1996,unwish,6
1997,unwist,6
1998,unwit,5
1999,unwitch,7
2000,unwitting,9
2001,unwoman,7
2002,unwonder,8
2003,unwont,6
2004,unwonted,8
2005,unwork,6
2006,unworldly,9
2007,unwormed,8
2008,unworship,9
2009,unworth,7
2010,unworthy,8
2011,unwrap,6
2012,unwray,6
2013,unwreathe,9
2014,unwrie,6
2015,unwrinkle,9
2016,unwrite,7
2017,unwritten,9
2018,unwroken,8
2019,unyoke,6
2020,unyoked,7
2021,unyolden,8
2022,unzoned,7
2023,up,2
2024,upas,4
2025,upbar,5
2026,upbear,6
2027,upbind,6
2028,upblow,6
2029,upbraided,9
2030,upbraiding,10
2031,upbraid,7
2032,upbreak,7
2033,upbreathe,9
2034,upbreed,7
2035,upbrought,9
2036,upbuoyance,10
2037,upburst,7
2038,upcast,6
2039,upcaught,8
2040,upcheer,7
2041,upclimb,7
2042,upcoil,6
2043,upcountry,9
2044,upcurl,6
2045,updive,6
2046,updraw,6
2047,upend,5
2048,upeygan,7
2049,upfill,6
2050,upflow,6
2051,upflung,7
2052,upgather,8
2053,upgaze,6
2054,upgive,6
2055,upgrow,6
2056,upgrowth,8
2057,upgush,6
2058,uphaf,5
2059,uphand,6
2060,uphang,6
2061,uphasp,6
2062,upheaped,8
2063,upheaval,8
2064,upheave,7
2065,upheld,6
2066,upher,5
2067,uphill,6
2068,uphilt,6
2069,uphoard,7
2070,uphold,6
2071,upholder,8
2072,upholster,9
2073,upholsterer,11
2074,upholstery,10
2075,uphroe,6
2076,upland,6
2077,uplander,8
2078,uplandish,9
2079,uplay,5
2080,uplead,6
2081,uplean,6
2082,uplifting,9
2083,uplift,6
2084,uplock,6
2085,uplook,6
2086,upmost,6
2087,upokororo,9
2088,upon,4
2089,uppent,6
2090,upper,5
2091,uppermost,9
2092,uppertendom,11
2093,uppile,6
2094,uppish,6
2095,upplight,8
2096,uppluck,7
2097,uppricked,9
2098,upprop,6
2099,upraise,7
2100,uprear,6
2101,upridged,8
2102,upright,7
2103,uprighteously,13
2104,uprightly,9
2105,uprightness,11
2106,uprise,6
2107,uprising,8
2108,uprist,6
2109,uproar,6
2110,uproarious,10
2111,uproll,6
2112,uproot,6
2113,uprouse,7
2114,uprun,5
2115,uprush,6
2116,upsarokas,9
2117,upseek,6
2118,upsend,6
2119,upset,5
2120,upsetting,9
2121,upshoot,7
2122,upshot,6
2123,upside,6
2124,upsidown,8
2125,upsitting,9
2126,upskip,6
2127,upsnatch,8
2128,upsoar,6
2129,upsodown,8
2130,upspear,7
2131,upspring,8
2132,upspurner,9
2133,upstairs,8
2134,upstand,7
2135,upstare,7
2136,upstart,7
2137,upstay,6
2138,upsterte,8
2139,upstir,6
2140,upstream,8
2141,upstreet,8
2142,upstroke,8
2143,upsun,5
2144,upswarm,7
2145,upsway,6
2146,upswell,7
2147,upsyturvy,9
2148,uptake,6
2149,uptear,6
2150,upthrow,7
2151,upthunder,9
2152,uptie,5
2153,uptill,6
2154,uptown,6
2155,uptrace,7
2156,uptrain,7
2157,upturn,6
2158,upupa,5
2159,upwaft,6
2160,upward,6
2161,upwards,7
2162,upwhirl,7
2163,upwind,6
2164,upwreath,8
2165,upyat,5
2166,ur,2
2167,ure,3
2168,urachus,7
2169,uraemia,7
2170,uraemic,7
2171,uraeum,6
2172,ural,4
2173,urali,5
2174,uralian,7
2175,uralic,6
2176,uralite,7
2177,uralitization,13
2178,uramil,6
2179,uranate,7
2180,urania,6
2181,uranian,7
2182,uranic,6
2183,uranin,6
2184,uraninite,9
2185,uraniscoplasty,14
2186,uraniscoraphy,13
2187,uraniscorrhaphy,15
2188,uranite,7
2189,uranitic,8
2190,uranium,7
2191,uranographic,12
2192,uranographical,14
2193,uranographist,13
2194,uranography,11
2195,uranolite,9
2196,uranology,9
2197,uranometria,11
2198,uranometry,10
2199,uranoplasty,11
2200,uranoscopy,10
2201,uranous,7
2202,uranus,6
2203,uranyl,6
2204,urao,4
2205,urare,5
2206,urari,5
2207,urate,5
2208,uratic,6
2209,urban,5
2210,urbane,6
2211,urbaniste,9
2212,urbanity,8
2213,urbanize,8
2214,urbicolae,9
2215,urbicolous,10
2216,urceolar,8
2217,urcelate,8
2218,urceole,7
2219,urceoli,7
2220,urceolus,8
2221,urchin,6
2222,urchon,6
2223,urdu,4
2224,urea,4
2225,ureal,5
2226,ureameter,9
2227,urechitin,9
2228,urechitoxin,11
2229,uredo,5
2230,uredospore,10
2231,ureide,6
2232,ureter,6
2233,ureteritis,10
2234,urethane,8
2235,urethra,7
2236,urethral,8
2237,urethritis,10
2238,urethroplasty,13
2239,urethroscope,12
2240,urethroscopy,12
2241,urethrotome,11
2242,urethrotomy,11
2243,uretic,6
2244,urged,5
2245,urging,6
2246,urge,4
2247,urgence,7
2248,urgency,7
2249,urgent,6
2250,urgently,8
2251,urger,5
2252,uric,4
2253,urim,4
2254,urinal,6
2255,urinarium,9
2256,urinary,7
2257,urinate,7
2258,urination,9
2259,urinative,9
2260,urinator,8
2261,urine,5
2262,uriniferous,11
2263,uriniparous,11
2264,urinogenital,12
2265,urinometer,10
2266,urinometry,10
2267,urinose,7
2268,urinous,7
2269,urite,5
2270,urith,5
2271,urn,3
2272,urnal,5
2273,urnfuls,7
2274,urnful,6
2275,urobilin,8
2276,urocele,7
2277,urocerata,9
2278,urochord,8
2279,urochorda,9
2280,urochordal,10
2281,urochrome,9
2282,urochs,6
2283,urocord,7
2284,urocyst,7
2285,urodela,7
2286,urodele,7
2287,urodelian,9
2288,uroerythrin,11
2289,urogastric,10
2290,urogenital,10
2291,uroglaucin,10
2292,urohaematin,11
2293,urohyal,7
2294,urology,7
2295,uromere,7
2296,uronology,9
2297,uropod,6
2298,uropodal,8
2299,uropoetic,9
2300,uropygial,9
2301,uropygium,9
2302,urosacral,9
2303,uroscopy,8
2304,urosome,7
2305,urostege,8
2306,urostea,7
2307,urosteons,9
2308,urosteon,8
2309,urosternite,11
2310,urostyle,8
2311,urox,4
2312,uroxanate,9
2313,uroxanic,8
2314,uroxanthin,10
2315,urrhodin,8
2316,urry,4
2317,ursa,4
2318,ursal,5
2319,ursiform,8
2320,ursine,6
2321,urson,5
2322,ursuk,5
2323,ursula,6
2324,ursuline,8
2325,ursus,5
2326,urtica,6
2327,urticaceous,11
2328,urtical,7
2329,urticaria,9
2330,urticated,9
2331,urticating,10
2332,urticate,8
2333,urtication,10
2334,urubu,5
2335,urus,4
2336,urva,4
2337,us,2
2338,usable,6
2339,usage,5
2340,usager,6
2341,usance,6
2342,usant,5
2343,usbegs,6
2344,usbeks,6
2345,use,3
2346,used,4
2347,using,5
2348,useful,6
2349,usefully,8
2350,usefulness,10
2351,useless,7
2352,user,4
2353,usher,5
2354,ushered,7
2355,ushering,8
2356,usherance,9
2357,usherdom,8
2358,usherless,9
2359,ushership,9
2360,usitative,9
2361,usnea,5
2362,usnic,5
2363,usquebaugh,10
2364,usself,6
2365,ustion,6
2366,ustorious,9
2367,ustulate,8
2368,ustulation,10
2369,usual,5
2370,usucaption,10
2371,usufruct,8
2372,usufructuary,12
2373,usurarious,10
2374,usurary,7
2375,usured,6
2376,usuring,7
2377,usure,5
2378,usurer,6
2379,usurious,8
2380,usurped,7
2381,usurping,8
2382,usurp,5
2383,usurpant,8
2384,usurpation,10
2385,usurpatory,10
2386,usurpature,10
2387,usurper,7
2388,usurpingly,10
2389,usury,5
2390,ut,2
2391,utas,4
2392,utensil,7
2393,uterine,7
2394,uterogestation,14
2395,uterovaginal,12
2396,uterus,6
2397,utes,4
2398,utia,4
2399,utica,5
2400,utile,5
2401,utilitarian,11
2402,utilitarianism,14
2403,utility,7
2404,utilizable,10
2405,utilization,11
2406,utilized,8
2407,utilizing,9
2408,utilize,7
2409,utis,4
2410,utlary,6
2411,utmost,6
2412,utopia,6
2413,utopian,7
2414,utopianism,10
2415,utopianist,10
2416,utopical,8
2417,utopist,7
2418,utraquist,9
2419,utricle,7
2420,utricular,9
2421,utricularia,11
2422,utriculate,10
2423,utriculoid,10
2424,utriculus,9
2425,utro,4
2426,utter,5
2427,uttered,7
2428,uttering,8
2429,utterable,9
2430,utterance,9
2431,utterer,7
2432,utterest,8
2433,utterless,9
2434,utterly,7
2435,uttermore,9
2436,uttermost,9
2437,utterness,9
2438,uva,3
2439,uvate,5
2440,uvea,4
2441,uveous,6
2442,uvic,4
2443,uvitic,6
2444,uvitonic,8
2445,uvrou,5
2446,uvula,5
2447,uvular,6
2448,uvulatome,9
2449,uvulatomy,9
2450,uwarowite,9
2451,uxorial,7
2452,uxoricidal,10
2453,uxoricide,9
2454,uxorious,8
2455,uzema,5
