,V
0,vaagmer
1,vacancies
2,vacancy
3,vacant
4,vacantly
5,vacated
6,vacating
7,vacate
8,vacation
9,vaccary
10,vaccina
11,vaccinal
12,vaccinated
13,vaccinating
14,vaccinate
15,vaccination
16,vaccinator
17,vaccine
18,vaccinia
19,vaccinist
20,vaccinium
21,vacher
22,vachery
23,vacillancy
24,vacillant
25,vacillated
26,vacillating
27,vacillate
28,vacillation
29,vacillatory
30,vacuate
31,vacuation
32,vacuist
33,vacuity
34,vacuna
35,vacuolated
36,vacuolation
37,vacuole
38,vacuous
39,vacuousness
40,vacuums
41,vacua
42,vacuum
43,vadantes
44,vade
45,vadimony
46,vadium
47,vae
48,vafrous
49,vagabond
50,vagabondage
51,vagabondism
52,vagabondize
53,vagabondry
54,vagal
55,vagancy
56,vagantes
57,vagarious
58,vagaries
59,vagary
60,vagient
61,vaginae
62,vagina
63,vaginal
64,vaginant
65,vaginate
66,vaginated
67,vaginati
68,vaginervose
69,vaginicola
70,vaginismus
71,vaginitis
72,vaginopennous
73,vaginula
74,vaginule
75,vagissate
76,vagous
77,vagrancy
78,vagrant
79,vagrantly
80,vagrantness
81,vague
82,vaguely
83,vagueness
84,vagus
85,vail
86,vailer
87,vaimure
88,vain
89,vainglorious
90,vainglory
91,vainly
92,vainness
93,vair
94,vairy
95,vaishnava
96,vaishnavism
97,vaisya
98,vaivode
99,vakeel
100,valance
101,valanced
102,valancing
103,vale
104,valediction
105,valedictorian
106,valedictory
107,valedictories
108,valence
109,valencia
110,valencies
111,valency
112,valentia
113,valentine
114,valentinian
115,valeramide
116,valerate
117,valerian
118,valerianaceous
119,valerianate
120,valerianic
121,valeric
122,valeridine
123,valerin
124,valeritrine
125,valerone
126,valeryl
127,valerylene
128,valet
129,valetudinarian
130,valetudinarianism
131,valetudinary
132,valetudinous
133,valhalla
134,valiance
135,valiancy
136,valiant
137,valid
138,validate
139,validation
140,validity
141,validly
142,validness
143,valinch
144,valise
145,valkyria
146,valkyrian
147,vallancy
148,vallar
149,vallary
150,vallation
151,vallatory
152,valleculae
153,vallecula
154,valleys
155,valley
156,valla
157,vallums
158,vallum
159,valonia
160,valor
161,valorous
162,valsalvian
163,valuable
164,valuableness
165,valuably
166,valuation
167,valuator
168,value
169,valued
170,valuing
171,valueless
172,valuer
173,valure
174,valvasor
175,valvata
176,valvate
177,valve
178,valved
179,valvelet
180,valvulae
181,valvula
182,valvular
183,valvule
184,valylene
185,vambrace
186,vamose
187,vamp
188,vamped
189,vamping
190,vamper
191,vampire
192,vampirism
193,vamplate
194,vamure
195,van
196,vanadate
197,vanadic
198,vanadinite
199,vanadious
200,vanadite
201,vanadium
202,vanadous
203,vanadyl
204,vandal
205,vandalic
206,vandalism
207,vandyke
208,vane
209,vanessa
210,vanessian
211,vanfess
212,vang
213,vanglo
214,vanguard
215,vanilla
216,vanillate
217,vanillic
218,vanillin
219,vanilloes
220,vanillyl
221,vaniloquence
222,vanished
223,vanishing
224,vanish
225,vanishment
226,vanities
227,vanity
228,vanjas
229,vanner
230,vanning
231,vanquished
232,vanquishing
233,vanquish
234,vanquishable
235,vanquisher
236,vanquishment
237,vansire
238,vant
239,vantage
240,vantbrace
241,vantbrass
242,vanward
243,vap
244,vapid
245,vapidity
246,vapor
247,vapored
248,vaporing
249,vaporability
250,vaporable
251,vaporate
252,vaporation
253,vaporer
254,vaporiferous
255,vaporific
256,vaporiform
257,vaporimeter
258,vaporish
259,vaporizable
260,vaporization
261,vaporized
262,vaporizing
263,vaporize
264,vaporizer
265,vaporose
266,vaporous
267,vaporousness
268,vapory
269,vapulation
270,vaquero
271,vara
272,varan
273,varangian
274,varanus
275,vare
276,varec
277,vari
278,variability
279,variable
280,variableness
281,variably
282,variance
283,variant
284,variate
285,variation
286,varicella
287,varices
288,variciform
289,varicocele
290,varicose
291,varicosity
292,varicous
293,varied
294,variegated
295,variegating
296,variegate
297,variegation
298,varier
299,varietal
300,varietas
301,varieties
302,variety
303,variform
304,variformed
305,varify
306,variola
307,variolar
308,variolation
309,variolic
310,variolite
311,variolitic
312,varioloid
313,variolous
314,variorum
315,various
316,variously
317,variscite
318,varisse
319,varix
320,vark
321,varlet
322,varletry
323,varnish
324,varnished
325,varnishing
326,varnisher
327,vartabed
328,varuna
329,varvel
330,varveled
331,varying
332,vary
333,vasa
334,vas
335,vascular
336,vascularities
337,vascularity
338,vasculose
339,vascula
340,vasculum
341,vase
342,vaseline
343,vasiform
344,vasoconstrictor
345,vasodentine
346,vasodilator
347,vasoformative
348,vasomotor
349,vassal
350,vassalage
351,vassaless
352,vassalry
353,vast
354,vastation
355,vastel
356,vastidity
357,vastitude
358,vastity
359,vastly
360,vastness
361,vasty
362,vasum
363,vat
364,vatted
365,vatting
366,vatfuls
367,vatful
368,vatical
369,vatican
370,vaticanism
371,vaticanist
372,vaticide
373,vaticinal
374,vaticinate
375,vaticination
376,vaticinator
377,vaticine
378,vaudeville
379,vaudois
380,vaudoux
381,vault
382,vaulted
383,vaulting
384,vaultage
385,vaulter
386,vaulty
387,vaunce
388,vaunted
389,vaunting
390,vaunt
391,vaunter
392,vauntful
393,vauntingly
394,vauntmure
395,vauquelinite
396,vaut
397,vauty
398,vavasor
399,vavasory
400,vaward
401,veadar
402,veal
403,vection
404,vectitation
405,vector
406,vecture
407,veda
408,vedanta
409,vedantic
410,vedantist
411,vedette
412,vedro
413,veered
414,veering
415,veer
416,veery
417,vega
418,vegetability
419,vegetable
420,vegetal
421,vegetality
422,vegetarian
423,vegetarianism
424,vegetated
425,vegetating
426,vegetate
427,vegetation
428,vegetative
429,vegete
430,vegetive
431,vegetous
432,vehemence
433,vehemency
434,vehement
435,vehemently
436,vehicle
437,vehicled
438,vehicular
439,vehiculary
440,vehiculate
441,vehiculation
442,vehiculatory
443,vehmic
444,veil
445,veiled
446,veiling
447,veilless
448,vein
449,veined
450,veining
451,veinal
452,veinless
453,veinlet
454,veinous
455,veinstone
456,veiny
457,velar
458,velaria
459,velarium
460,velate
461,vele
462,velella
463,veliferous
464,veliger
465,velitation
466,velivolant
467,vell
468,velleity
469,vellet
470,vellicated
471,vellicating
472,vellicate
473,vellication
474,vellicative
475,vellon
476,vellum
477,vellumy
478,velocimeter
479,velocipede
480,velecipedist
481,velocities
482,velocity
483,velours
484,veltfare
485,vela
486,velum
487,velure
488,velutina
489,velutinous
490,velverd
491,velveret
492,velvet
493,velvetbreast
494,velveteen
495,velveting
496,velvetleaf
497,velvety
498,venae
499,vena
500,venada
501,venal
502,venality
503,venally
504,venantes
505,venary
506,venatic
507,venatical
508,venatica
509,venation
510,venatorial
511,vended
512,vending
513,vend
514,vendace
515,vendee
516,vendemiaire
517,vender
518,vendetta
519,vendibility
520,vendible
521,venditate
522,venditation
523,vendition
524,vendor
525,vends
526,vendue
527,veneered
528,veneering
529,veneer
530,venefical
531,venefice
532,veneficial
533,veneficious
534,venemous
535,venenate
536,vennation
537,venene
538,venenose
539,venerability
540,venerable
541,veneracea
542,venerated
543,venerating
544,venerate
545,veneration
546,venerator
547,venereal
548,venerean
549,venereous
550,venerous
551,venery
552,venesection
553,venetian
554,venew
555,veney
556,venge
557,vengeable
558,vengeance
559,vengeancely
560,vengeful
561,vengement
562,venger
563,veniable
564,venial
565,veniality
566,venison
567,venite
568,venom
569,venomous
570,venose
571,venosity
572,venous
573,vent
574,vented
575,venting
576,ventage
577,ventail
578,venter
579,venthole
580,ventiduct
581,ventilated
582,ventilating
583,ventilate
584,ventilation
585,ventilative
586,ventilator
587,ventose
588,ventosity
589,ventouse
590,ventrad
591,ventral
592,ventricle
593,ventricose
594,ventricous
595,ventricular
596,ventriculite
597,ventriculous
598,ventriculi
599,ventriculus
600,ventrilocution
601,ventriloquial
602,ventriloquism
603,ventriloquist
604,ventriloquized
605,ventriloquizing
606,ventriloquize
607,ventriloquous
608,ventriloquy
609,ventrimeson
610,venture
611,ventured
612,venturing
613,venturer
614,venturesome
615,venturine
616,venturous
617,ventuse
618,venue
619,venule
620,venulose
621,venus
622,venust
623,veracious
624,veraciously
625,veracity
626,veranda
627,veratralbine
628,veratrate
629,veratria
630,veratric
631,veratrina
632,veratrine
633,veratrol
634,veratrum
635,verb
636,verbal
637,verbalism
638,verbalist
639,verbality
640,verbalization
641,verbalized
642,verbalizing
643,verbalize
644,verbally
645,verbarian
646,verbarium
647,verbatim
648,verbena
649,verbenaceous
650,verbenated
651,verbenating
652,verbenate
653,verberate
654,verberation
655,verbiage
656,verify
657,verbose
658,verbosities
659,verbosity
660,verd
661,verdancy
662,verdant
663,verdantly
664,verderer
665,verderor
666,verdict
667,verdigris
668,verdin
669,verdine
670,verdingale
671,verdit
672,verditer
673,verditure
674,verdoy
675,verdure
676,verdured
677,verdureless
678,verdurous
679,verecund
680,verecundious
681,verecundity
682,veretillum
683,vergalien
684,vergaloo
685,verge
686,verged
687,verging
688,vergeboard
689,vergency
690,verger
691,vergette
692,veridical
693,verifiable
694,verfication
695,verificative
696,verifier
697,verified
698,verifying
699,veriloquent
700,verily
701,verine
702,verisimilar
703,verisimilitude
704,verisimility
705,versimilous
706,veritable
707,veritas
708,verities
709,verity
710,verjuice
711,vermeil
712,vermeologist
713,vermeology
714,vermes
715,vermetid
716,vermetus
717,vermicelli
718,vermicide
719,vermicious
720,vermicular
721,vermiculated
722,vermiculating
723,vermiculate
724,vermiculation
725,vermicule
726,vermiculite
727,vermiculose
728,vermiculous
729,vermiform
730,vermiformia
731,vermifugal
732,vermifuge
733,vermil
734,vermilinguia
735,vermilion
736,vermily
737,vermin
738,verminate
739,vermination
740,verminly
741,verminous
742,verminously
743,vermiparous
744,vermivorous
745,vermuth
746,vernacle
747,vernacular
748,vernacularism
749,vernacularization
750,vernacularly
751,vernaculous
752,vernage
753,vernal
754,vernant
755,vernate
756,vernation
757,vernicle
758,vernicose
759,vernier
760,vernile
761,vernility
762,vernine
763,vernish
764,vernonin
765,veronese
766,veronica
767,verray
768,verrayment
769,verrel
770,verriculate
771,verruciform
772,verrucose
773,verrucous
774,verruculose
775,vers
776,versability
777,versable
778,versableness
779,versal
780,versant
781,versatile
782,versatility
783,verse
784,versed
785,versing
786,verseman
787,versemonger
788,verser
789,verset
790,versicle
791,versicolor
792,versicolored
793,versicular
794,versification
795,versificator
796,versifier
797,versified
798,versifying
799,versify
800,version
801,versionist
802,verso
803,versor
804,verst
805,versual
806,versus
807,versute
808,vert
809,verteber
810,vertebrae
811,vertebra
812,vertebral
813,vertebrally
814,vertebrarterial
815,vertebrata
816,vertebrate
817,vertebrated
818,vertebre
819,vertexes
820,vertices
821,vertex
822,vertical
823,verticality
824,vertically
825,verticalness
826,verticil
827,verticillaster
828,verticillate
829,verticillated
830,verticillus
831,verticity
832,verticle
833,vertiginate
834,vertiginous
835,vertigoes
836,vertigines
837,vertigo
838,vertilinear
839,vertu
840,vertuous
841,verumontanum
842,vervain
843,verve
844,vervel
845,vervet
846,very
847,vesbium
848,vese
849,vesica
850,vesical
851,vesicant
852,vesicated
853,vesicating
854,vesicate
855,vesication
856,vesicatory
857,vesicle
858,vesicoprostatic
859,vesicouterine
860,vesicovaginal
861,vesiculae
862,vesicula
863,vesicular
864,vesicularia
865,vesiculata
866,vesiculate
867,vesiculation
868,vesiculose
869,vesiculous
870,vespa
871,vesper
872,vesperal
873,vespers
874,vespertilio
875,vespertiliones
876,vespertilionine
877,vespertinal
878,vespertine
879,vespiary
880,vespilloes
881,vespillo
882,vessel
883,vesselfuls
884,vesselful
885,vesses
886,vessets
887,vessicnon
888,vessignon
889,vest
890,vested
891,vesting
892,vesta
893,vestal
894,vestales
895,vestiarian
896,vestiary
897,vestibular
898,vestibule
899,vestibula
900,vestibulum
901,vestigate
902,vestige
903,vestigial
904,vestiture
905,vestlet
906,vestment
907,vestries
908,vestry
909,vestrymen
910,vestryman
911,vesture
912,vestured
913,vesuvian
914,vesuvianite
915,vesuvine
916,vetch
917,vetchling
918,vetchy
919,veteran
920,veteranize
921,veterinarian
922,veterinary
923,vetiver
924,vetoes
925,veto
926,vetoed
927,vetoing
928,vetoist
929,vetture
930,vettura
931,vetturini
932,vetturino
933,vetust
934,vexed
935,vexing
936,vex
937,vexation
938,vexatious
939,vexer
940,vexil
941,vexillar
942,vexillary
943,vexillation
944,vexilla
945,vexillum
946,vexingly
947,via
948,viability
949,viable
950,viaduct
951,viage
952,vial
953,vialed
954,vialled
955,vialing
956,vialling
957,viameter
958,viand
959,viander
960,viary
961,viatecture
962,viatic
963,viaticum
964,viatometer
965,vibices
966,vibracula
967,vibraculum
968,vibrancy
969,vibrant
970,vibrate
971,vibrating
972,vibratile
973,vibratility
974,vibration
975,vibratiuncle
976,vibrative
977,vibratory
978,vibrios
979,vibriones
980,vibrio
981,vibrissae
982,vibrissa
983,vibroscope
984,viburnum
985,vicar
986,vicarage
987,vicarial
988,vicarian
989,vicariate
990,vicarious
991,vicariously
992,vicarship
993,vicary
994,vice
995,viced
996,vicing
997,vicegerency
998,vicegerent
999,vicemen
1000,viceman
1001,vicenary
1002,vicennial
1003,viceroy
1004,viceroyalty
1005,viceroyship
1006,vicety
1007,viciate
1008,viinage
1009,vicinal
1010,vicine
1011,vicinity
1012,viciosity
1013,vicious
1014,vicissitude
1015,vicissitudinary
1016,vicissitudinous
1017,vicontiel
1018,vicontiels
1019,vicount
1020,victim
1021,victimate
1022,victimized
1023,victimizing
1024,victimize
1025,victor
1026,victoress
1027,victoria
1028,victorian
1029,victorine
1030,victorious
1031,victories
1032,victory
1033,victress
1034,victrice
1035,victrix
1036,victual
1037,victualed
1038,victualled
1039,victualing
1040,victualling
1041,victualage
1042,victualer
1043,victuals
1044,victus
1045,vicuï¿½a
1046,vicugna
1047,vidame
1048,vide
1049,videlicet
1050,vidette
1051,vidonia
1052,viduage
1053,vidual
1054,viduation
1055,viduity
1056,vied
1057,vying
1058,vie
1059,vielle
1060,viennese
1061,view
1062,viewed
1063,viewing
1064,viewer
1065,viewiness
1066,viewless
1067,viewly
1068,viewsome
1069,viewy
1070,vifda
1071,vigesimal
1072,vigesimation
1073,vigil
1074,vigilance
1075,vigilancy
1076,vigilant
1077,vigilantly
1078,vigily
1079,vigintivirate
1080,vignette
1081,vigonia
1082,vigor
1083,vigorite
1084,vigoroso
1085,vigorous
1086,viking
1087,vilany
1088,vilayet
1089,vild
1090,vile
1091,viled
1092,vileyns
1093,vilification
1094,vilifier
1095,vilified
1096,vilifying
1097,vilify
1098,vilipend
1099,vilipendency
1100,vility
1101,vill
1102,villas
1103,villa
1104,village
1105,villager
1106,villagery
1107,villain
1108,villainous
1109,villainies
1110,villainy
1111,villakin
1112,villan
1113,villanage
1114,villanel
1115,villanelle
1116,villanella
1117,villanette
1118,villanized
1119,villanizing
1120,villanize
1121,villanizer
1122,villanous
1123,villanously
1124,villanousness
1125,villany
1126,villatic
1127,villein
1128,villenage
1129,villenous
1130,villi
1131,villiform
1132,villose
1133,villosity
1134,villous
1135,villus
1136,vim
1137,vimen
1138,viminal
1139,vimineous
1140,vinaceous
1141,vinaigrette
1142,vinagrous
1143,vinasse
1144,vinatico
1145,vincentian
1146,vincetoxin
1147,vincibility
1148,vincible
1149,vincibleness
1150,vincture
1151,vincula
1152,vinculums
1153,vinculum
1154,vindemial
1155,vindemiate
1156,vindemiation
1157,vindicable
1158,vindicated
1159,vindicating
1160,vindicate
1161,vindication
1162,vindicative
1163,vindicator
1164,vindicatory
1165,vindictive
1166,vine
1167,vineal
1168,vined
1169,vinedresser
1170,vinegar
1171,vinegarette
1172,vinegary
1173,viner
1174,vinery
1175,vinette
1176,vinewed
1177,vineyard
1178,vineyardist
1179,vingtun
1180,vinic
1181,viniculture
1182,vinnewed
1183,vinny
1184,vinolency
1185,vinolent
1186,vinometer
1187,vinose
1188,vinosity
1189,vinous
1190,vinquish
1191,vintage
1192,vintager
1193,vintaging
1194,vintner
1195,vintry
1196,viny
1197,vinyl
1198,viol
1199,viola
1200,violable
1201,violaceous
1202,violaniline
1203,violantin
1204,violaquercitrin
1205,violascent
1206,violates
1207,violating
1208,violate
1209,violation
1210,violative
1211,violator
1212,viole
1213,violence
1214,violent
1215,violently
1216,violescent
1217,violet
1218,violin
1219,violine
1220,violinist
1221,violist
1222,violoncellist
1223,violoncello
1224,violone
1225,violous
1226,violuric
1227,viper
1228,viperina
1229,viperine
1230,viperish
1231,viperoidea
1232,viperoides
1233,viperous
1234,viraginian
1235,viraginity
1236,viragoes
1237,virago
1238,vire
1239,virelay
1240,virent
1241,vireo
1242,virescence
1243,virescent
1244,vireton
1245,virgalieu
1246,virgate
1247,virgated
1248,virge
1249,virger
1250,virgilian
1251,virgin
1252,virginal
1253,virginhood
1254,virginia
1255,virginity
1256,virgo
1257,virgouleuse
1258,virgularian
1259,virgulate
1260,virgule
1261,virial
1262,virid
1263,viridescence
1264,viridescent
1265,viridine
1266,viridite
1267,viridity
1268,viridness
1269,virile
1270,virility
1271,viripotent
1272,virmilion
1273,virole
1274,viroled
1275,virose
1276,virtu
1277,virtual
1278,virtuality
1279,virtually
1280,virtuate
1281,virtue
1282,virtueless
1283,virtuosity
1284,virtuosos
1285,virtuosi
1286,virtuoso
1287,virtuosoship
1288,virtuous
1289,virulence
1290,virulency
1291,virulent
1292,virulented
1293,virulently
1294,virus
1295,vis
1296,visa
1297,visaed
1298,visaing
1299,visage
1300,visaged
1301,visard
1302,viscacha
1303,viscera
1304,visceral
1305,viscerated
1306,viscerating
1307,viscerate
1308,visceroskeletal
1309,viscid
1310,viscidity
1311,viscin
1312,viscoidal
1313,viscosimeter
1314,viscosity
1315,viscount
1316,viscountcy
1317,viscountess
1318,viscountship
1319,viscounty
1320,viscous
1321,viscum
1322,viscus
1323,vise
1324,viseed
1325,viseing
1326,vishnu
1327,visibility
1328,visible
1329,visigoth
1330,vision
1331,visioned
1332,visioning
1333,visional
1334,visionariness
1335,visionary
1336,visionaries
1337,visionist
1338,visionless
1339,visited
1340,visiting
1341,visit
1342,visitable
1343,visitant
1344,visitation
1345,visitatorial
1346,visite
1347,visiter
1348,visitor
1349,visitorial
1350,visive
1351,visne
1352,visnomy
1353,vison
1354,visor
1355,visored
1356,vistas
1357,vista
1358,visto
1359,visual
1360,visualize
1361,vitaille
1362,vital
1363,vitalic
1364,vitalism
1365,vitalist
1366,vitalistic
1367,vitality
1368,vitalization
1369,vitalized
1370,vitalizing
1371,vitalize
1372,vitally
1373,vitals
1374,vitellary
1375,vitelligenous
1376,vitellin
1377,vitelline
1378,vitellogene
1379,vitellus
1380,vitiated
1381,vitiating
1382,vitiate
1383,vitiation
1384,viticulose
1385,viticultural
1386,viticulture
1387,viticulturist
1388,vitiligo
1389,vitilitigate
1390,vitilitigation
1391,vitiosity
1392,vitious
1393,vitiously
1394,vitiousness
1395,vitis
1396,vitoe
1397,vitrella
1398,vitreous
1399,vitreousness
1400,vitrescence
1401,vitrescent
1402,vitrescible
1403,vitric
1404,vitrifaction
1405,vitrifacture
1406,vitrifiable
1407,vitrificable
1408,vitrificate
1409,vitrification
1410,vitrified
1411,vitriform
1412,vitrifying
1413,vitrify
1414,vitrina
1415,vitriol
1416,vitriolated
1417,vitriolating
1418,vitriolate
1419,vitriolation
1420,vitriolic
1421,vitriolizable
1422,vitriolization
1423,vitriolize
1424,vitriolous
1425,vitrite
1426,vitruvian
1427,vittae
1428,vitta
1429,vittate
1430,vituline
1431,vituperable
1432,vituperate
1433,vituperation
1434,vituperative
1435,vituperator
1436,vituperrious
1437,vivace
1438,vivacious
1439,vivacity
1440,vivandiere
1441,vivariums
1442,vivaria
1443,vivarium
1444,vivaries
1445,vivary
1446,vivda
1447,vive
1448,vively
1449,vivency
1450,viverra
1451,viverrine
1452,vivers
1453,vives
1454,vivianite
1455,vivid
1456,vividity
1457,vivific
1458,vivifical
1459,vivificate
1460,vivification
1461,vivificative
1462,vivified
1463,vivifying
1464,vivify
1465,vivipara
1466,viviparity
1467,viviparous
1468,viviparously
1469,viviparousness
1470,vivisect
1471,vivisection
1472,vivisectional
1473,vivisectionist
1474,vivisector
1475,vixen
1476,vixenish
1477,vixenly
1478,viz
1479,vizard
1480,vizarded
1481,vizcacha
1482,vizier
1483,vizierate
1484,vizierial
1485,vizir
1486,vizor
1487,vlissmaki
1488,vocable
1489,vocabularies
1490,vocabulary
1491,vocabulist
1492,vocal
1493,vocalic
1494,vocalism
1495,vocalist
1496,vocality
1497,vocalization
1498,vocalized
1499,vocalizing
1500,vocalize
1501,vocally
1502,vocalness
1503,vocation
1504,vocative
1505,vociferance
1506,vociferant
1507,vociferate
1508,vociferated
1509,vociferating
1510,vociferation
1511,vociferator
1512,vociferous
1513,vocule
1514,vodanium
1515,vodka
1516,voe
1517,vogle
1518,vogue
1519,voice
1520,voiced
1521,voicing
1522,voiceful
1523,voiceless
1524,void
1525,voided
1526,voiding
1527,voidable
1528,voidance
1529,voider
1530,voidness
1531,voiture
1532,voivode
1533,volacious
1534,volador
1535,volage
1536,volant
1537,volante
1538,volapuk
1539,volapukist
1540,volar
1541,volary
1542,volatile
1543,volatileness
1544,volatility
1545,volatilizable
1546,volatilization
1547,volatilized
1548,volatilizing
1549,volatilize
1550,volator
1551,volborthite
1552,volcanian
1553,volcanic
1554,volcanically
1555,volcanicity
1556,volcanism
1557,volcanist
1558,volcanity
1559,volcanization
1560,volcanized
1561,volcanizing
1562,volcanize
1563,volcanoes
1564,volcano
1565,vole
1566,volery
1567,volge
1568,volitable
1569,volitation
1570,volitient
1571,volition
1572,volitional
1573,volitive
1574,volkslieder
1575,volkslied
1576,volleys
1577,volley
1578,volleyed
1579,volleying
1580,volow
1581,volt
1582,volte
1583,volta
1584,voltage
1585,voltagraphy
1586,voltaic
1587,voltairean
1588,voltairism
1589,voltaism
1590,voltameter
1591,voltaplast
1592,voltatype
1593,volti
1594,voltigeur
1595,voltmeter
1596,voltzite
1597,volubilate
1598,volubile
1599,volubility
1600,voluble
1601,volume
1602,volumed
1603,volumenometer
1604,volumenometry
1605,volumescope
1606,volumeter
1607,volumetric
1608,volumetrical
1609,voluminous
1610,volumist
1611,voluntarily
1612,voluntariness
1613,voluntary
1614,voluntaries
1615,voluntaryism
1616,volunteer
1617,volunteered
1618,volunteering
1619,volupere
1620,voluptuaries
1621,voluptuary
1622,voluptuous
1623,volupty
1624,volutas
1625,volutae
1626,voluta
1627,volutation
1628,volute
1629,voluted
1630,volution
1631,volva
1632,volvox
1633,volvulus
1634,volyer
1635,vomer
1636,vomerine
1637,vomica
1638,vomicine
1639,vomited
1640,vomiting
1641,vomit
1642,vomition
1643,vomitive
1644,vomito
1645,vomitory
1646,vomitories
1647,vomiturition
1648,vondsira
1649,voodoo
1650,voodooism
1651,voracious
1652,voracity
1653,voraginous
1654,vortexes
1655,vortices
1656,vortex
1657,vortical
1658,vorticel
1659,vorticellas
1660,vorticellae
1661,vorticella
1662,vorticose
1663,vortiginous
1664,votaress
1665,votarist
1666,votary
1667,votaries
1668,vote
1669,voted
1670,voting
1671,voter
1672,votist
1673,votive
1674,votress
1675,vouched
1676,vouching
1677,vouch
1678,vouchee
1679,voucher
1680,vouchment
1681,vouch/or
1682,vouchsafed
1683,vouchsafing
1684,vouchsafe
1685,vouchsafement
1686,voussoir
1687,vow
1688,vowed
1689,vowing
1690,vowel
1691,voweled
1692,vowelish
1693,vowelism
1694,vowelize
1695,vower
1696,vox
1697,voyage
1698,voyaged
1699,voyaging
1700,voyageable
1701,voyager
1702,voyageur
1703,voyol
1704,vraisemblance
1705,vugg
1706,vugh
1707,vulcan
1708,vulcanian
1709,vulcanic
1710,vulcanicity
1711,vulcanism
1712,vulcanist
1713,vulcanite
1714,vulcanization
1715,vulcanized
1716,vulcanizing
1717,vulcanize
1718,vulcanizer
1719,vulcano
1720,vulcanology
1721,vulgar
1722,vulgarian
1723,vulgarism
1724,vulgarity
1725,vulgarization
1726,vulgarized
1727,vulgarizing
1728,vulgarize
1729,vulgarly
1730,vulgarness
1731,vulgate
1732,vulnerability
1733,vulnerable
1734,vulnerableness
1735,vulnerary
1736,vulnerate
1737,vulneration
1738,vulnerose
1739,vulnific
1740,vulnifical
1741,vulnose
1742,vulpes
1743,vulpic
1744,vulpicide
1745,vulpine
1746,vulpinic
1747,vulpinism
1748,vulpinite
1749,vultern
1750,vulture
1751,vulturine
1752,vulturish
1753,vulturism
1754,vulturous
1755,vulva
1756,vulviform
1757,vulvitis
1758,vulvovaginal
1759,vyce
