,X
0,xanthamide
1,xanthate
2,xanthelasma
3,xanthian
4,xanthic
5,xanthide
6,xanthidia
7,xanthidium
8,xanthin
9,xanthinine
10,xanthium
11,xanthocarpous
12,xanthochroi
13,xanthochroic
14,xanthodontous
15,xanthogen
16,xanthogenate
17,xanthogenic
18,xanthoma
19,xanthophane
20,xanthophyll
21,xanthopous
22,xanthoproteic
23,xanthoprotein
24,xanthopuccine
25,xanthorhamnin
26,xanthorhiza
27,xanthorhoea
28,xanthose
29,xanthosis
30,xanthospermous
31,xanthous
32,xanthoxylene
33,xanthoxylum
34,xebec
35,xeme
36,xenelasia
37,xenia
38,xenium
39,xenodochium
40,xenodochy
41,xenogamy
42,xenogenesis
43,xenogenetic
44,xenomania
45,xenomi
46,xenopterygii
47,xenotime
48,xenurine
49,xenyl
50,xenylic
51,xeraphim
52,xeres
53,xerif
54,xeriff
55,xeroderma
56,xeronate
57,xeronic
58,xerophagy
59,xerophilous
60,xerophthalmia
61,xerophthalmy
62,xiphias
63,xiphidium
64,xiphioid
65,xiphiplastra
66,xiphiplastron
67,xiphisterna
68,xiphisternum
69,xiphius
70,xiphodon
71,xiphoid
72,xiphoidian
73,xiphophyllous
74,xiphosura
75,xiphura
76,xylamide
77,xylanthrax
78,xylate
79,xylem
80,xylene
81,xylenol
82,xyletic
83,xylic
84,xylidic
85,xylidine
86,xylindein
87,xylite
88,xylitone
89,xylobalsamum
90,xylocarpous
91,xylocopa
92,xylogen
93,xylograph
94,xylographer
95,xylographic
96,xylographical
97,xylography
98,xyloid
99,xyloidin
100,xylol
101,xylonite
102,xylophaga
103,xylophagan
104,xylophagides
105,xylophagous
106,xylophilan
107,xylophilous
108,xylophone
109,xyloplastic
110,xylopyrography
111,xyloquinone
112,xylorcin
113,xylostein
114,xylotile
115,xylotrya
116,xylyl
117,xylylene
118,xyridaceous
119,xyris
120,xyst
121,xystus
122,xystarch
123,xyster
