,Y,Length
0,ys,2
1,ya,2
2,yacare,6
3,yacca,5
4,yacht,5
5,yachter,7
6,yachting,8
7,yachtman,8
8,yachtsmen,9
9,yachtsman,9
10,yaf,3
11,yaffingale,10
12,yaffle,6
13,yager,5
14,yaguarundi,10
15,yak,3
16,yakamilk,8
17,yakare,6
18,yakin,5
19,yakoots,7
20,yaksha,6
21,yalah,5
22,yam,3
23,yama,4
24,yamma,5
25,yamp,4
26,yang,4
27,yank,4
28,yanked,6
29,yanking,7
30,yankee,6
31,yankeeism,9
32,yaourt,6
33,yap,3
34,yapock,6
35,yapon,5
36,yarage,6
37,yard,4
38,yardarm,7
39,yardfuls,8
40,yardful,7
41,yardland,8
42,yardstick,9
43,yardwand,8
44,yare,4
45,yarely,6
46,yark,4
47,yarke,5
48,yarn,4
49,yarnen,6
50,yarnut,6
51,yarr,4
52,yarrish,7
53,yarrow,6
54,yarwhip,7
55,yataghan,8
56,yate,4
57,yaud,4
58,yaul,4
59,yaulp,5
60,yaup,4
61,yauper,6
62,yaupon,6
63,yawed,5
64,yawing,6
65,yaw,3
66,yawd,4
67,yawl,4
68,yawned,6
69,yawning,7
70,yawn,4
71,yawningly,9
72,yawp,4
73,yaws,4
74,ybe,3
75,ycleped,7
76,ydo,3
77,ydrad,5
78,ye,2
79,yen,3
80,yea,3
81,yead,4
82,yeaned,6
83,yeaning,7
84,yean,4
85,yeanling,8
86,year,4
87,yeara,5
88,yearbook,8
89,yeared,6
90,yearling,8
91,yearly,6
92,yearned,7
93,yearning,8
94,yearn,5
95,yearnful,8
96,yearningly,10
97,yearnings,9
98,yearth,6
99,yeast,5
100,yeastiness,10
101,yeasty,6
102,yedding,7
103,yede,4
104,yeel,4
105,yeldhall,8
106,yeldrin,7
107,yeldrine,8
108,yelk,4
109,yelled,6
110,yelling,7
111,yell,4
112,yellow,6
113,yellowed,8
114,yellowing,9
115,yellowammer,11
116,yellowbill,10
117,yellowbird,10
118,yellowfin,9
119,yellowfish,10
120,yellowhammer,12
121,yellowish,9
122,yellowlegs,10
123,yellowness,10
124,yellowroot,10
125,yellows,7
126,yellowseed,10
127,yellowshanks,12
128,yellowshins,11
129,yellowtail,10
130,yellowthroat,12
131,yellowtop,9
132,yellowwood,10
133,yellowwort,10
134,yelped,6
135,yelping,7
136,yelp,4
137,yelper,6
138,yeman,5
139,yend,4
140,yenite,6
141,yeomen,6
142,yeoman,6
143,yeomanlike,10
144,yeomanly,8
145,yeomanry,8
146,yeorling,8
147,yer,3
148,yerba,5
149,yerd,4
150,yerked,6
151,yerking,7
152,yerk,4
153,yern,4
154,yerne,5
155,yernut,6
156,yerst,5
157,yes,3
158,yest,4
159,yester,6
160,yesterday,9
161,yestereve,9
162,yestermorn,10
163,yestern,7
164,yesternight,11
165,yesternoon,10
166,yesterweek,10
167,yesteryear,10
168,yestreen,8
169,yesty,5
170,yet,3
171,yeve,4
172,yeven,5
173,yew,3
174,yewen,5
175,yex,3
176,yezdegerdian,12
177,yezdi,5
178,yezidee,7
179,yezidi,6
180,yfere,5
181,ygdrasyl,8
182,yghe,4
183,ygo,3
184,yground,7
185,yholde,6
186,yielded,7
187,yold,4
188,yielding,8
189,yield,5
190,yieldable,9
191,yieldance,9
192,yielder,7
193,yieldless,9
194,yift,4
195,yin,3
196,yis,3
197,yit,3
198,yite,4
199,yive,4
200,yle,3
201,yliche,6
202,ylike,5
203,yllanraton,10
204,ymaked,6
205,ymel,4
206,ynambu,6
207,ynough,6
208,ynow,4
209,yockel,6
210,yode,4
211,yodeled,7
212,yodled,6
213,yodeling,8
214,yodling,7
215,yodel,5
216,yodle,5
217,yodler,6
218,yoga,4
219,yogi,4
220,yoicks,6
221,yoit,4
222,yojan,5
223,yoke,4
224,yoked,5
225,yoking,6
226,yokeage,7
227,yokefellow,10
228,yokel,5
229,yokelet,7
230,yokemate,8
231,yolden,6
232,yolk,4
233,yoll,4
234,yon,3
235,yoncopin,8
236,yond,4
237,yonder,6
238,yoni,4
239,yonker,6
240,yore,4
241,yorker,6
242,yorkshire,9
243,yot,3
244,yote,4
245,you,3
246,youl,4
247,young,5
248,youngger,8
249,youngish,8
250,youngling,9
251,youngly,7
252,youngness,9
253,youngster,9
254,youngth,7
255,youngthly,9
256,younker,7
257,youpon,6
258,your,4
259,yours,5
260,yourselves,10
261,yourself,8
262,youths,6
263,youth,5
264,youthful,8
265,youthhood,9
266,youthly,7
267,youthsome,9
268,youthy,6
269,youze,5
270,yow,3
271,yowe,4
272,yowl,4
273,yowley,6
274,yox,3
275,ypight,6
276,ypocras,7
277,ypsiliform,10
278,ypsiloid,8
279,yraft,5
280,yren,4
281,yronne,6
282,ysame,5
283,yt,2
284,ythrowe,7
285,ytterbic,8
286,ytterbium,9
287,yttria,6
288,yttric,6
289,yttriferous,11
290,yttrious,8
291,yttrium,7
292,yu,2
293,yucca,5
294,yuck,4
295,yuckel,6
296,yuen,4
297,yufts,5
298,yug,3
299,yuga,4
300,yuke,4
301,yulan,5
302,yule,4
303,yuletide,8
304,yumas,5
305,yunx,4
306,yupon,5
307,yux,3
308,yvel,4
309,ywar,4
310,ywis,4
