,Z
0,za
1,zabaism
2,zabism
3,zabian
4,zacco
5,zachun
6,zaerthe
7,zaffer
8,zaim
9,zaimet
10,zain
11,zalambdodont
12,zamang
13,zambos
14,zambo
15,zamia
16,zamindar
17,zamindary
18,zamindari
19,zamite
20,zamouse
21,zampogna
22,zander
23,zandmole
24,zante
25,zantewood
26,zantiot
27,zanies
28,zany
29,zanyism
30,zaphara
31,zaphrentis
32,zapotilla
33,zaptiah
34,zarathustrian
35,zarathustric
36,zarathustrism
37,zaratite
38,zareba
39,zarnich
40,zarthe
41,zati
42,zauschneria
43,zax
44,zayat
45,zea
46,zeal
47,zealant
48,zealed
49,zealful
50,zealless
51,zealot
52,zealotical
53,zealotism
54,zealotist
55,zealotry
56,zealous
57,zebec
58,zebra
59,zebrawood
60,zebrine
61,zebu
62,zebub
63,zechin
64,zechstein
65,zed
66,zedoary
67,zeekoe
68,zehner
69,zein
70,zemindar
71,zemindary
72,zemindari
73,zemni
74,zenana
75,zend
76,zendik
77,zenick
78,zenik
79,zenith
80,zenithal
81,zeolite
82,zeolitic
83,zeolitiform
84,zephyr
85,zephyrus
86,zequin
87,zerda
88,zeriba
89,zeros
90,zeroes
91,zero
92,zest
93,zested
94,zesting
95,zeta
96,zetetic
97,zetetics
98,zeuglodon
99,zeuglodont
100,zeuglodonta
101,zeugma
102,zeugmatic
103,zeugobranchiata
104,zeus
105,zeuzerian
106,zeylanite
107,zibet
108,zibeth
109,ziega
110,zietrisikite
111,zif
112,zigger
113,zighyr
114,zigzag
115,zigzagged
116,zigzagging
117,zigzaggery
118,zigzaggy
119,zilla
120,zillah
121,zimb
122,zinc
123,zincked
124,zinced
125,zincking
126,zincing
127,zincane
128,zincic
129,zincide
130,zinciferous
131,zincification
132,zincify
133,zincite
134,zincky
135,zincode
136,zincographer
137,zincongraphic
138,zincongraphical
139,zincography
140,zincoid
141,zincous
142,zingari
143,zingaro
144,zingel
145,zingiberaceous
146,zink
147,zinkenite
148,zinky
149,zinnia
150,zinnwaldite
151,zinsang
152,zinziberaceous
153,zion
154,ziphioid
155,zircofluoride
156,zircon
157,zircona
158,zirconate
159,zirconia
160,zirconic
161,zirconium
162,zircono
163,zirconoid
164,zither
165,zittern
166,zizania
167,zizel
168,zoanthacea
169,zoantharia
170,zoantharian
171,zoanthodeme
172,zoanthoid
173,zoanthropy
174,zoanthus
175,zobo
176,zocle
177,zocco
178,zoccolo
179,zodiac
180,zodiacal
181,zoea
182,zoetrope
183,zohar
184,zoic
185,zoide
186,zoilean
187,zoilism
188,zoisite
189,zokor
190,zollverein
191,zomboruk
192,zonae
193,zona
194,zonal
195,zonar
196,zonaria
197,zonate
198,zone
199,zoned
200,zoneless
201,zonnar
202,zonular
203,zonule
204,zonulet
205,zonure
206,zoochemical
207,zoochemistry
208,zoochemy
209,zoochlorella
210,zoocyst
211,zoocytia
212,zoocytium
213,zoodendria
214,zoodendrium
215,zooecia
216,zooecium
217,zooerythrine
218,zoogamous
219,zoogamy
220,zoogenic
221,zoogeny
222,zoogony
223,zoogeography
224,zoogeographical
225,zoogloea
226,zoographer
227,zoographic
228,zoographical
229,zoographist
230,zoography
231,zooid
232,zooidal
233,zoolatry
234,zoologer
235,zoological
236,zoologically
237,zoologist
238,zoologies
239,zoology
240,zoomelanin
241,zoomorphic
242,zoomorphism
243,zoa
244,zoon
245,zoonic
246,zoonite
247,zoonomy
248,zoonule
249,zoopathology
250,zoophaga
251,zoophagan
252,zoophagous
253,zoophilist
254,zoophily
255,zoophite
256,zoophoric
257,zoophorous
258,zoophyta
259,zoophyte
260,zoophytic
261,zoophytical
262,zoophytoid
263,zoophytological
264,zoophytology
265,zoopraxiscope
266,zoopsychology
267,zoosperm
268,zoosporangium
269,zoospore
270,zoosporic
271,zootic
272,zootomical
273,zootomist
274,zootomy
275,zootrophic
276,zoozoo
277,zope
278,zopilote
279,zoril
280,zorilla
281,zoroastrian
282,zoroastrianism
283,zoroastrism
284,zoster
285,zostera
286,zosterops
287,zouave
288,zounds
289,zoutch
290,zubr
291,zuche
292,zuchetto
293,zufolo
294,zuisin
295,zulus
296,zumbooruk
297,zumic
298,zumological
299,zumology
300,zumometer
301,zu/is
302,zunyite
303,zwanziger
304,zygantra
305,zygantrum
306,zygapophyses
307,zygapophysis
308,zygenid
309,zygobranchia
310,zygobranchiate
311,zygodactyl
312,zygodactyle
313,zygodactylae
314,zygodactyli
315,zygodactylic
316,zygodactylous
317,zygoma
318,zygomatic
319,zygomorphic
320,zygomorphous
321,zyophyte
322,zygosis
323,zygosperm
324,zygosphene
325,zygospore
326,zylonite
327,zymase
328,zyme
329,zymic
330,zymogen
331,zymogene
332,zymogenic
333,zymologic
334,zymological
335,zymologist
336,zymology
337,zymome
338,zymometer
339,zymosimeter
340,zymophyte
341,zymose
342,zymosis
343,zymotic
344,zythem
345,zythepsary
346,zythum
